training_id,employee_id,training_name,category,training_hours,start_date,completion_date,completion_status,assessment_score
TRN0001,EMP000,정보보안,Compliance,8,2017-11-15,2017-11-19,수료,94.1
TRN0002,EMP000,SQL 데이터베이스,Technical,16,2016-01-11,2016-01-19,수료,94.4
TRN0003,EMP000,데이터 분석 실무,Technical,24,2023-02-21,2023-03-05,수료,83.3
TRN0004,EMP000,프로젝트 관리 실무,Management,20,2018-09-15,2018-09-25,수료,93.1
TRN0005,EMP000,효과적인 커뮤니케이션,Soft Skill,8,2017-11-12,2017-11-16,미수료,83.8
TRN0006,DIV001,Python 기초,Technical,16,2021-06-03,2021-06-11,수료,99.8
TRN0007,DIV001,클라우드 컴퓨팅,Technical,24,2017-12-30,2018-01-11,수료,82.4
TRN0008,DIV001,SQL 데이터베이스,Technical,16,2020-10-04,2020-10-12,수료,70.3
TRN0009,DIV001,효과적인 커뮤니케이션,Soft Skill,8,2018-09-30,2018-10-04,수료,72.8
TRN0010,DIV001,Python 심화,Technical,24,2020-07-05,2020-07-17,수료,97.9
TRN0011,DIV002,협업 스킬 향상,Soft Skill,8,2019-06-02,2019-06-06,수료,92.4
TRN0012,DIV002,AI/ML 기초,Technical,32,2018-07-13,2018-07-29,수료,76.0
TRN0013,DIV002,리더십 기본,Leadership,16,2019-02-11,2019-02-19,수료,76.2
TRN0014,DIV002,디자인 씽킹,Soft Skill,16,2018-09-03,2018-09-11,수료,95.1
TRN0015,DIV002,애자일 방법론,Management,16,2020-05-23,2020-05-31,수료,73.2
TRN0016,DIV003,클라우드 컴퓨팅,Technical,24,2024-03-28,2024-04-09,수료,98.7
TRN0017,DIV003,Python 기초,Technical,16,2021-01-28,2021-02-05,수료,79.5
TRN0018,TL001,프로젝트 관리 실무,Management,20,2022-10-14,2022-10-24,수료,87.3
TRN0019,TL001,클라우드 컴퓨팅,Technical,24,2020-11-09,2020-11-21,수료,82.7
TRN0020,TL001,프레젠테이션 스킬,Soft Skill,8,2023-08-03,2023-08-07,수료,80.4
TRN0021,TL001,AI/ML 실무,Technical,40,2021-07-14,2021-08-03,수료,73.6
TRN0022,TL001,개인정보보호,Compliance,4,2023-06-18,2023-06-20,수료,90.7
TRN0023,TL001,효과적인 커뮤니케이션,Soft Skill,8,2020-08-15,2020-08-19,수료,81.4
TRN0024,TL002,협업 스킬 향상,Soft Skill,8,2022-10-20,2022-10-24,수료,75.6
TRN0025,TL002,AI/ML 기초,Technical,32,2018-11-17,2018-12-03,수료,84.1
TRN0026,TL003,협업 스킬 향상,Soft Skill,8,2021-11-08,2021-11-12,수료,81.2
TRN0027,TL003,AI/ML 기초,Technical,32,2021-08-24,2021-09-09,수료,75.4
TRN0028,TL003,프레젠테이션 스킬,Soft Skill,8,2018-08-17,2018-08-21,미수료,90.6
TRN0029,TL003,리더십 심화,Leadership,20,2018-04-11,2018-04-21,수료,94.1
TRN0030,TL003,리더십 기본,Leadership,16,2023-05-20,2023-05-28,수료,81.4
TRN0031,TL003,SQL 데이터베이스,Technical,16,2018-10-16,2018-10-24,수료,92.2
TRN0032,TL004,Python 기초,Technical,16,2023-10-22,2023-10-30,수료,79.5
TRN0033,TL004,프레젠테이션 스킬,Soft Skill,8,2023-06-20,2023-06-24,수료,86.9
TRN0034,TL004,문제해결 기법,Soft Skill,12,2024-05-17,2024-05-23,수료,73.0
TRN0035,TL004,리더십 심화,Leadership,20,2019-11-04,2019-11-14,수료,94.4
TRN0036,TL004,데이터 분석 실무,Technical,24,2023-05-09,2023-05-21,수료,72.9
TRN0037,TL005,협업 스킬 향상,Soft Skill,8,2020-06-14,2020-06-18,수료,73.6
TRN0038,TL005,프로젝트 관리 실무,Management,20,2024-03-19,2024-03-29,미수료,76.0
TRN0039,TL005,AI/ML 기초,Technical,32,2023-01-19,2023-02-04,수료,86.2
TRN0040,TL005,프레젠테이션 스킬,Soft Skill,8,2019-10-14,2019-10-18,수료,90.2
TRN0041,TL005,정보보안,Compliance,8,2022-01-22,2022-01-26,수료,83.4
TRN0042,TL005,문제해결 기법,Soft Skill,12,2017-06-22,2017-06-28,수료,78.6
TRN0043,TL005,효과적인 커뮤니케이션,Soft Skill,8,2023-09-05,2023-09-09,미수료,96.0
TRN0044,TL006,협업 스킬 향상,Soft Skill,8,2019-08-04,2019-08-08,수료,79.5
TRN0045,TL006,문제해결 기법,Soft Skill,12,2019-01-02,2019-01-08,수료,88.2
TRN0046,TL006,AI/ML 실무,Technical,40,2020-03-03,2020-03-23,수료,83.3
TRN0047,TL006,정보보안,Compliance,8,2019-10-23,2019-10-27,수료,85.6
TRN0048,TL006,Python 심화,Technical,24,2020-10-14,2020-10-26,수료,75.5
TRN0049,TL006,디자인 씽킹,Soft Skill,16,2015-12-30,2016-01-07,수료,77.0
TRN0050,TL006,데이터 분석 실무,Technical,24,2018-07-23,2018-08-04,수료,91.0
TRN0051,TL007,리더십 기본,Leadership,16,2019-03-26,2019-04-03,수료,71.9
TRN0052,TL007,프레젠테이션 스킬,Soft Skill,8,2020-02-01,2020-02-05,수료,70.8
TRN0053,TL008,정보보안,Compliance,8,2020-05-19,2020-05-23,수료,97.9
TRN0054,TL008,데이터 분석 실무,Technical,24,2021-09-11,2021-09-23,수료,77.4
TRN0055,TL008,SQL 데이터베이스,Technical,16,2021-02-06,2021-02-14,수료,73.8
TRN0056,TL008,효과적인 커뮤니케이션,Soft Skill,8,2022-06-18,2022-06-22,수료,70.9
TRN0057,TL008,애자일 방법론,Management,16,2023-03-25,2023-04-02,수료,97.5
TRN0058,TL009,클라우드 컴퓨팅,Technical,24,2018-05-11,2018-05-23,수료,83.7
TRN0059,TL009,디자인 씽킹,Soft Skill,16,2023-07-03,2023-07-11,수료,83.0
TRN0060,TL009,프로젝트 관리 실무,Management,20,2023-07-19,2023-07-29,수료,79.3
TRN0061,TL009,개인정보보호,Compliance,4,2020-04-07,2020-04-09,수료,76.8
TRN0062,TL009,리더십 심화,Leadership,20,2017-05-17,2017-05-27,수료,81.0
TRN0063,TL009,데이터 분석 실무,Technical,24,2019-04-15,2019-04-27,수료,70.3
TRN0064,TL009,AI/ML 기초,Technical,32,2022-03-29,2022-04-14,수료,95.4
TRN0065,TL009,정보보안,Compliance,8,2020-03-24,2020-03-28,수료,86.1
TRN0066,TL010,클라우드 컴퓨팅,Technical,24,2022-04-02,2022-04-14,수료,70.2
TRN0067,TL010,개인정보보호,Compliance,4,2019-09-30,2019-10-02,수료,96.5
TRN0068,TL010,애자일 방법론,Management,16,2020-06-16,2020-06-24,수료,74.9
TRN0069,TL010,Python 기초,Technical,16,2023-10-28,2023-11-05,수료,94.9
TRN0070,TL010,AI/ML 실무,Technical,40,2018-01-11,2018-01-31,수료,82.7
TRN0071,TL010,리더십 기본,Leadership,16,2018-03-30,2018-04-07,수료,94.0
TRN0072,TL010,효과적인 커뮤니케이션,Soft Skill,8,2022-06-07,2022-06-11,수료,90.5
TRN0073,EMP001,개인정보보호,Compliance,4,2024-07-28,2024-07-30,수료,72.1
TRN0074,EMP001,프로젝트 관리 실무,Management,20,2024-03-08,2024-03-18,수료,89.1
TRN0075,EMP004,프로젝트 관리 실무,Management,20,2021-10-15,2021-10-25,수료,86.0
TRN0076,EMP004,클라우드 컴퓨팅,Technical,24,2021-11-19,2021-12-01,미수료,78.5
TRN0077,EMP004,리더십 기본,Leadership,16,2021-09-18,2021-09-26,수료,91.8
TRN0078,EMP004,프레젠테이션 스킬,Soft Skill,8,2022-01-06,2022-01-10,수료,70.4
TRN0079,EMP004,Python 기초,Technical,16,2021-12-21,2021-12-29,수료,79.3
TRN0080,EMP005,클라우드 컴퓨팅,Technical,24,2024-01-06,2024-01-18,수료,71.0
TRN0081,EMP005,AI/ML 기초,Technical,32,2023-06-24,2023-07-10,수료,98.5
TRN0082,EMP007,AI/ML 실무,Technical,40,2020-09-26,2020-10-16,수료,77.5
TRN0083,EMP007,데이터 분석 실무,Technical,24,2022-11-10,2022-11-22,수료,73.7
TRN0084,EMP007,클라우드 컴퓨팅,Technical,24,2021-05-16,2021-05-28,수료,99.2
TRN0085,EMP007,정보보안,Compliance,8,2021-05-09,2021-05-13,수료,71.0
TRN0086,EMP008,SQL 데이터베이스,Technical,16,2022-03-11,2022-03-19,수료,74.8
TRN0087,EMP008,정보보안,Compliance,8,2020-09-04,2020-09-08,수료,86.5
TRN0088,EMP008,리더십 기본,Leadership,16,2021-02-15,2021-02-23,수료,89.2
TRN0089,EMP008,리더십 심화,Leadership,20,2021-07-21,2021-07-31,수료,71.6
TRN0090,EMP008,클라우드 컴퓨팅,Technical,24,2024-03-06,2024-03-18,수료,73.4
TRN0091,EMP009,문제해결 기법,Soft Skill,12,2018-05-24,2018-05-30,수료,77.3
TRN0092,EMP009,협업 스킬 향상,Soft Skill,8,2017-07-10,2017-07-14,수료,90.7
TRN0093,EMP009,Python 기초,Technical,16,2024-10-08,2024-10-16,수료,81.1
TRN0094,EMP009,데이터 분석 실무,Technical,24,2018-01-20,2018-02-01,수료,85.0
TRN0095,EMP009,AI/ML 실무,Technical,40,2024-09-28,2024-10-18,수료,97.9
TRN0096,EMP009,효과적인 커뮤니케이션,Soft Skill,8,2024-01-23,2024-01-27,수료,80.7
TRN0097,EMP009,애자일 방법론,Management,16,2018-10-11,2018-10-19,수료,93.7
TRN0098,EMP010,클라우드 컴퓨팅,Technical,24,2024-05-20,2024-06-01,수료,89.3
TRN0099,EMP010,리더십 심화,Leadership,20,2022-08-09,2022-08-19,수료,83.2
TRN0100,EMP010,협업 스킬 향상,Soft Skill,8,2022-03-04,2022-03-08,수료,81.3
TRN0101,EMP011,효과적인 커뮤니케이션,Soft Skill,8,2018-11-14,2018-11-18,수료,84.7
TRN0102,EMP011,프로젝트 관리 실무,Management,20,2021-12-02,2021-12-12,수료,80.4
TRN0103,EMP011,Python 심화,Technical,24,2023-10-11,2023-10-23,수료,96.0
TRN0104,EMP011,리더십 심화,Leadership,20,2022-04-12,2022-04-22,수료,86.6
TRN0105,EMP011,AI/ML 기초,Technical,32,2016-05-03,2016-05-19,수료,83.5
TRN0106,EMP011,디자인 씽킹,Soft Skill,16,2018-07-08,2018-07-16,수료,83.6
TRN0107,EMP011,정보보안,Compliance,8,2024-04-07,2024-04-11,수료,81.4
TRN0108,EMP012,Python 기초,Technical,16,2022-08-26,2022-09-03,수료,89.7
TRN0109,EMP012,AI/ML 기초,Technical,32,2023-05-27,2023-06-12,수료,90.5
TRN0110,EMP012,리더십 심화,Leadership,20,2020-10-13,2020-10-23,수료,79.7
TRN0111,EMP013,협업 스킬 향상,Soft Skill,8,2022-08-14,2022-08-18,수료,98.1
TRN0112,EMP013,SQL 데이터베이스,Technical,16,2022-12-06,2022-12-14,수료,76.1
TRN0113,EMP013,정보보안,Compliance,8,2023-10-17,2023-10-21,수료,71.0
TRN0114,EMP013,프로젝트 관리 실무,Management,20,2023-07-09,2023-07-19,수료,85.8
TRN0115,EMP014,프로젝트 관리 실무,Management,20,2022-03-24,2022-04-03,수료,97.6
TRN0116,EMP014,Python 심화,Technical,24,2023-11-13,2023-11-25,수료,96.7
TRN0117,EMP014,AI/ML 기초,Technical,32,2022-04-02,2022-04-18,수료,89.2
TRN0118,EMP014,SQL 데이터베이스,Technical,16,2023-01-15,2023-01-23,수료,98.1
TRN0119,EMP014,애자일 방법론,Management,16,2023-03-12,2023-03-20,수료,93.8
TRN0120,EMP014,클라우드 컴퓨팅,Technical,24,2022-03-11,2022-03-23,수료,78.0
TRN0121,EMP015,데이터 분석 실무,Technical,24,2017-03-12,2017-03-24,수료,98.8
TRN0122,EMP015,애자일 방법론,Management,16,2017-05-29,2017-06-06,수료,76.9
TRN0123,EMP016,리더십 기본,Leadership,16,2024-08-28,2024-09-05,수료,92.5
TRN0124,EMP016,개인정보보호,Compliance,4,2023-03-02,2023-03-04,수료,93.0
TRN0125,EMP016,리더십 심화,Leadership,20,2023-08-14,2023-08-24,수료,83.8
TRN0126,EMP016,애자일 방법론,Management,16,2023-11-13,2023-11-21,수료,73.1
TRN0127,EMP016,협업 스킬 향상,Soft Skill,8,2024-03-22,2024-03-26,수료,82.0
TRN0128,EMP017,프레젠테이션 스킬,Soft Skill,8,2023-10-19,2023-10-23,수료,86.5
TRN0129,EMP017,디자인 씽킹,Soft Skill,16,2023-10-05,2023-10-13,수료,82.4
TRN0130,EMP018,문제해결 기법,Soft Skill,12,2023-06-10,2023-06-16,수료,77.6
TRN0131,EMP018,협업 스킬 향상,Soft Skill,8,2022-11-22,2022-11-26,수료,81.9
TRN0132,EMP018,리더십 심화,Leadership,20,2020-07-19,2020-07-29,미수료,87.9
TRN0133,EMP018,애자일 방법론,Management,16,2023-04-05,2023-04-13,수료,96.7
TRN0134,EMP018,프로젝트 관리 실무,Management,20,2020-05-23,2020-06-02,수료,76.7
TRN0135,EMP018,SQL 데이터베이스,Technical,16,2022-02-13,2022-02-21,수료,94.7
TRN0136,EMP018,리더십 기본,Leadership,16,2021-11-26,2021-12-04,수료,85.3
TRN0137,EMP019,효과적인 커뮤니케이션,Soft Skill,8,2020-10-02,2020-10-06,수료,96.7
TRN0138,EMP019,SQL 데이터베이스,Technical,16,2021-05-18,2021-05-26,수료,94.3
TRN0139,EMP019,Python 심화,Technical,24,2020-06-29,2020-07-11,수료,87.1
TRN0140,EMP019,리더십 심화,Leadership,20,2021-03-13,2021-03-23,수료,91.7
TRN0141,EMP019,프레젠테이션 스킬,Soft Skill,8,2024-06-03,2024-06-07,수료,84.6
TRN0142,EMP019,데이터 분석 실무,Technical,24,2023-11-05,2023-11-17,수료,94.6
TRN0143,EMP020,애자일 방법론,Management,16,2024-03-21,2024-03-29,수료,81.4
TRN0144,EMP020,Python 심화,Technical,24,2024-06-30,2024-07-12,수료,93.1
TRN0145,EMP021,문제해결 기법,Soft Skill,12,2024-01-30,2024-02-05,수료,76.8
TRN0146,EMP021,개인정보보호,Compliance,4,2023-12-05,2023-12-07,수료,89.0
TRN0147,EMP022,애자일 방법론,Management,16,2020-10-29,2020-11-06,수료,86.9
TRN0148,EMP022,정보보안,Compliance,8,2022-06-06,2022-06-10,수료,76.6
TRN0149,EMP023,AI/ML 실무,Technical,40,2024-01-25,2024-02-14,수료,72.7
TRN0150,EMP023,디자인 씽킹,Soft Skill,16,2023-08-11,2023-08-19,수료,81.8
TRN0151,EMP024,협업 스킬 향상,Soft Skill,8,2024-02-05,2024-02-09,수료,71.5
TRN0152,EMP024,데이터 분석 실무,Technical,24,2023-12-28,2024-01-09,수료,82.0
TRN0153,EMP025,효과적인 커뮤니케이션,Soft Skill,8,2024-11-23,2024-11-27,수료,84.6
TRN0154,EMP025,개인정보보호,Compliance,4,2024-06-30,2024-07-02,수료,99.9
TRN0155,EMP026,리더십 심화,Leadership,20,2022-09-08,2022-09-18,수료,87.3
TRN0156,EMP026,개인정보보호,Compliance,4,2021-07-03,2021-07-05,수료,82.7
TRN0157,EMP026,데이터 분석 실무,Technical,24,2022-10-29,2022-11-10,수료,80.3
TRN0158,EMP026,효과적인 커뮤니케이션,Soft Skill,8,2024-07-19,2024-07-23,수료,79.1
TRN0159,EMP026,AI/ML 실무,Technical,40,2022-11-01,2022-11-21,수료,99.7
TRN0160,EMP026,리더십 기본,Leadership,16,2023-05-09,2023-05-17,수료,83.2
TRN0161,EMP027,리더십 심화,Leadership,20,2024-05-02,2024-05-12,수료,98.5
TRN0162,EMP027,리더십 기본,Leadership,16,2017-09-11,2017-09-19,수료,94.6
TRN0163,EMP027,AI/ML 기초,Technical,32,2016-03-12,2016-03-28,수료,94.1
TRN0164,EMP027,데이터 분석 실무,Technical,24,2019-06-18,2019-06-30,수료,70.7
TRN0165,EMP027,AI/ML 실무,Technical,40,2018-05-21,2018-06-10,수료,76.4
TRN0166,EMP027,클라우드 컴퓨팅,Technical,24,2022-03-03,2022-03-15,수료,77.8
TRN0167,EMP027,Python 심화,Technical,24,2021-06-16,2021-06-28,수료,99.8
TRN0168,EMP027,문제해결 기법,Soft Skill,12,2023-11-02,2023-11-08,수료,70.6
TRN0169,EMP028,정보보안,Compliance,8,2017-10-01,2017-10-05,수료,88.5
TRN0170,EMP028,Python 심화,Technical,24,2016-02-04,2016-02-16,수료,98.4
TRN0171,EMP028,프로젝트 관리 실무,Management,20,2016-03-30,2016-04-09,수료,78.1
TRN0172,EMP028,데이터 분석 실무,Technical,24,2022-11-25,2022-12-07,수료,73.2
TRN0173,EMP028,Python 기초,Technical,16,2018-10-12,2018-10-20,수료,89.5
TRN0174,EMP028,효과적인 커뮤니케이션,Soft Skill,8,2018-02-02,2018-02-06,미수료,85.3
TRN0175,EMP029,SQL 데이터베이스,Technical,16,2021-03-01,2021-03-09,수료,99.0
TRN0176,EMP029,협업 스킬 향상,Soft Skill,8,2023-04-07,2023-04-11,수료,70.6
TRN0177,EMP029,클라우드 컴퓨팅,Technical,24,2021-07-04,2021-07-16,수료,79.1
TRN0178,EMP029,문제해결 기법,Soft Skill,12,2022-11-13,2022-11-19,수료,74.7
TRN0179,EMP029,애자일 방법론,Management,16,2022-01-24,2022-02-01,수료,80.7
TRN0180,EMP029,프로젝트 관리 실무,Management,20,2021-10-25,2021-11-04,수료,99.3
TRN0181,EMP029,Python 심화,Technical,24,2022-12-06,2022-12-18,수료,71.9
TRN0182,EMP030,AI/ML 실무,Technical,40,2023-03-09,2023-03-29,수료,81.8
TRN0183,EMP030,Python 기초,Technical,16,2023-02-22,2023-03-02,수료,81.5
TRN0184,EMP030,프로젝트 관리 실무,Management,20,2024-06-23,2024-07-03,수료,90.6
TRN0185,EMP030,SQL 데이터베이스,Technical,16,2023-12-06,2023-12-14,수료,74.6
TRN0186,EMP031,협업 스킬 향상,Soft Skill,8,2023-09-25,2023-09-29,수료,86.2
TRN0187,EMP031,디자인 씽킹,Soft Skill,16,2024-02-23,2024-03-02,수료,74.1
TRN0188,EMP031,효과적인 커뮤니케이션,Soft Skill,8,2023-11-01,2023-11-05,수료,85.7
TRN0189,EMP031,SQL 데이터베이스,Technical,16,2022-04-13,2022-04-21,수료,97.3
TRN0190,EMP032,효과적인 커뮤니케이션,Soft Skill,8,2021-05-20,2021-05-24,수료,96.4
TRN0191,EMP032,프레젠테이션 스킬,Soft Skill,8,2020-07-07,2020-07-11,수료,96.4
TRN0192,EMP032,협업 스킬 향상,Soft Skill,8,2022-09-02,2022-09-06,미수료,79.1
TRN0193,EMP032,Python 심화,Technical,24,2023-12-03,2023-12-15,수료,78.2
TRN0194,EMP032,프로젝트 관리 실무,Management,20,2021-05-27,2021-06-06,수료,75.5
TRN0195,EMP032,문제해결 기법,Soft Skill,12,2023-10-13,2023-10-19,수료,88.2
TRN0196,EMP032,AI/ML 기초,Technical,32,2023-10-14,2023-10-30,수료,77.0
TRN0197,EMP032,디자인 씽킹,Soft Skill,16,2020-06-30,2020-07-08,수료,90.6
TRN0198,EMP033,효과적인 커뮤니케이션,Soft Skill,8,2021-10-22,2021-10-26,수료,81.6
TRN0199,EMP033,정보보안,Compliance,8,2022-12-05,2022-12-09,수료,75.8
TRN0200,EMP033,클라우드 컴퓨팅,Technical,24,2017-12-23,2018-01-04,수료,99.1
TRN0201,EMP033,AI/ML 기초,Technical,32,2020-08-22,2020-09-07,미수료,76.7
TRN0202,EMP033,협업 스킬 향상,Soft Skill,8,2019-11-21,2019-11-25,수료,72.0
TRN0203,EMP034,클라우드 컴퓨팅,Technical,24,2023-12-23,2024-01-04,수료,82.8
TRN0204,EMP034,협업 스킬 향상,Soft Skill,8,2023-05-24,2023-05-28,수료,94.7
TRN0205,EMP035,협업 스킬 향상,Soft Skill,8,2018-12-02,2018-12-06,수료,77.4
TRN0206,EMP035,AI/ML 실무,Technical,40,2022-11-18,2022-12-08,미수료,71.2
TRN0207,EMP035,Python 심화,Technical,24,2022-10-15,2022-10-27,수료,88.9
TRN0208,EMP035,프로젝트 관리 실무,Management,20,2018-12-30,2019-01-09,수료,83.2
TRN0209,EMP035,클라우드 컴퓨팅,Technical,24,2021-11-10,2021-11-22,수료,78.6
TRN0210,EMP035,리더십 심화,Leadership,20,2020-04-23,2020-05-03,수료,88.4
TRN0211,EMP035,정보보안,Compliance,8,2019-01-21,2019-01-25,수료,97.1
TRN0212,EMP036,디자인 씽킹,Soft Skill,16,2024-04-22,2024-04-30,수료,90.9
TRN0213,EMP036,데이터 분석 실무,Technical,24,2019-04-06,2019-04-18,수료,79.7
TRN0214,EMP036,SQL 데이터베이스,Technical,16,2018-01-09,2018-01-17,수료,87.7
TRN0215,EMP036,정보보안,Compliance,8,2020-01-04,2020-01-08,수료,72.7
TRN0216,EMP036,AI/ML 실무,Technical,40,2021-05-18,2021-06-07,수료,97.2
TRN0217,EMP037,프레젠테이션 스킬,Soft Skill,8,2024-04-07,2024-04-11,수료,83.5
TRN0218,EMP037,SQL 데이터베이스,Technical,16,2024-08-24,2024-09-01,수료,91.2
TRN0219,EMP038,정보보안,Compliance,8,2019-10-25,2019-10-29,수료,89.8
TRN0220,EMP038,프레젠테이션 스킬,Soft Skill,8,2017-09-27,2017-10-01,수료,74.3
TRN0221,EMP038,AI/ML 실무,Technical,40,2024-09-06,2024-09-26,수료,82.6
TRN0222,EMP038,프로젝트 관리 실무,Management,20,2019-07-12,2019-07-22,수료,98.8
TRN0223,EMP038,리더십 기본,Leadership,16,2019-04-18,2019-04-26,수료,73.5
TRN0224,EMP038,Python 기초,Technical,16,2017-07-13,2017-07-21,미수료,70.1
TRN0225,EMP038,데이터 분석 실무,Technical,24,2024-08-22,2024-09-03,수료,83.8
TRN0226,EMP039,클라우드 컴퓨팅,Technical,24,2023-08-06,2023-08-18,수료,84.3
TRN0227,EMP039,Python 기초,Technical,16,2024-02-19,2024-02-27,수료,88.0
TRN0228,EMP039,개인정보보호,Compliance,4,2023-01-02,2023-01-04,수료,86.4
TRN0229,EMP039,SQL 데이터베이스,Technical,16,2024-09-21,2024-09-29,수료,94.6
TRN0230,EMP040,Python 심화,Technical,24,2017-08-14,2017-08-26,수료,71.1
TRN0231,EMP040,프레젠테이션 스킬,Soft Skill,8,2017-05-13,2017-05-17,수료,95.1
TRN0232,EMP040,효과적인 커뮤니케이션,Soft Skill,8,2020-05-07,2020-05-11,수료,72.6
TRN0233,EMP041,문제해결 기법,Soft Skill,12,2017-10-22,2017-10-28,수료,88.3
TRN0234,EMP041,프레젠테이션 스킬,Soft Skill,8,2023-10-03,2023-10-07,수료,87.2
TRN0235,EMP042,프레젠테이션 스킬,Soft Skill,8,2022-06-30,2022-07-04,수료,96.9
TRN0236,EMP042,디자인 씽킹,Soft Skill,16,2019-11-25,2019-12-03,수료,95.3
TRN0237,EMP042,AI/ML 기초,Technical,32,2019-11-13,2019-11-29,수료,74.0
TRN0238,EMP042,정보보안,Compliance,8,2022-03-21,2022-03-25,수료,82.4
TRN0239,EMP042,Python 기초,Technical,16,2021-06-29,2021-07-07,수료,88.4
TRN0240,EMP042,Python 심화,Technical,24,2020-05-13,2020-05-25,수료,99.4
TRN0241,EMP043,데이터 분석 실무,Technical,24,2021-04-23,2021-05-05,수료,99.9
TRN0242,EMP043,클라우드 컴퓨팅,Technical,24,2021-11-02,2021-11-14,수료,88.4
TRN0243,EMP043,애자일 방법론,Management,16,2022-08-21,2022-08-29,수료,89.0
TRN0244,EMP043,리더십 기본,Leadership,16,2022-08-13,2022-08-21,수료,96.5
TRN0245,EMP043,정보보안,Compliance,8,2021-02-27,2021-03-03,수료,99.4
TRN0246,EMP043,프레젠테이션 스킬,Soft Skill,8,2019-11-12,2019-11-16,수료,83.9
TRN0247,EMP045,SQL 데이터베이스,Technical,16,2024-03-01,2024-03-09,수료,89.2
TRN0248,EMP045,리더십 기본,Leadership,16,2022-03-03,2022-03-11,수료,72.0
TRN0249,EMP045,문제해결 기법,Soft Skill,12,2022-04-10,2022-04-16,수료,79.7
TRN0250,EMP045,정보보안,Compliance,8,2020-08-16,2020-08-20,수료,80.0
TRN0251,EMP045,Python 기초,Technical,16,2022-10-24,2022-11-01,수료,88.5
TRN0252,EMP045,프레젠테이션 스킬,Soft Skill,8,2020-10-02,2020-10-06,수료,75.8
TRN0253,EMP045,AI/ML 실무,Technical,40,2022-06-27,2022-07-17,수료,84.4
TRN0254,EMP045,프로젝트 관리 실무,Management,20,2023-04-02,2023-04-12,수료,89.4
TRN0255,EMP046,효과적인 커뮤니케이션,Soft Skill,8,2024-01-21,2024-01-25,수료,83.9
TRN0256,EMP046,디자인 씽킹,Soft Skill,16,2023-11-19,2023-11-27,수료,71.7
TRN0257,EMP047,애자일 방법론,Management,16,2020-02-25,2020-03-04,수료,96.6
TRN0258,EMP047,협업 스킬 향상,Soft Skill,8,2020-05-25,2020-05-29,수료,74.5
TRN0259,EMP047,Python 기초,Technical,16,2016-10-12,2016-10-20,수료,81.3
TRN0260,EMP047,SQL 데이터베이스,Technical,16,2022-06-04,2022-06-12,수료,87.1
TRN0261,EMP047,개인정보보호,Compliance,4,2020-10-19,2020-10-21,수료,73.5
TRN0262,EMP047,정보보안,Compliance,8,2019-11-21,2019-11-25,수료,79.4
TRN0263,EMP049,문제해결 기법,Soft Skill,12,2020-08-01,2020-08-07,수료,94.9
TRN0264,EMP049,데이터 분석 실무,Technical,24,2020-12-12,2020-12-24,수료,79.1
TRN0265,EMP049,클라우드 컴퓨팅,Technical,24,2019-11-18,2019-11-30,수료,71.1
TRN0266,EMP049,디자인 씽킹,Soft Skill,16,2020-05-20,2020-05-28,수료,83.3
TRN0267,EMP050,클라우드 컴퓨팅,Technical,24,2021-04-30,2021-05-12,수료,97.7
TRN0268,EMP050,정보보안,Compliance,8,2023-05-27,2023-05-31,수료,79.8
TRN0269,EMP051,SQL 데이터베이스,Technical,16,2023-03-15,2023-03-23,수료,95.9
TRN0270,EMP051,정보보안,Compliance,8,2022-03-28,2022-04-01,수료,98.0
TRN0271,EMP051,효과적인 커뮤니케이션,Soft Skill,8,2023-11-03,2023-11-07,수료,96.2
TRN0272,EMP051,개인정보보호,Compliance,4,2022-11-06,2022-11-08,수료,71.4
TRN0273,EMP051,AI/ML 기초,Technical,32,2023-05-17,2023-06-02,수료,92.4
TRN0274,EMP051,Python 기초,Technical,16,2021-12-23,2021-12-31,수료,79.4
TRN0275,EMP052,협업 스킬 향상,Soft Skill,8,2022-08-25,2022-08-29,수료,79.6
TRN0276,EMP052,리더십 기본,Leadership,16,2023-07-08,2023-07-16,수료,78.2
TRN0277,EMP052,정보보안,Compliance,8,2021-12-04,2021-12-08,수료,70.5
TRN0278,EMP053,개인정보보호,Compliance,4,2021-11-02,2021-11-04,수료,74.2
TRN0279,EMP053,정보보안,Compliance,8,2023-07-30,2023-08-03,수료,87.2
TRN0280,EMP053,SQL 데이터베이스,Technical,16,2017-08-06,2017-08-14,수료,88.4
TRN0281,EMP053,클라우드 컴퓨팅,Technical,24,2019-06-23,2019-07-05,수료,71.5
TRN0282,EMP053,프로젝트 관리 실무,Management,20,2016-01-01,2016-01-11,수료,90.3
TRN0283,EMP053,프레젠테이션 스킬,Soft Skill,8,2016-11-11,2016-11-15,수료,72.6
TRN0284,EMP055,프레젠테이션 스킬,Soft Skill,8,2019-12-19,2019-12-23,수료,90.1
TRN0285,EMP055,디자인 씽킹,Soft Skill,16,2023-09-23,2023-10-01,수료,97.7
TRN0286,EMP055,AI/ML 기초,Technical,32,2022-12-19,2023-01-04,수료,72.8
TRN0287,EMP055,효과적인 커뮤니케이션,Soft Skill,8,2022-12-30,2023-01-03,수료,79.3
TRN0288,EMP055,개인정보보호,Compliance,4,2022-12-18,2022-12-20,수료,98.4
TRN0289,EMP056,프로젝트 관리 실무,Management,20,2022-09-01,2022-09-11,수료,90.0
TRN0290,EMP056,AI/ML 기초,Technical,32,2024-05-13,2024-05-29,수료,79.7
TRN0291,EMP056,AI/ML 실무,Technical,40,2023-07-10,2023-07-30,수료,84.3
TRN0292,EMP057,클라우드 컴퓨팅,Technical,24,2020-09-22,2020-10-04,수료,73.8
TRN0293,EMP057,디자인 씽킹,Soft Skill,16,2017-12-21,2017-12-29,수료,91.4
TRN0294,EMP057,프레젠테이션 스킬,Soft Skill,8,2018-01-07,2018-01-11,수료,89.5
TRN0295,EMP057,효과적인 커뮤니케이션,Soft Skill,8,2020-03-16,2020-03-20,수료,82.0
TRN0296,EMP058,리더십 심화,Leadership,20,2023-10-06,2023-10-16,수료,76.2
TRN0297,EMP058,개인정보보호,Compliance,4,2024-05-05,2024-05-07,수료,99.4
TRN0298,EMP058,프레젠테이션 스킬,Soft Skill,8,2024-04-10,2024-04-14,수료,86.3
TRN0299,EMP058,정보보안,Compliance,8,2023-05-07,2023-05-11,수료,90.1
TRN0300,EMP059,클라우드 컴퓨팅,Technical,24,2020-05-20,2020-06-01,수료,82.2
TRN0301,EMP059,SQL 데이터베이스,Technical,16,2022-10-02,2022-10-10,수료,94.4
TRN0302,EMP059,디자인 씽킹,Soft Skill,16,2023-09-21,2023-09-29,수료,79.8
TRN0303,EMP059,프레젠테이션 스킬,Soft Skill,8,2023-01-05,2023-01-09,수료,72.7
TRN0304,EMP059,프로젝트 관리 실무,Management,20,2023-12-24,2024-01-03,수료,87.4
TRN0305,EMP059,Python 심화,Technical,24,2023-08-19,2023-08-31,수료,70.0
TRN0306,EMP059,리더십 심화,Leadership,20,2020-03-21,2020-03-31,수료,83.6
TRN0307,EMP060,AI/ML 실무,Technical,40,2023-12-08,2023-12-28,수료,96.3
TRN0308,EMP060,디자인 씽킹,Soft Skill,16,2024-01-30,2024-02-07,수료,97.4
TRN0309,EMP061,문제해결 기법,Soft Skill,12,2019-04-20,2019-04-26,수료,85.3
TRN0310,EMP061,AI/ML 기초,Technical,32,2024-01-03,2024-01-19,수료,78.8
TRN0311,EMP061,데이터 분석 실무,Technical,24,2021-04-29,2021-05-11,수료,99.0
TRN0312,EMP061,애자일 방법론,Management,16,2019-04-05,2019-04-13,수료,94.6
TRN0313,EMP062,SQL 데이터베이스,Technical,16,2023-05-29,2023-06-06,수료,91.1
TRN0314,EMP062,애자일 방법론,Management,16,2023-12-01,2023-12-09,수료,91.4
TRN0315,EMP063,AI/ML 실무,Technical,40,2022-08-16,2022-09-05,수료,86.7
TRN0316,EMP063,문제해결 기법,Soft Skill,12,2023-08-28,2023-09-03,수료,95.2
TRN0317,EMP063,리더십 기본,Leadership,16,2021-09-21,2021-09-29,수료,96.2
TRN0318,EMP063,협업 스킬 향상,Soft Skill,8,2021-08-23,2021-08-27,수료,72.2
TRN0319,EMP063,데이터 분석 실무,Technical,24,2021-05-03,2021-05-15,수료,96.5
TRN0320,EMP064,문제해결 기법,Soft Skill,12,2022-03-22,2022-03-28,수료,90.9
TRN0321,EMP064,효과적인 커뮤니케이션,Soft Skill,8,2021-11-18,2021-11-22,수료,83.6
TRN0322,EMP064,데이터 분석 실무,Technical,24,2021-11-12,2021-11-24,수료,83.5
TRN0323,EMP064,클라우드 컴퓨팅,Technical,24,2021-02-03,2021-02-15,수료,82.7
TRN0324,EMP064,협업 스킬 향상,Soft Skill,8,2017-03-11,2017-03-15,수료,95.4
TRN0325,EMP064,AI/ML 실무,Technical,40,2019-10-06,2019-10-26,수료,78.1
TRN0326,EMP064,리더십 기본,Leadership,16,2023-03-27,2023-04-04,수료,71.0
TRN0327,EMP065,클라우드 컴퓨팅,Technical,24,2020-07-27,2020-08-08,수료,98.9
TRN0328,EMP065,AI/ML 기초,Technical,32,2020-05-20,2020-06-05,수료,91.9
TRN0329,EMP066,프로젝트 관리 실무,Management,20,2024-02-24,2024-03-05,수료,96.7
TRN0330,EMP066,디자인 씽킹,Soft Skill,16,2023-07-20,2023-07-28,수료,88.9
TRN0331,EMP067,데이터 분석 실무,Technical,24,2023-04-21,2023-05-03,수료,97.2
TRN0332,EMP067,애자일 방법론,Management,16,2024-06-24,2024-07-02,수료,82.6
TRN0333,EMP067,Python 심화,Technical,24,2021-05-07,2021-05-19,수료,71.1
TRN0334,EMP067,디자인 씽킹,Soft Skill,16,2024-09-29,2024-10-07,수료,91.8
TRN0335,EMP067,프레젠테이션 스킬,Soft Skill,8,2024-05-13,2024-05-17,수료,88.9
TRN0336,EMP067,프로젝트 관리 실무,Management,20,2024-07-12,2024-07-22,수료,71.5
TRN0337,EMP067,Python 기초,Technical,16,2021-04-26,2021-05-04,수료,88.7
TRN0338,EMP068,클라우드 컴퓨팅,Technical,24,2019-09-03,2019-09-15,수료,78.3
TRN0339,EMP068,데이터 분석 실무,Technical,24,2020-04-18,2020-04-30,수료,78.3
TRN0340,EMP068,효과적인 커뮤니케이션,Soft Skill,8,2021-09-10,2021-09-14,수료,73.3
TRN0341,EMP068,프로젝트 관리 실무,Management,20,2020-10-08,2020-10-18,수료,92.2
TRN0342,EMP069,디자인 씽킹,Soft Skill,16,2023-10-04,2023-10-12,수료,94.0
TRN0343,EMP069,AI/ML 기초,Technical,32,2023-03-10,2023-03-26,수료,72.5
TRN0344,EMP069,프레젠테이션 스킬,Soft Skill,8,2023-07-03,2023-07-07,수료,94.7
TRN0345,EMP069,효과적인 커뮤니케이션,Soft Skill,8,2024-06-26,2024-06-30,수료,82.4
TRN0346,EMP070,리더십 심화,Leadership,20,2024-02-01,2024-02-11,수료,71.6
TRN0347,EMP070,디자인 씽킹,Soft Skill,16,2021-06-14,2021-06-22,수료,73.5
TRN0348,EMP070,프레젠테이션 스킬,Soft Skill,8,2020-11-28,2020-12-02,수료,84.3
TRN0349,EMP070,SQL 데이터베이스,Technical,16,2022-08-22,2022-08-30,수료,92.6
TRN0350,EMP070,애자일 방법론,Management,16,2022-12-15,2022-12-23,수료,90.5
TRN0351,EMP071,클라우드 컴퓨팅,Technical,24,2023-12-24,2024-01-05,수료,97.8
TRN0352,EMP071,프로젝트 관리 실무,Management,20,2024-02-20,2024-03-01,수료,79.5
TRN0353,EMP071,효과적인 커뮤니케이션,Soft Skill,8,2019-07-26,2019-07-30,수료,85.9
TRN0354,EMP071,정보보안,Compliance,8,2023-01-27,2023-01-31,미수료,83.0
TRN0355,EMP071,문제해결 기법,Soft Skill,12,2022-02-28,2022-03-06,수료,78.0
TRN0356,EMP072,프로젝트 관리 실무,Management,20,2024-01-19,2024-01-29,수료,92.5
TRN0357,EMP072,AI/ML 실무,Technical,40,2021-01-24,2021-02-13,수료,90.3
TRN0358,EMP073,협업 스킬 향상,Soft Skill,8,2024-03-11,2024-03-15,수료,82.3
TRN0359,EMP073,Python 기초,Technical,16,2023-05-02,2023-05-10,수료,83.4
TRN0360,EMP073,정보보안,Compliance,8,2022-06-23,2022-06-27,수료,77.6
TRN0361,EMP074,Python 기초,Technical,16,2017-05-26,2017-06-03,수료,89.7
TRN0362,EMP074,데이터 분석 실무,Technical,24,2019-03-13,2019-03-25,미수료,89.1
TRN0363,EMP075,SQL 데이터베이스,Technical,16,2020-06-10,2020-06-18,수료,90.9
TRN0364,EMP075,데이터 분석 실무,Technical,24,2021-03-18,2021-03-30,수료,89.8
TRN0365,EMP075,효과적인 커뮤니케이션,Soft Skill,8,2019-03-22,2019-03-26,수료,97.7
TRN0366,EMP075,리더십 기본,Leadership,16,2021-06-21,2021-06-29,수료,90.8
TRN0367,EMP075,협업 스킬 향상,Soft Skill,8,2021-12-30,2022-01-03,수료,93.4
TRN0368,EMP075,AI/ML 실무,Technical,40,2021-06-24,2021-07-14,수료,81.5
TRN0369,EMP075,문제해결 기법,Soft Skill,12,2022-02-06,2022-02-12,미수료,77.7
TRN0370,EMP076,프로젝트 관리 실무,Management,20,2024-06-11,2024-06-21,미수료,76.0
TRN0371,EMP076,프레젠테이션 스킬,Soft Skill,8,2024-03-02,2024-03-06,수료,84.8
TRN0372,EMP076,디자인 씽킹,Soft Skill,16,2023-06-21,2023-06-29,수료,82.9
TRN0373,EMP076,Python 심화,Technical,24,2024-10-14,2024-10-26,수료,97.4
TRN0374,EMP077,프로젝트 관리 실무,Management,20,2023-11-21,2023-12-01,수료,87.1
TRN0375,EMP077,SQL 데이터베이스,Technical,16,2024-03-11,2024-03-19,수료,70.6
TRN0376,EMP078,효과적인 커뮤니케이션,Soft Skill,8,2022-02-02,2022-02-06,수료,79.9
TRN0377,EMP078,Python 기초,Technical,16,2023-06-28,2023-07-06,수료,85.5
TRN0378,EMP078,Python 심화,Technical,24,2024-08-08,2024-08-20,수료,82.1
TRN0379,EMP078,협업 스킬 향상,Soft Skill,8,2019-11-21,2019-11-25,수료,70.1
TRN0380,EMP078,리더십 기본,Leadership,16,2024-07-04,2024-07-12,수료,86.1
TRN0381,EMP079,협업 스킬 향상,Soft Skill,8,2024-04-11,2024-04-15,미수료,89.4
TRN0382,EMP079,애자일 방법론,Management,16,2021-04-14,2021-04-22,수료,98.8
TRN0383,EMP079,AI/ML 실무,Technical,40,2018-02-02,2018-02-22,수료,92.8
TRN0384,EMP079,Python 기초,Technical,16,2020-06-09,2020-06-17,수료,75.3
TRN0385,EMP080,AI/ML 실무,Technical,40,2019-10-10,2019-10-30,수료,96.9
TRN0386,EMP080,리더십 기본,Leadership,16,2023-06-30,2023-07-08,수료,84.6
TRN0387,EMP081,디자인 씽킹,Soft Skill,16,2023-06-06,2023-06-14,수료,81.7
TRN0388,EMP081,리더십 기본,Leadership,16,2022-11-04,2022-11-12,수료,85.0
TRN0389,EMP081,효과적인 커뮤니케이션,Soft Skill,8,2021-10-26,2021-10-30,미수료,70.5
TRN0390,EMP081,Python 기초,Technical,16,2020-08-01,2020-08-09,수료,93.6
TRN0391,EMP081,SQL 데이터베이스,Technical,16,2017-04-05,2017-04-13,수료,76.4
TRN0392,EMP081,개인정보보호,Compliance,4,2024-02-11,2024-02-13,수료,83.8
TRN0393,EMP081,AI/ML 기초,Technical,32,2024-05-20,2024-06-05,수료,86.1
TRN0394,EMP084,리더십 심화,Leadership,20,2023-08-16,2023-08-26,수료,97.2
TRN0395,EMP084,데이터 분석 실무,Technical,24,2023-07-11,2023-07-23,수료,91.0
TRN0396,EMP084,Python 심화,Technical,24,2022-02-26,2022-03-10,수료,89.0
TRN0397,EMP084,AI/ML 기초,Technical,32,2024-04-29,2024-05-15,수료,93.8
TRN0398,EMP084,정보보안,Compliance,8,2023-01-26,2023-01-30,수료,95.1
TRN0399,EMP084,개인정보보호,Compliance,4,2021-12-20,2021-12-22,수료,73.2
TRN0400,EMP085,리더십 심화,Leadership,20,2024-05-01,2024-05-11,수료,92.1
TRN0401,EMP085,데이터 분석 실무,Technical,24,2022-01-14,2022-01-26,수료,99.3
TRN0402,EMP085,리더십 기본,Leadership,16,2023-01-05,2023-01-13,수료,79.6
TRN0403,EMP085,클라우드 컴퓨팅,Technical,24,2024-03-25,2024-04-06,수료,71.4
TRN0404,EMP085,프레젠테이션 스킬,Soft Skill,8,2020-10-03,2020-10-07,수료,73.6
TRN0405,EMP086,문제해결 기법,Soft Skill,12,2024-01-05,2024-01-11,수료,77.3
TRN0406,EMP086,프레젠테이션 스킬,Soft Skill,8,2024-02-03,2024-02-07,수료,73.0
TRN0407,EMP086,AI/ML 기초,Technical,32,2024-03-06,2024-03-22,수료,74.7
TRN0408,EMP087,데이터 분석 실무,Technical,24,2023-04-24,2023-05-06,수료,96.6
TRN0409,EMP087,Python 기초,Technical,16,2020-01-20,2020-01-28,수료,93.8
TRN0410,EMP087,정보보안,Compliance,8,2020-09-21,2020-09-25,수료,76.2
TRN0411,EMP087,개인정보보호,Compliance,4,2022-07-24,2022-07-26,수료,83.5
TRN0412,EMP087,Python 심화,Technical,24,2018-01-25,2018-02-06,수료,88.3
TRN0413,EMP088,프레젠테이션 스킬,Soft Skill,8,2023-03-15,2023-03-19,미수료,88.8
TRN0414,EMP088,클라우드 컴퓨팅,Technical,24,2024-02-27,2024-03-10,수료,82.6
TRN0415,EMP089,리더십 심화,Leadership,20,2022-08-28,2022-09-07,수료,99.6
TRN0416,EMP089,리더십 기본,Leadership,16,2023-01-24,2023-02-01,수료,93.1
TRN0417,EMP089,SQL 데이터베이스,Technical,16,2023-06-29,2023-07-07,수료,71.6
TRN0418,EMP089,프로젝트 관리 실무,Management,20,2021-12-16,2021-12-26,수료,90.6
TRN0419,EMP089,Python 심화,Technical,24,2024-05-10,2024-05-22,수료,84.9
TRN0420,EMP089,애자일 방법론,Management,16,2022-02-02,2022-02-10,수료,71.3
TRN0421,EMP090,AI/ML 기초,Technical,32,2023-07-28,2023-08-13,수료,80.0
TRN0422,EMP090,애자일 방법론,Management,16,2023-11-30,2023-12-08,수료,92.2
TRN0423,EMP091,프레젠테이션 스킬,Soft Skill,8,2016-01-23,2016-01-27,수료,91.6
TRN0424,EMP091,개인정보보호,Compliance,4,2021-11-29,2021-12-01,수료,82.6
TRN0425,EMP091,Python 기초,Technical,16,2023-08-24,2023-09-01,수료,79.8
TRN0426,EMP091,리더십 심화,Leadership,20,2024-01-01,2024-01-11,수료,76.8
TRN0427,EMP091,프로젝트 관리 실무,Management,20,2017-12-04,2017-12-14,수료,96.1
TRN0428,EMP091,Python 심화,Technical,24,2019-06-24,2019-07-06,수료,72.2
TRN0429,EMP094,클라우드 컴퓨팅,Technical,24,2022-09-08,2022-09-20,수료,81.2
TRN0430,EMP094,Python 심화,Technical,24,2022-09-19,2022-10-01,수료,89.0
TRN0431,EMP094,문제해결 기법,Soft Skill,12,2020-08-10,2020-08-16,수료,73.8
TRN0432,EMP094,데이터 분석 실무,Technical,24,2023-12-18,2023-12-30,수료,74.1
TRN0433,EMP094,SQL 데이터베이스,Technical,16,2022-10-21,2022-10-29,수료,75.1
TRN0434,EMP094,애자일 방법론,Management,16,2021-06-09,2021-06-17,수료,78.9
TRN0435,EMP095,프레젠테이션 스킬,Soft Skill,8,2022-12-16,2022-12-20,수료,84.7
TRN0436,EMP095,리더십 심화,Leadership,20,2022-05-30,2022-06-09,수료,95.1
TRN0437,EMP095,데이터 분석 실무,Technical,24,2022-08-02,2022-08-14,수료,82.8
TRN0438,EMP096,리더십 심화,Leadership,20,2023-05-07,2023-05-17,수료,82.5
TRN0439,EMP096,개인정보보호,Compliance,4,2020-05-18,2020-05-20,수료,84.1
TRN0440,EMP096,협업 스킬 향상,Soft Skill,8,2024-06-10,2024-06-14,수료,82.8
TRN0441,EMP096,리더십 기본,Leadership,16,2022-05-05,2022-05-13,수료,93.9
TRN0442,EMP096,애자일 방법론,Management,16,2024-09-26,2024-10-04,수료,84.9
TRN0443,EMP096,SQL 데이터베이스,Technical,16,2020-08-06,2020-08-14,수료,70.4
TRN0444,EMP096,문제해결 기법,Soft Skill,12,2024-03-26,2024-04-01,수료,76.5
TRN0445,EMP096,데이터 분석 실무,Technical,24,2022-02-21,2022-03-05,수료,89.4
TRN0446,EMP097,Python 기초,Technical,16,2023-12-27,2024-01-04,수료,91.1
TRN0447,EMP097,클라우드 컴퓨팅,Technical,24,2024-07-07,2024-07-19,수료,87.5
TRN0448,EMP100,디자인 씽킹,Soft Skill,16,2024-06-07,2024-06-15,수료,96.1
TRN0449,EMP100,효과적인 커뮤니케이션,Soft Skill,8,2024-07-07,2024-07-11,수료,70.0
TRN0450,EMP101,데이터 분석 실무,Technical,24,2021-05-19,2021-05-31,수료,88.4
TRN0451,EMP101,AI/ML 실무,Technical,40,2020-09-04,2020-09-24,수료,72.4
TRN0452,EMP101,협업 스킬 향상,Soft Skill,8,2022-02-13,2022-02-17,수료,71.6
TRN0453,EMP101,프로젝트 관리 실무,Management,20,2022-06-08,2022-06-18,수료,73.3
TRN0454,EMP101,Python 기초,Technical,16,2022-06-15,2022-06-23,수료,71.2
TRN0455,EMP101,효과적인 커뮤니케이션,Soft Skill,8,2022-06-18,2022-06-22,수료,86.8
TRN0456,EMP101,리더십 기본,Leadership,16,2019-02-08,2019-02-16,수료,93.2
TRN0457,EMP102,협업 스킬 향상,Soft Skill,8,2023-06-25,2023-06-29,수료,98.2
TRN0458,EMP102,리더십 심화,Leadership,20,2023-04-16,2023-04-26,수료,91.1
TRN0459,EMP102,SQL 데이터베이스,Technical,16,2023-10-10,2023-10-18,수료,76.8
TRN0460,EMP103,프로젝트 관리 실무,Management,20,2020-11-28,2020-12-08,수료,80.4
TRN0461,EMP103,정보보안,Compliance,8,2023-05-01,2023-05-05,수료,94.9
TRN0462,EMP103,문제해결 기법,Soft Skill,12,2023-03-29,2023-04-04,수료,90.3
TRN0463,EMP103,효과적인 커뮤니케이션,Soft Skill,8,2023-08-05,2023-08-09,수료,83.6
TRN0464,EMP104,데이터 분석 실무,Technical,24,2024-02-21,2024-03-04,수료,81.7
TRN0465,EMP104,리더십 기본,Leadership,16,2023-10-01,2023-10-09,수료,98.7
TRN0466,EMP105,프레젠테이션 스킬,Soft Skill,8,2020-06-16,2020-06-20,수료,84.9
TRN0467,EMP105,프로젝트 관리 실무,Management,20,2021-06-29,2021-07-09,수료,88.8
TRN0468,EMP106,문제해결 기법,Soft Skill,12,2021-04-22,2021-04-28,수료,89.3
TRN0469,EMP106,효과적인 커뮤니케이션,Soft Skill,8,2019-11-13,2019-11-17,수료,70.7
TRN0470,EMP106,클라우드 컴퓨팅,Technical,24,2019-03-15,2019-03-27,수료,85.6
TRN0471,EMP106,프레젠테이션 스킬,Soft Skill,8,2020-05-12,2020-05-16,수료,80.3
TRN0472,EMP107,협업 스킬 향상,Soft Skill,8,2022-08-05,2022-08-09,수료,77.8
TRN0473,EMP107,클라우드 컴퓨팅,Technical,24,2023-08-04,2023-08-16,수료,78.6
TRN0474,EMP107,디자인 씽킹,Soft Skill,16,2021-02-20,2021-02-28,수료,78.5
TRN0475,EMP107,리더십 심화,Leadership,20,2021-10-22,2021-11-01,수료,74.8
TRN0476,EMP107,효과적인 커뮤니케이션,Soft Skill,8,2023-11-17,2023-11-21,수료,99.2
TRN0477,EMP107,애자일 방법론,Management,16,2024-08-11,2024-08-19,수료,74.8
TRN0478,EMP107,데이터 분석 실무,Technical,24,2021-07-13,2021-07-25,수료,79.5
TRN0479,EMP108,디자인 씽킹,Soft Skill,16,2023-02-12,2023-02-20,수료,91.2
TRN0480,EMP108,프로젝트 관리 실무,Management,20,2023-06-28,2023-07-08,미수료,74.4
TRN0481,EMP108,AI/ML 기초,Technical,32,2023-11-10,2023-11-26,수료,74.9
TRN0482,EMP109,SQL 데이터베이스,Technical,16,2024-09-28,2024-10-06,수료,93.1
TRN0483,EMP109,Python 기초,Technical,16,2024-10-25,2024-11-02,수료,74.7
TRN0484,EMP111,정보보안,Compliance,8,2022-09-27,2022-10-01,수료,94.0
TRN0485,EMP111,협업 스킬 향상,Soft Skill,8,2023-08-11,2023-08-15,수료,83.3
TRN0486,EMP111,애자일 방법론,Management,16,2023-05-22,2023-05-30,수료,84.4
TRN0487,EMP111,리더십 심화,Leadership,20,2019-10-01,2019-10-11,수료,86.5
TRN0488,EMP111,효과적인 커뮤니케이션,Soft Skill,8,2021-04-01,2021-04-05,수료,88.5
TRN0489,EMP111,AI/ML 실무,Technical,40,2020-10-04,2020-10-24,수료,72.8
TRN0490,EMP112,리더십 기본,Leadership,16,2018-06-05,2018-06-13,수료,93.0
TRN0491,EMP112,정보보안,Compliance,8,2018-02-17,2018-02-21,수료,86.2
TRN0492,EMP113,데이터 분석 실무,Technical,24,2019-08-01,2019-08-13,수료,85.3
TRN0493,EMP113,정보보안,Compliance,8,2016-08-24,2016-08-28,수료,80.8
TRN0494,EMP113,AI/ML 실무,Technical,40,2017-09-04,2017-09-24,수료,82.8
TRN0495,EMP113,SQL 데이터베이스,Technical,16,2020-05-07,2020-05-15,수료,78.5
TRN0496,EMP113,리더십 심화,Leadership,20,2019-12-17,2019-12-27,수료,83.4
TRN0497,EMP114,데이터 분석 실무,Technical,24,2020-08-11,2020-08-23,수료,94.2
TRN0498,EMP114,리더십 기본,Leadership,16,2020-05-27,2020-06-04,수료,82.4
TRN0499,EMP114,디자인 씽킹,Soft Skill,16,2022-03-27,2022-04-04,수료,74.3
TRN0500,EMP114,AI/ML 기초,Technical,32,2019-01-19,2019-02-04,수료,96.0
TRN0501,EMP114,정보보안,Compliance,8,2019-05-30,2019-06-03,수료,98.8
TRN0502,EMP114,AI/ML 실무,Technical,40,2024-02-17,2024-03-08,수료,70.2
TRN0503,EMP115,프로젝트 관리 실무,Management,20,2018-08-02,2018-08-12,수료,95.0
TRN0504,EMP115,문제해결 기법,Soft Skill,12,2020-04-18,2020-04-24,수료,71.3
TRN0505,EMP115,프레젠테이션 스킬,Soft Skill,8,2020-06-08,2020-06-12,수료,79.1
TRN0506,EMP115,개인정보보호,Compliance,4,2023-04-28,2023-04-30,수료,76.7
TRN0507,EMP115,리더십 심화,Leadership,20,2017-01-29,2017-02-08,수료,79.0
TRN0508,EMP115,AI/ML 기초,Technical,32,2024-03-26,2024-04-11,수료,84.2
TRN0509,EMP115,애자일 방법론,Management,16,2024-05-20,2024-05-28,수료,78.6
TRN0510,EMP116,클라우드 컴퓨팅,Technical,24,2019-09-19,2019-10-01,수료,84.8
TRN0511,EMP116,리더십 심화,Leadership,20,2019-02-16,2019-02-26,수료,80.9
TRN0512,EMP116,Python 기초,Technical,16,2023-10-08,2023-10-16,수료,96.1
TRN0513,EMP117,클라우드 컴퓨팅,Technical,24,2021-11-30,2021-12-12,수료,74.9
TRN0514,EMP117,SQL 데이터베이스,Technical,16,2022-01-11,2022-01-19,수료,83.8
TRN0515,EMP117,AI/ML 기초,Technical,32,2023-10-23,2023-11-08,수료,74.9
TRN0516,EMP117,프로젝트 관리 실무,Management,20,2022-08-19,2022-08-29,수료,89.1
TRN0517,EMP117,개인정보보호,Compliance,4,2024-07-18,2024-07-20,수료,78.7
TRN0518,EMP117,애자일 방법론,Management,16,2023-05-09,2023-05-17,수료,72.3
TRN0519,EMP119,프레젠테이션 스킬,Soft Skill,8,2022-09-18,2022-09-22,수료,94.8
TRN0520,EMP119,SQL 데이터베이스,Technical,16,2022-06-22,2022-06-30,수료,90.9
TRN0521,EMP119,개인정보보호,Compliance,4,2023-02-28,2023-03-02,수료,87.4
TRN0522,EMP120,효과적인 커뮤니케이션,Soft Skill,8,2023-07-16,2023-07-20,수료,81.2
TRN0523,EMP120,Python 기초,Technical,16,2024-01-10,2024-01-18,수료,97.6
TRN0524,EMP121,SQL 데이터베이스,Technical,16,2023-12-28,2024-01-05,수료,75.7
TRN0525,EMP121,리더십 기본,Leadership,16,2024-02-23,2024-03-02,수료,94.9
TRN0526,EMP121,효과적인 커뮤니케이션,Soft Skill,8,2024-01-20,2024-01-24,수료,91.4
TRN0527,EMP123,SQL 데이터베이스,Technical,16,2024-03-11,2024-03-19,수료,73.5
TRN0528,EMP123,문제해결 기법,Soft Skill,12,2023-09-25,2023-10-01,수료,84.4
TRN0529,EMP124,AI/ML 기초,Technical,32,2022-12-17,2023-01-02,수료,99.1
TRN0530,EMP124,효과적인 커뮤니케이션,Soft Skill,8,2018-03-11,2018-03-15,수료,70.9
TRN0531,EMP124,디자인 씽킹,Soft Skill,16,2017-08-03,2017-08-11,수료,95.7
TRN0532,EMP124,클라우드 컴퓨팅,Technical,24,2017-11-09,2017-11-21,수료,79.2
TRN0533,EMP125,효과적인 커뮤니케이션,Soft Skill,8,2023-07-02,2023-07-06,수료,93.2
TRN0534,EMP125,데이터 분석 실무,Technical,24,2024-05-24,2024-06-05,수료,73.2
TRN0535,EMP125,문제해결 기법,Soft Skill,12,2024-08-16,2024-08-22,수료,84.1
TRN0536,EMP126,Python 심화,Technical,24,2022-11-11,2022-11-23,수료,93.5
TRN0537,EMP126,데이터 분석 실무,Technical,24,2024-07-09,2024-07-21,수료,97.0
TRN0538,EMP126,애자일 방법론,Management,16,2023-05-09,2023-05-17,수료,70.9
TRN0539,EMP126,협업 스킬 향상,Soft Skill,8,2023-03-30,2023-04-03,수료,98.3
TRN0540,EMP128,AI/ML 기초,Technical,32,2023-03-12,2023-03-28,수료,94.6
TRN0541,EMP128,프레젠테이션 스킬,Soft Skill,8,2024-04-11,2024-04-15,수료,76.5
TRN0542,EMP128,리더십 심화,Leadership,20,2021-01-26,2021-02-05,미수료,75.2
TRN0543,EMP128,프로젝트 관리 실무,Management,20,2024-03-23,2024-04-02,수료,99.2
TRN0544,EMP129,리더십 기본,Leadership,16,2023-05-10,2023-05-18,수료,87.7
TRN0545,EMP129,정보보안,Compliance,8,2022-12-17,2022-12-21,수료,73.2
TRN0546,EMP130,AI/ML 기초,Technical,32,2022-10-31,2022-11-16,수료,99.5
TRN0547,EMP130,AI/ML 실무,Technical,40,2022-01-13,2022-02-02,수료,85.6
TRN0548,EMP130,문제해결 기법,Soft Skill,12,2023-01-29,2023-02-04,수료,91.1
TRN0549,EMP130,SQL 데이터베이스,Technical,16,2023-04-02,2023-04-10,수료,72.5
TRN0550,EMP130,프로젝트 관리 실무,Management,20,2023-01-27,2023-02-06,수료,78.5
TRN0551,EMP130,디자인 씽킹,Soft Skill,16,2023-05-16,2023-05-24,수료,90.6
TRN0552,EMP131,디자인 씽킹,Soft Skill,16,2023-11-01,2023-11-09,수료,72.1
TRN0553,EMP131,리더십 심화,Leadership,20,2023-12-20,2023-12-30,수료,81.0
TRN0554,EMP131,문제해결 기법,Soft Skill,12,2022-09-02,2022-09-08,미수료,84.7
TRN0555,EMP131,효과적인 커뮤니케이션,Soft Skill,8,2022-12-05,2022-12-09,수료,85.7
TRN0556,EMP133,데이터 분석 실무,Technical,24,2017-04-17,2017-04-29,수료,96.8
TRN0557,EMP133,SQL 데이터베이스,Technical,16,2018-01-17,2018-01-25,수료,99.3
TRN0558,EMP133,효과적인 커뮤니케이션,Soft Skill,8,2019-12-14,2019-12-18,수료,95.3
TRN0559,EMP133,리더십 기본,Leadership,16,2020-09-07,2020-09-15,수료,95.1
TRN0560,EMP133,디자인 씽킹,Soft Skill,16,2024-04-14,2024-04-22,수료,92.9
TRN0561,EMP133,AI/ML 기초,Technical,32,2024-09-28,2024-10-14,수료,78.2
TRN0562,EMP133,애자일 방법론,Management,16,2023-05-17,2023-05-25,수료,80.7
TRN0563,EMP135,AI/ML 실무,Technical,40,2024-02-24,2024-03-15,수료,93.0
TRN0564,EMP135,클라우드 컴퓨팅,Technical,24,2023-08-02,2023-08-14,수료,84.7
TRN0565,EMP137,효과적인 커뮤니케이션,Soft Skill,8,2024-03-03,2024-03-07,수료,75.4
TRN0566,EMP137,Python 기초,Technical,16,2023-05-07,2023-05-15,수료,74.6
TRN0567,EMP137,SQL 데이터베이스,Technical,16,2023-07-17,2023-07-25,수료,92.8
TRN0568,EMP137,AI/ML 기초,Technical,32,2023-12-24,2024-01-09,수료,93.0
TRN0569,EMP137,정보보안,Compliance,8,2021-10-16,2021-10-20,수료,89.9
TRN0570,EMP137,Python 심화,Technical,24,2022-01-24,2022-02-05,수료,86.3
TRN0571,EMP137,리더십 심화,Leadership,20,2022-08-18,2022-08-28,수료,98.6
TRN0572,EMP138,문제해결 기법,Soft Skill,12,2022-03-11,2022-03-17,수료,95.6
TRN0573,EMP138,SQL 데이터베이스,Technical,16,2022-11-07,2022-11-15,수료,71.0
TRN0574,EMP139,애자일 방법론,Management,16,2023-03-23,2023-03-31,수료,81.7
TRN0575,EMP139,프레젠테이션 스킬,Soft Skill,8,2023-02-26,2023-03-02,수료,84.7
TRN0576,EMP139,클라우드 컴퓨팅,Technical,24,2024-05-26,2024-06-07,수료,87.2
TRN0577,EMP139,리더십 기본,Leadership,16,2024-03-07,2024-03-15,수료,74.7
TRN0578,EMP141,프로젝트 관리 실무,Management,20,2022-09-20,2022-09-30,수료,78.5
TRN0579,EMP141,클라우드 컴퓨팅,Technical,24,2021-11-25,2021-12-07,수료,71.4
TRN0580,EMP141,AI/ML 실무,Technical,40,2024-01-29,2024-02-18,수료,94.3
TRN0581,EMP141,애자일 방법론,Management,16,2023-05-14,2023-05-22,수료,96.7
TRN0582,EMP141,협업 스킬 향상,Soft Skill,8,2022-09-08,2022-09-12,수료,82.8
TRN0583,EMP142,문제해결 기법,Soft Skill,12,2021-05-31,2021-06-06,수료,89.4
TRN0584,EMP142,AI/ML 기초,Technical,32,2023-05-14,2023-05-30,수료,90.6
TRN0585,EMP142,Python 심화,Technical,24,2021-10-02,2021-10-14,수료,75.1
TRN0586,EMP142,협업 스킬 향상,Soft Skill,8,2023-01-23,2023-01-27,수료,83.8
TRN0587,EMP143,문제해결 기법,Soft Skill,12,2022-09-29,2022-10-05,수료,87.6
TRN0588,EMP143,정보보안,Compliance,8,2023-07-30,2023-08-03,수료,81.7
TRN0589,EMP143,개인정보보호,Compliance,4,2024-04-17,2024-04-19,수료,84.7
TRN0590,EMP143,효과적인 커뮤니케이션,Soft Skill,8,2023-04-07,2023-04-11,수료,85.1
TRN0591,EMP144,협업 스킬 향상,Soft Skill,8,2020-12-23,2020-12-27,수료,86.1
TRN0592,EMP144,프레젠테이션 스킬,Soft Skill,8,2022-03-02,2022-03-06,수료,78.9
TRN0593,EMP144,애자일 방법론,Management,16,2023-10-09,2023-10-17,수료,76.8
TRN0594,EMP144,정보보안,Compliance,8,2021-01-26,2021-01-30,수료,87.3
TRN0595,EMP144,리더십 기본,Leadership,16,2023-11-16,2023-11-24,수료,72.0
TRN0596,EMP144,SQL 데이터베이스,Technical,16,2023-07-14,2023-07-22,수료,76.3
TRN0597,EMP144,리더십 심화,Leadership,20,2020-12-26,2021-01-05,수료,79.1
TRN0598,EMP144,개인정보보호,Compliance,4,2022-03-28,2022-03-30,수료,86.2
TRN0599,EMP145,문제해결 기법,Soft Skill,12,2023-01-10,2023-01-16,수료,90.1
TRN0600,EMP145,AI/ML 실무,Technical,40,2022-10-23,2022-11-12,수료,70.6
TRN0601,EMP145,프로젝트 관리 실무,Management,20,2023-04-01,2023-04-11,수료,75.6
TRN0602,EMP146,리더십 기본,Leadership,16,2023-10-22,2023-10-30,수료,95.6
TRN0603,EMP146,디자인 씽킹,Soft Skill,16,2022-09-11,2022-09-19,수료,91.8
TRN0604,EMP146,프로젝트 관리 실무,Management,20,2018-07-03,2018-07-13,수료,80.9
TRN0605,EMP146,정보보안,Compliance,8,2019-06-28,2019-07-02,수료,92.4
TRN0606,EMP146,협업 스킬 향상,Soft Skill,8,2021-03-13,2021-03-17,수료,82.3
TRN0607,EMP147,데이터 분석 실무,Technical,24,2023-03-07,2023-03-19,수료,77.7
TRN0608,EMP147,리더십 기본,Leadership,16,2024-01-23,2024-01-31,수료,77.2
TRN0609,EMP147,문제해결 기법,Soft Skill,12,2022-10-18,2022-10-24,수료,77.4
TRN0610,EMP147,효과적인 커뮤니케이션,Soft Skill,8,2023-03-31,2023-04-04,수료,86.8
TRN0611,EMP148,문제해결 기법,Soft Skill,12,2018-11-26,2018-12-02,수료,93.7
TRN0612,EMP148,Python 심화,Technical,24,2020-06-27,2020-07-09,수료,75.3
TRN0613,EMP148,리더십 기본,Leadership,16,2017-11-05,2017-11-13,미수료,84.6
TRN0614,EMP148,데이터 분석 실무,Technical,24,2017-08-06,2017-08-18,수료,96.9
TRN0615,EMP148,효과적인 커뮤니케이션,Soft Skill,8,2020-11-22,2020-11-26,수료,96.0
TRN0616,EMP149,AI/ML 기초,Technical,32,2021-12-10,2021-12-26,수료,87.1
TRN0617,EMP149,데이터 분석 실무,Technical,24,2023-12-17,2023-12-29,수료,85.7
TRN0618,EMP149,AI/ML 실무,Technical,40,2024-05-29,2024-06-18,수료,97.9
TRN0619,EMP149,문제해결 기법,Soft Skill,12,2022-07-26,2022-08-01,수료,72.7
TRN0620,EMP149,개인정보보호,Compliance,4,2024-07-08,2024-07-10,수료,94.2
TRN0621,EMP150,AI/ML 실무,Technical,40,2023-04-27,2023-05-17,수료,76.4
TRN0622,EMP150,리더십 심화,Leadership,20,2023-09-08,2023-09-18,수료,77.6
TRN0623,EMP150,문제해결 기법,Soft Skill,12,2024-07-26,2024-08-01,수료,86.0
TRN0624,EMP150,SQL 데이터베이스,Technical,16,2023-03-26,2023-04-03,수료,82.7
TRN0625,EMP151,리더십 심화,Leadership,20,2020-03-17,2020-03-27,수료,99.0
TRN0626,EMP151,프로젝트 관리 실무,Management,20,2023-07-19,2023-07-29,수료,92.2
TRN0627,EMP151,효과적인 커뮤니케이션,Soft Skill,8,2017-05-13,2017-05-17,수료,93.7
TRN0628,EMP151,프레젠테이션 스킬,Soft Skill,8,2019-06-10,2019-06-14,수료,81.5
TRN0629,EMP151,개인정보보호,Compliance,4,2023-12-02,2023-12-04,미수료,80.9
TRN0630,EMP151,AI/ML 기초,Technical,32,2024-06-08,2024-06-24,수료,96.0
TRN0631,EMP151,디자인 씽킹,Soft Skill,16,2021-09-18,2021-09-26,수료,97.3
TRN0632,EMP152,프로젝트 관리 실무,Management,20,2024-03-19,2024-03-29,수료,76.3
TRN0633,EMP152,애자일 방법론,Management,16,2017-07-11,2017-07-19,수료,88.9
TRN0634,EMP152,데이터 분석 실무,Technical,24,2024-04-29,2024-05-11,수료,93.7
TRN0635,EMP152,디자인 씽킹,Soft Skill,16,2018-10-20,2018-10-28,수료,94.7
TRN0636,EMP152,문제해결 기법,Soft Skill,12,2021-03-29,2021-04-04,수료,82.4
TRN0637,EMP153,협업 스킬 향상,Soft Skill,8,2019-09-10,2019-09-14,수료,88.1
TRN0638,EMP153,문제해결 기법,Soft Skill,12,2022-08-12,2022-08-18,수료,70.8
TRN0639,EMP153,SQL 데이터베이스,Technical,16,2019-07-14,2019-07-22,수료,75.5
TRN0640,EMP153,정보보안,Compliance,8,2023-12-03,2023-12-07,수료,74.1
TRN0641,EMP153,데이터 분석 실무,Technical,24,2023-06-11,2023-06-23,수료,79.2
TRN0642,EMP153,AI/ML 기초,Technical,32,2019-11-14,2019-11-30,수료,77.5
TRN0643,EMP153,효과적인 커뮤니케이션,Soft Skill,8,2020-05-28,2020-06-01,수료,90.6
TRN0644,EMP153,프로젝트 관리 실무,Management,20,2022-07-13,2022-07-23,수료,96.2
TRN0645,EMP154,프로젝트 관리 실무,Management,20,2020-03-25,2020-04-04,수료,82.4
TRN0646,EMP154,프레젠테이션 스킬,Soft Skill,8,2019-02-10,2019-02-14,수료,81.3
TRN0647,EMP154,협업 스킬 향상,Soft Skill,8,2023-06-20,2023-06-24,수료,98.4
TRN0648,EMP156,리더십 심화,Leadership,20,2016-05-29,2016-06-08,수료,82.9
TRN0649,EMP156,데이터 분석 실무,Technical,24,2018-10-08,2018-10-20,수료,98.7
TRN0650,EMP156,디자인 씽킹,Soft Skill,16,2017-10-04,2017-10-12,수료,73.5
TRN0651,EMP156,SQL 데이터베이스,Technical,16,2023-11-29,2023-12-07,수료,93.2
TRN0652,EMP156,효과적인 커뮤니케이션,Soft Skill,8,2020-12-09,2020-12-13,수료,84.8
TRN0653,EMP156,AI/ML 기초,Technical,32,2018-05-15,2018-05-31,수료,75.7
TRN0654,EMP156,정보보안,Compliance,8,2018-11-02,2018-11-06,수료,84.8
TRN0655,EMP157,문제해결 기법,Soft Skill,12,2024-09-25,2024-10-01,수료,90.3
TRN0656,EMP157,리더십 기본,Leadership,16,2022-06-17,2022-06-25,수료,93.8
TRN0657,EMP157,정보보안,Compliance,8,2020-04-10,2020-04-14,수료,77.9
TRN0658,EMP158,디자인 씽킹,Soft Skill,16,2023-02-14,2023-02-22,수료,84.1
TRN0659,EMP158,리더십 심화,Leadership,20,2024-04-12,2024-04-22,수료,90.8
TRN0660,EMP158,AI/ML 기초,Technical,32,2023-10-06,2023-10-22,수료,81.5
TRN0661,EMP158,애자일 방법론,Management,16,2023-01-09,2023-01-17,수료,77.7
TRN0662,EMP158,협업 스킬 향상,Soft Skill,8,2022-02-07,2022-02-11,수료,71.6
TRN0663,EMP158,문제해결 기법,Soft Skill,12,2024-06-12,2024-06-18,수료,97.2
TRN0664,EMP159,Python 심화,Technical,24,2021-01-05,2021-01-17,미수료,90.1
TRN0665,EMP159,Python 기초,Technical,16,2020-01-22,2020-01-30,미수료,86.8
TRN0666,EMP159,프로젝트 관리 실무,Management,20,2022-07-28,2022-08-07,수료,75.1
TRN0667,EMP159,클라우드 컴퓨팅,Technical,24,2022-01-30,2022-02-11,수료,96.3
TRN0668,EMP159,애자일 방법론,Management,16,2020-01-22,2020-01-30,수료,91.3
TRN0669,EMP159,리더십 기본,Leadership,16,2021-09-29,2021-10-07,수료,73.5
TRN0670,EMP160,효과적인 커뮤니케이션,Soft Skill,8,2019-03-17,2019-03-21,수료,97.8
TRN0671,EMP160,클라우드 컴퓨팅,Technical,24,2019-03-25,2019-04-06,수료,77.9
TRN0672,EMP161,프로젝트 관리 실무,Management,20,2020-10-04,2020-10-14,수료,97.7
TRN0673,EMP161,정보보안,Compliance,8,2023-12-31,2024-01-04,수료,74.5
TRN0674,EMP161,협업 스킬 향상,Soft Skill,8,2021-08-22,2021-08-26,수료,84.1
TRN0675,EMP161,리더십 기본,Leadership,16,2020-11-23,2020-12-01,수료,83.1
TRN0676,EMP161,데이터 분석 실무,Technical,24,2024-08-12,2024-08-24,수료,80.7
TRN0677,EMP161,프레젠테이션 스킬,Soft Skill,8,2024-07-03,2024-07-07,수료,73.4
TRN0678,EMP161,AI/ML 기초,Technical,32,2020-09-21,2020-10-07,수료,72.8
TRN0679,EMP161,리더십 심화,Leadership,20,2022-04-01,2022-04-11,수료,75.0
TRN0680,EMP162,프로젝트 관리 실무,Management,20,2020-02-11,2020-02-21,수료,72.3
TRN0681,EMP162,리더십 기본,Leadership,16,2023-09-04,2023-09-12,수료,96.6
TRN0682,EMP162,Python 기초,Technical,16,2018-05-19,2018-05-27,수료,99.4
TRN0683,EMP162,개인정보보호,Compliance,4,2019-06-16,2019-06-18,수료,87.7
TRN0684,EMP162,AI/ML 실무,Technical,40,2019-04-12,2019-05-02,수료,74.6
TRN0685,EMP162,애자일 방법론,Management,16,2018-12-31,2019-01-08,수료,91.2
TRN0686,EMP163,디자인 씽킹,Soft Skill,16,2023-05-20,2023-05-28,수료,83.6
TRN0687,EMP163,프로젝트 관리 실무,Management,20,2024-03-24,2024-04-03,미수료,97.2
TRN0688,EMP163,Python 기초,Technical,16,2022-05-29,2022-06-06,수료,95.9
TRN0689,EMP163,프레젠테이션 스킬,Soft Skill,8,2023-03-30,2023-04-03,수료,93.9
TRN0690,EMP163,클라우드 컴퓨팅,Technical,24,2024-05-13,2024-05-25,수료,98.6
TRN0691,EMP164,데이터 분석 실무,Technical,24,2024-02-18,2024-03-01,수료,82.0
TRN0692,EMP164,AI/ML 실무,Technical,40,2021-06-26,2021-07-16,수료,74.9
TRN0693,EMP164,프로젝트 관리 실무,Management,20,2023-08-12,2023-08-22,수료,89.4
TRN0694,EMP164,개인정보보호,Compliance,4,2024-02-07,2024-02-09,수료,73.6
TRN0695,EMP164,SQL 데이터베이스,Technical,16,2022-10-20,2022-10-28,수료,92.1
TRN0696,EMP166,효과적인 커뮤니케이션,Soft Skill,8,2022-06-06,2022-06-10,수료,84.7
TRN0697,EMP166,AI/ML 기초,Technical,32,2022-07-18,2022-08-03,수료,86.9
TRN0698,EMP166,SQL 데이터베이스,Technical,16,2022-09-28,2022-10-06,수료,82.7
TRN0699,EMP166,문제해결 기법,Soft Skill,12,2022-06-08,2022-06-14,수료,83.0
TRN0700,EMP167,데이터 분석 실무,Technical,24,2022-07-28,2022-08-09,수료,91.4
TRN0701,EMP167,Python 심화,Technical,24,2024-07-21,2024-08-02,수료,88.9
TRN0702,EMP167,협업 스킬 향상,Soft Skill,8,2023-06-01,2023-06-05,수료,84.0
TRN0703,EMP167,리더십 심화,Leadership,20,2022-03-02,2022-03-12,수료,84.3
TRN0704,EMP167,클라우드 컴퓨팅,Technical,24,2022-05-12,2022-05-24,미수료,90.5
TRN0705,EMP168,리더십 심화,Leadership,20,2023-03-27,2023-04-06,수료,72.3
TRN0706,EMP168,정보보안,Compliance,8,2017-05-13,2017-05-17,수료,85.3
TRN0707,EMP168,문제해결 기법,Soft Skill,12,2021-06-28,2021-07-04,수료,89.8
TRN0708,EMP168,효과적인 커뮤니케이션,Soft Skill,8,2023-03-27,2023-03-31,수료,80.7
TRN0709,EMP169,데이터 분석 실무,Technical,24,2024-01-07,2024-01-19,수료,75.5
TRN0710,EMP169,정보보안,Compliance,8,2023-03-27,2023-03-31,수료,82.5
TRN0711,EMP169,Python 기초,Technical,16,2022-03-02,2022-03-10,수료,91.7
TRN0712,EMP169,Python 심화,Technical,24,2023-11-15,2023-11-27,수료,78.0
TRN0713,EMP169,AI/ML 기초,Technical,32,2020-12-04,2020-12-20,수료,72.3
TRN0714,EMP169,협업 스킬 향상,Soft Skill,8,2021-09-26,2021-09-30,수료,73.2
TRN0715,EMP170,Python 기초,Technical,16,2024-06-08,2024-06-16,수료,82.2
TRN0716,EMP170,개인정보보호,Compliance,4,2024-07-17,2024-07-19,수료,94.4
TRN0717,EMP170,AI/ML 실무,Technical,40,2023-02-17,2023-03-09,수료,98.9
TRN0718,EMP170,Python 심화,Technical,24,2023-07-07,2023-07-19,수료,72.6
TRN0719,EMP170,정보보안,Compliance,8,2020-08-07,2020-08-11,수료,73.4
TRN0720,EMP170,데이터 분석 실무,Technical,24,2019-04-07,2019-04-19,수료,75.6
TRN0721,EMP171,리더십 기본,Leadership,16,2023-09-08,2023-09-16,수료,77.3
TRN0722,EMP171,클라우드 컴퓨팅,Technical,24,2023-06-08,2023-06-20,수료,86.2
TRN0723,EMP172,애자일 방법론,Management,16,2020-08-01,2020-08-09,수료,70.7
TRN0724,EMP172,디자인 씽킹,Soft Skill,16,2020-10-14,2020-10-22,수료,92.2
TRN0725,EMP173,클라우드 컴퓨팅,Technical,24,2024-05-12,2024-05-24,수료,78.8
TRN0726,EMP173,개인정보보호,Compliance,4,2022-03-11,2022-03-13,수료,70.2
TRN0727,EMP173,Python 기초,Technical,16,2022-08-22,2022-08-30,미수료,95.5
TRN0728,EMP173,문제해결 기법,Soft Skill,12,2024-04-15,2024-04-21,수료,86.6
TRN0729,EMP173,리더십 심화,Leadership,20,2021-01-22,2021-02-01,수료,82.0
TRN0730,EMP174,클라우드 컴퓨팅,Technical,24,2022-07-16,2022-07-28,수료,71.9
TRN0731,EMP174,리더십 심화,Leadership,20,2022-12-10,2022-12-20,수료,84.2
TRN0732,EMP174,Python 심화,Technical,24,2022-01-30,2022-02-11,수료,89.4
TRN0733,EMP174,프로젝트 관리 실무,Management,20,2021-10-27,2021-11-06,수료,70.6
TRN0734,EMP174,Python 기초,Technical,16,2020-12-02,2020-12-10,수료,84.1
TRN0735,EMP174,리더십 기본,Leadership,16,2021-10-06,2021-10-14,수료,76.6
TRN0736,EMP175,협업 스킬 향상,Soft Skill,8,2022-07-30,2022-08-03,미수료,95.0
TRN0737,EMP175,디자인 씽킹,Soft Skill,16,2024-01-18,2024-01-26,수료,93.9
TRN0738,EMP175,효과적인 커뮤니케이션,Soft Skill,8,2021-04-18,2021-04-22,수료,78.5
TRN0739,EMP175,정보보안,Compliance,8,2020-11-14,2020-11-18,수료,73.9
TRN0740,EMP175,클라우드 컴퓨팅,Technical,24,2021-07-04,2021-07-16,수료,84.8
TRN0741,EMP175,AI/ML 기초,Technical,32,2022-09-20,2022-10-06,수료,84.8
TRN0742,EMP175,AI/ML 실무,Technical,40,2021-09-14,2021-10-04,수료,71.4
TRN0743,EMP176,AI/ML 기초,Technical,32,2021-07-03,2021-07-19,수료,75.2
TRN0744,EMP176,프로젝트 관리 실무,Management,20,2022-04-29,2022-05-09,수료,71.9
TRN0745,EMP179,리더십 심화,Leadership,20,2022-09-17,2022-09-27,수료,93.1
TRN0746,EMP179,SQL 데이터베이스,Technical,16,2021-09-22,2021-09-30,수료,95.6
TRN0747,EMP179,개인정보보호,Compliance,4,2019-11-23,2019-11-25,수료,97.8
TRN0748,EMP179,클라우드 컴퓨팅,Technical,24,2023-08-21,2023-09-02,수료,98.9
TRN0749,EMP179,효과적인 커뮤니케이션,Soft Skill,8,2019-12-21,2019-12-25,미수료,93.4
TRN0750,EMP179,프레젠테이션 스킬,Soft Skill,8,2019-11-14,2019-11-18,수료,71.3
TRN0751,EMP180,프레젠테이션 스킬,Soft Skill,8,2019-10-05,2019-10-09,수료,74.7
TRN0752,EMP180,SQL 데이터베이스,Technical,16,2020-09-24,2020-10-02,수료,92.9
TRN0753,EMP181,SQL 데이터베이스,Technical,16,2016-12-14,2016-12-22,수료,76.1
TRN0754,EMP181,효과적인 커뮤니케이션,Soft Skill,8,2020-01-26,2020-01-30,수료,70.2
TRN0755,EMP181,AI/ML 기초,Technical,32,2020-09-20,2020-10-06,수료,85.2
TRN0756,EMP181,프레젠테이션 스킬,Soft Skill,8,2016-05-13,2016-05-17,수료,91.5
TRN0757,EMP181,문제해결 기법,Soft Skill,12,2020-01-23,2020-01-29,수료,89.9
TRN0758,EMP182,정보보안,Compliance,8,2016-12-23,2016-12-27,수료,82.4
TRN0759,EMP182,문제해결 기법,Soft Skill,12,2020-01-08,2020-01-14,수료,98.6
TRN0760,EMP182,리더십 심화,Leadership,20,2021-03-21,2021-03-31,수료,80.9
TRN0761,EMP183,디자인 씽킹,Soft Skill,16,2016-12-23,2016-12-31,수료,85.5
TRN0762,EMP183,효과적인 커뮤니케이션,Soft Skill,8,2017-08-25,2017-08-29,수료,79.4
TRN0763,EMP184,프레젠테이션 스킬,Soft Skill,8,2020-09-09,2020-09-13,수료,71.7
TRN0764,EMP184,문제해결 기법,Soft Skill,12,2022-04-25,2022-05-01,수료,96.6
TRN0765,EMP184,Python 심화,Technical,24,2022-05-30,2022-06-11,수료,79.4
TRN0766,EMP184,리더십 기본,Leadership,16,2022-11-09,2022-11-17,수료,78.4
TRN0767,EMP184,AI/ML 실무,Technical,40,2020-08-23,2020-09-12,수료,83.4
TRN0768,EMP184,Python 기초,Technical,16,2021-04-19,2021-04-27,수료,88.7
TRN0769,EMP184,협업 스킬 향상,Soft Skill,8,2023-12-16,2023-12-20,수료,96.6
TRN0770,EMP184,AI/ML 기초,Technical,32,2023-07-14,2023-07-30,수료,96.4
TRN0771,EMP185,Python 심화,Technical,24,2019-08-30,2019-09-11,수료,92.2
TRN0772,EMP185,협업 스킬 향상,Soft Skill,8,2016-09-13,2016-09-17,수료,86.2
TRN0773,EMP186,데이터 분석 실무,Technical,24,2023-10-19,2023-10-31,수료,89.1
TRN0774,EMP186,정보보안,Compliance,8,2022-05-27,2022-05-31,수료,93.9
TRN0775,EMP186,애자일 방법론,Management,16,2023-12-31,2024-01-08,수료,95.0
TRN0776,EMP189,정보보안,Compliance,8,2020-01-18,2020-01-22,수료,80.6
TRN0777,EMP189,SQL 데이터베이스,Technical,16,2017-09-02,2017-09-10,수료,98.2
TRN0778,EMP189,Python 심화,Technical,24,2022-03-03,2022-03-15,수료,92.1
TRN0779,EMP189,문제해결 기법,Soft Skill,12,2022-03-21,2022-03-27,수료,77.1
TRN0780,EMP189,프레젠테이션 스킬,Soft Skill,8,2023-08-29,2023-09-02,수료,96.8
TRN0781,EMP190,개인정보보호,Compliance,4,2023-07-30,2023-08-01,수료,94.5
TRN0782,EMP190,리더십 심화,Leadership,20,2024-05-20,2024-05-30,수료,91.4
TRN0783,EMP190,AI/ML 기초,Technical,32,2024-03-27,2024-04-12,수료,73.2
TRN0784,EMP190,효과적인 커뮤니케이션,Soft Skill,8,2024-03-23,2024-03-27,수료,94.7
TRN0785,EMP192,디자인 씽킹,Soft Skill,16,2021-02-20,2021-02-28,수료,72.5
TRN0786,EMP192,SQL 데이터베이스,Technical,16,2017-01-23,2017-01-31,수료,73.9
TRN0787,EMP192,효과적인 커뮤니케이션,Soft Skill,8,2018-10-10,2018-10-14,수료,81.1
TRN0788,EMP192,AI/ML 기초,Technical,32,2022-04-08,2022-04-24,수료,86.8
TRN0789,EMP195,AI/ML 실무,Technical,40,2023-11-01,2023-11-21,미수료,94.7
TRN0790,EMP195,프로젝트 관리 실무,Management,20,2017-03-31,2017-04-10,수료,84.5
TRN0791,EMP195,클라우드 컴퓨팅,Technical,24,2020-10-04,2020-10-16,수료,91.1
TRN0792,EMP195,협업 스킬 향상,Soft Skill,8,2021-07-24,2021-07-28,수료,76.4
TRN0793,EMP195,리더십 기본,Leadership,16,2020-12-07,2020-12-15,수료,74.7
TRN0794,EMP195,리더십 심화,Leadership,20,2021-11-23,2021-12-03,수료,98.6
TRN0795,EMP195,AI/ML 기초,Technical,32,2022-05-17,2022-06-02,수료,73.3
TRN0796,EMP195,개인정보보호,Compliance,4,2019-10-09,2019-10-11,수료,71.2
TRN0797,EMP196,SQL 데이터베이스,Technical,16,2023-08-14,2023-08-22,수료,84.6
TRN0798,EMP196,AI/ML 기초,Technical,32,2022-12-20,2023-01-05,수료,87.7
TRN0799,EMP196,애자일 방법론,Management,16,2022-09-14,2022-09-22,수료,79.2
