project_member_id,employee_id,project_id,project_name,role,pm_qualitative_feedback,peer_qualitative_feedback,start_date,end_date
PM0001,EMP164,PRJ_2020_01,보안 강화 프로젝트,PL,"프로젝트 목표 126% 달성. 품질 기준을 초과하여 완수했으며, 기술적 완성도가 매우 높음.",항상 동료를 먼저 생각하고 배울 점이 많은 동료. 전문성도 뛰어남.,2020-03-01,2020-12-26
PM0002,EMP007,PRJ_2020_01,보안 강화 프로젝트,개발자,맡은 역할을 성실히 수행. 주어진 작업 완수. 도전적 목표 설정 권장.,프로젝트에 성실히 기여. 원활한 협업.,2020-03-01,2020-12-26
PM0003,EMP135,PRJ_2020_01,보안 강화 프로젝트,개발자,"프로젝트 목표 130% 달성. 품질 기준을 초과하여 완수했으며, 팀원들의 신뢰가 매우 높음.",성실하며 업무를 수행. 맡은 일 잘 처리함.,2020-03-01,2020-12-26
PM0004,TL004,PRJ_2020_01,보안 강화 프로젝트,QA,요구사항에 맞춰 업무 완수. 기술적 역량 발휘. 다음 프로젝트에서 더 큰 역할 기대.,업무는 처리하지만 커뮤니케이션이 부족. 더 적극적인 참여 기대.,2020-03-01,2020-12-26
PM0005,EMP075,PRJ_2020_02,클라우드 마이그레이션,PL,"프로젝트 목표 107% 달성. 예산 대비 효율적으로 완수했으며, 기술적 완성도가 매우 높음.",업무는 처리하지만 커뮤니케이션이 부족. 소통 개선 필요.,2020-09-03,2021-05-01
PM0006,EMP130,PRJ_2020_02,클라우드 마이그레이션,개발자,타 팀과의 협업에서 어려움 노출. 개선 방안 논의 필요.,프로젝트 진행 중 적극적인 소통로 팀워크 향상에 기여. 팀 성과에 큰 기여.,2020-09-03,2021-05-01
PM0007,EMP049,PRJ_2020_02,클라우드 마이그레이션,개발자,일정대로 업무 완수. 기술적 역량 발휘. 다음 프로젝트에서 전문성 심화 요구.,협업에 긍정적. 믿고 맡길 수 있음.,2020-09-03,2021-05-01
PM0008,EMP103,PRJ_2020_03,HR 챗봇 개발,PL,큰 이슈 없이 업무 완수. 책임감 있는 태도. 다음 프로젝트에서 전문성 심화 요구.,협력적이고 업무를 수행. 맡은 일 잘 처리함.,2020-07-19,2021-05-15
PM0009,EMP078,PRJ_2020_03,HR 챗봇 개발,개발자,요구사항 이해에서 어려움 노출. 개선 방안 논의 필요.,책임감이 강하고 팀원들에게 지식을 공유해줌. 팀의 기둥.,2020-07-19,2021-05-15
PM0010,EMP038,PRJ_2020_03,HR 챗봇 개발,개발자,전반적으로 만족스러운 기여. 일정 관리 능력 향상 시 더 큰 성과 기대.,적극적으로 참여. 함께 일하기 좋음.,2020-07-19,2021-05-15
PM0011,EMP160,PRJ_2020_04,데이터 웨어하우스 구축,PL,"기본 작업은 완수했으나, 커뮤니케이션 개선 필요. 추가 교육 권장.",협업에 긍정적. 믿고 맡길 수 있음.,2020-10-11,2021-08-07
PM0012,EMP051,PRJ_2020_04,데이터 웨어하우스 구축,개발자,전반적으로 만족스러운 기여. 일정 관리 능력 향상 시 더 큰 성과 기대.,성실하며 업무를 수행. 커뮤니케이션 원활함.,2020-10-11,2021-08-07
PM0013,TL008,PRJ_2020_04,데이터 웨어하우스 구축,개발자,큰 이슈 없이 업무 완수. 팀과의 협업 양호. 다음 프로젝트에서 리더십 발휘 필요.,프로젝트 진행 중 빠른 피드백로 팀워크 향상에 기여. 함께 일하고 싶은 동료.,2020-10-11,2021-08-07
PM0014,EMP155,PRJ_2020_04,데이터 웨어하우스 구축,QA,"기본 작업은 완수했으나, 품질 기준 미달 부분 존재. 멘토링 지원 필요.",기본적인 협업은 수행하나 적극성 필요. 소통 개선 필요.,2020-10-11,2021-08-07
PM0015,EMP148,PRJ_2020_04,데이터 웨어하우스 구축,기획자,뛰어난 커뮤니케이션으로 프로젝트에 기여. 향후 리더 역할 기대됨.,필요한 지원 제공. 믿고 맡길 수 있음.,2020-10-11,2021-08-07
PM0016,EMP036,PRJ_2020_04,데이터 웨어하우스 구축,디자이너,"기본 작업은 완수했으나, 품질 기준 미달 부분 존재. 추가 교육 권장.",항상 동료를 먼저 생각하고 함께 일하기 좋은 동료. 전문성도 뛰어남.,2020-10-11,2021-08-07
PM0017,EMP135,PRJ_2020_04,데이터 웨어하우스 구축,PM,전반적으로 만족스러운 기여. 일정 관리 능력 향상 시 더 큰 성과 기대.,프로젝트에 성실히 기여. 특별한 이슈 없음.,2020-10-11,2021-08-07
PM0018,EMP065,PRJ_2020_04,데이터 웨어하우스 구축,아키텍트,"기본 작업은 완수했으나, 일정 준수에 어려움. 멘토링 지원 필요.",업무는 처리하지만 주도적 참여 아쉬움. 소통 개선 필요.,2020-10-11,2021-08-07
PM0019,EMP026,PRJ_2020_04,데이터 웨어하우스 구축,PL,요구사항 변경를 창의적으로 해결. 팀의 롤모델.,프로젝트 진행 중 건설적인 의견 제시로 팀워크 향상에 기여. 팀 성과에 큰 기여.,2020-10-11,2021-08-07
PM0020,EMP195,PRJ_2020_05,고객 포털 개발,PL,"기본 작업은 완수했으나, 품질 기준 미달 부분 존재. 멘토링 지원 필요.",기술적으로 뛰어나며 후배들을 잘 가르침해줌. 팀의 기둥.,2020-08-05,2021-07-31
PM0021,EMP014,PRJ_2020_05,고객 포털 개발,개발자,일정 지연 리스크를 신속하게 해결. 프로젝트 성공의 핵심 기여자.,업무는 처리하지만 적극성 필요. 개선 여지 있음.,2020-08-05,2021-07-31
PM0022,EMP126,PRJ_2020_05,고객 포털 개발,개발자,맡은 역할을 성실히 수행. 주어진 작업 완수. 도전적 목표 설정 권장.,프로젝트에 성실히 기여. 특별한 이슈 없음.,2020-08-05,2021-07-31
PM0023,EMP073,PRJ_2020_05,고객 포털 개발,QA,맡은 역할을 성실히 수행. 주어진 작업 완수. 보다 주도적인 역할 기대.,프로젝트 진행 중 건설적인 의견 제시로 팀워크 향상에 기여. 함께 일하고 싶은 동료.,2020-08-05,2021-07-31
PM0024,EMP005,PRJ_2020_06,AI 추천 시스템,PL,적극적인 책임감으로 프로젝트에 기여. 향후 리더 역할 기대됨.,열정적으로 일하며 후배들을 잘 가르침해줌. 없어서는 안 될 동료.,2020-09-25,2021-07-22
PM0025,EMP043,PRJ_2020_06,AI 추천 시스템,개발자,전반적으로 만족스러운 기여. 기술 역량 강화 시 더 큰 성과 기대.,업무는 처리하지만 주도적 참여 아쉬움. 소통 개선 필요.,2020-09-25,2021-07-22
PM0026,EMP100,PRJ_2020_06,AI 추천 시스템,개발자,맡은 역할을 성실히 수행. 주어진 작업 완수. 도전적 목표 설정 권장.,책임감이 강하고 팀원들에게 지식을 공유해줌. 핵심 멤버.,2020-09-25,2021-07-22
PM0027,EMP049,PRJ_2020_07,모니터링 시스템,PL,복잡한 기술 이슈를 창의적으로 해결. 팀의 롤모델.,업무는 처리하지만 주도적 참여 아쉬움. 개선 여지 있음.,2020-08-28,2021-01-25
PM0028,EMP126,PRJ_2020_07,모니터링 시스템,개발자,복잡한 기술 이슈를 체계적으로 해결. 기술 리더 역할 수행.,프로젝트에 전문성 발휘. 원활한 협업.,2020-08-28,2021-01-25
PM0029,EMP008,PRJ_2020_07,모니터링 시스템,개발자,전반적으로 만족스러운 기여. 커뮤니케이션 개선 시 더 큰 성과 기대.,프로젝트에 성실히 기여. 원활한 협업.,2020-08-28,2021-01-25
PM0030,EMP104,PRJ_2020_07,모니터링 시스템,QA,"프로젝트 목표 126% 달성. 일정을 앞당겨 완수했으며, 기술적 완성도가 매우 높음.",프로젝트에 전문성 발휘. 안정적인 성과.,2020-08-28,2021-01-25
PM0031,EMP184,PRJ_2020_07,모니터링 시스템,기획자,큰 이슈 없이 업무 완수. 팀과의 협업 양호. 다음 프로젝트에서 리더십 발휘 필요.,프로젝트에 전문성 발휘. 특별한 이슈 없음.,2020-08-28,2021-01-25
PM0032,EMP114,PRJ_2020_07,모니터링 시스템,디자이너,요구사항 이해에서 어려움 노출. 개선 방안 논의 필요.,성실하며 업무를 수행. 커뮤니케이션 원활함.,2020-08-28,2021-01-25
PM0033,DIV002,PRJ_2020_08,API 게이트웨이 개발,PL,전반적으로 만족스러운 기여. 일정 관리 능력 향상 시 더 큰 성과 기대.,프로젝트에 성실히 기여. 특별한 이슈 없음.,2020-02-22,2021-02-16
PM0034,EMP002,PRJ_2020_08,API 게이트웨이 개발,개발자,맡은 역할을 성실히 수행. 안정적인 업무 처리. 도전적 목표 설정 권장.,업무는 처리하지만 적극성 필요. 소통 개선 필요.,2020-02-22,2021-02-16
PM0035,EMP058,PRJ_2020_08,API 게이트웨이 개발,개발자,"프로젝트 목표 107% 달성. 품질 기준을 초과하여 완수했으며, 이해관계자 만족도가 매우 높음.",기본적인 협업은 수행하나 커뮤니케이션이 부족. 개선 여지 있음.,2020-02-22,2021-02-16
PM0036,EMP192,PRJ_2020_08,API 게이트웨이 개발,QA,복잡한 기술 이슈를 신속하게 해결. 기술 리더 역할 수행.,프로젝트에 성실히 기여. 안정적인 성과.,2020-02-22,2021-02-16
PM0037,EMP166,PRJ_2020_09,인증 시스템 개선,PL,큰 이슈 없이 업무 완수. 팀과의 협업 양호. 다음 프로젝트에서 리더십 발휘 필요.,항상 동료를 먼저 생각하고 배울 점이 많은 동료. 문제 해결 능력 우수.,2020-07-08,2021-04-04
PM0038,EMP162,PRJ_2020_09,인증 시스템 개선,개발자,전반적으로 만족스러운 기여. 기술 역량 강화 시 더 큰 성과 기대.,기술적으로 뛰어나며 후배들을 잘 가르침해줌. 없어서는 안 될 동료.,2020-07-08,2021-04-04
PM0039,EMP141,PRJ_2020_09,인증 시스템 개선,개발자,요구사항 이해에서 어려움 노출. 개선 방안 논의 필요.,기본적인 협업은 수행하나 주도적 참여 아쉬움. 소통 개선 필요.,2020-07-08,2021-04-04
PM0040,EMP106,PRJ_2020_09,인증 시스템 개선,QA,맡은 역할을 성실히 수행. 기본 목표 달성. 도전적 목표 설정 권장.,책임감이 강하고 어려운 문제도 함께 고민해줌. 없어서는 안 될 동료.,2020-07-08,2021-04-04
PM0041,EMP048,PRJ_2020_09,인증 시스템 개선,기획자,큰 이슈 없이 업무 완수. 팀과의 협업 양호. 다음 프로젝트에서 더 큰 역할 기대.,팀 분위기를 밝게 만들고 배울 점이 많은 동료. 전문성도 뛰어남.,2020-07-08,2021-04-04
PM0042,EMP046,PRJ_2020_09,인증 시스템 개선,디자이너,탁월한 문제 해결 능력으로 프로젝트에 기여. 향후 리더 역할 기대됨.,협업에 긍정적. 믿고 맡길 수 있음.,2020-07-08,2021-04-04
PM0043,EMP056,PRJ_2020_09,인증 시스템 개선,PM,"프로젝트 목표 122% 달성. 예산 대비 효율적으로 완수했으며, 이해관계자 만족도가 매우 높음.",프로젝트 진행 중 빠른 피드백로 팀워크 향상에 기여. 팀 성과에 큰 기여.,2020-07-08,2021-04-04
PM0044,EMP017,PRJ_2020_09,인증 시스템 개선,아키텍트,전반적으로 만족스러운 기여. 커뮤니케이션 개선 시 더 큰 성과 기대.,적극적으로 참여. 함께 일하기 좋음.,2020-07-08,2021-04-04
PM0045,EMP064,PRJ_2020_09,인증 시스템 개선,PL,일정 지연 리스크를 창의적으로 해결. 기술 리더 역할 수행.,필요한 지원 제공. 믿고 맡길 수 있음.,2020-07-08,2021-04-04
PM0046,EMP102,PRJ_2020_10,고객 포털 개발,PL,큰 이슈 없이 업무 완수. 팀과의 협업 양호. 다음 프로젝트에서 리더십 발휘 필요.,적극적으로 참여. 믿고 맡길 수 있음.,2020-06-02,2021-04-28
PM0047,EMP027,PRJ_2020_10,고객 포털 개발,개발자,"기본 작업은 완수했으나, 커뮤니케이션 개선 필요. 역량 강화 계획 수립.",프로젝트 진행 중 빠른 피드백로 팀워크 향상에 기여. 팀 성과에 큰 기여.,2020-06-02,2021-04-28
PM0048,EMP070,PRJ_2020_10,고객 포털 개발,개발자,맡은 역할을 성실히 수행. 안정적인 업무 처리. 도전적 목표 설정 권장.,프로젝트에 성실히 기여. 특별한 이슈 없음.,2020-06-02,2021-04-28
PM0049,EMP106,PRJ_2020_10,고객 포털 개발,QA,"기본 작업은 완수했으나, 커뮤니케이션 개선 필요. 역량 강화 계획 수립.",항상 동료를 먼저 생각하고 배울 점이 많은 동료. 전문성도 뛰어남.,2020-06-02,2021-04-28
PM0050,EMP088,PRJ_2020_10,고객 포털 개발,기획자,전반적으로 만족스러운 기여. 일정 관리 능력 향상 시 더 큰 성과 기대.,기술적으로 뛰어나며 어려운 문제도 함께 고민해줌. 팀의 기둥.,2020-06-02,2021-04-28
PM0051,EMP162,PRJ_2020_11,모니터링 시스템,PL,요구사항 이해에서 어려움 노출. 개선 방안 논의 필요.,프로젝트 진행 중 적극적인 소통로 팀워크 향상에 기여. 신뢰도 높음.,2020-05-28,2020-09-25
PM0052,EMP128,PRJ_2020_11,모니터링 시스템,개발자,일정 지연 리스크를 창의적으로 해결. 팀의 롤모델.,적극적으로 참여. 동료로서 만족.,2020-05-28,2020-09-25
PM0053,TL006,PRJ_2020_11,모니터링 시스템,개발자,"프로젝트 목표 120% 달성. 예산 대비 효율적으로 완수했으며, 기술적 완성도가 매우 높음.",프로젝트에 성실히 기여. 원활한 협업.,2020-05-28,2020-09-25
PM0054,EMP113,PRJ_2020_11,모니터링 시스템,QA,적극적인 책임감으로 프로젝트에 기여. 향후 리더 역할 기대됨.,항상 동료를 먼저 생각하고 배울 점이 많은 동료. 문제 해결 능력 우수.,2020-05-28,2020-09-25
PM0055,EMP156,PRJ_2020_11,모니터링 시스템,기획자,큰 이슈 없이 업무 완수. 기술적 역량 발휘. 다음 프로젝트에서 더 큰 역할 기대.,책임감이 강하고 후배들을 잘 가르침해줌. 없어서는 안 될 동료.,2020-05-28,2020-09-25
PM0056,EMP120,PRJ_2020_11,모니터링 시스템,디자이너,탁월한 문제 해결 능력으로 프로젝트에 기여. 지속적 성장 예상됨.,프로젝트에 전문성 발휘. 특별한 이슈 없음.,2020-05-28,2020-09-25
PM0057,EMP001,PRJ_2020_11,모니터링 시스템,PM,맡은 역할을 성실히 수행. 안정적인 업무 처리. 보다 주도적인 역할 기대.,책임감 있게 업무를 수행. 팀워크 양호함.,2020-05-28,2020-09-25
PM0058,EMP119,PRJ_2020_12,레거시 시스템 개선,PL,요구사항 변경를 신속하게 해결. 기술 리더 역할 수행.,항상 동료를 먼저 생각하고 함께 일하기 좋은 동료. 문제 해결 능력 우수.,2020-01-21,2021-01-15
PM0059,EMP102,PRJ_2020_12,레거시 시스템 개선,개발자,"프로젝트 목표 130% 달성. 예산 대비 효율적으로 완수했으며, 이해관계자 만족도가 매우 높음.",프로젝트 진행 중 건설적인 의견 제시로 팀워크 향상에 기여. 함께 일하고 싶은 동료.,2020-01-21,2021-01-15
PM0060,EMP131,PRJ_2020_12,레거시 시스템 개선,개발자,전반적으로 만족스러운 기여. 일정 관리 능력 향상 시 더 큰 성과 기대.,기술적으로 뛰어나며 후배들을 잘 가르침해줌. 팀의 기둥.,2020-01-21,2021-01-15
PM0061,EMP125,PRJ_2020_12,레거시 시스템 개선,QA,일정 지연 리스크를 창의적으로 해결. 기술 리더 역할 수행.,필요한 지원 제공. 함께 일하기 좋음.,2020-01-21,2021-01-15
PM0062,EMP005,PRJ_2021_01,검색 엔진 최적화,PL,적극적인 책임감으로 프로젝트에 기여. 향후 리더 역할 기대됨.,기본적인 협업은 수행하나 커뮤니케이션이 부족. 더 적극적인 참여 기대.,2021-02-03,2021-12-30
PM0063,EMP024,PRJ_2021_01,검색 엔진 최적화,개발자,일정 지연 리스크를 신속하게 해결. 팀의 롤모델.,프로젝트에 성실히 기여. 원활한 협업.,2021-02-03,2021-12-30
PM0064,EMP006,PRJ_2021_01,검색 엔진 최적화,개발자,"프로젝트 목표 117% 달성. 예산 대비 효율적으로 완수했으며, 기술적 완성도가 매우 높음.",프로젝트 진행 중 빠른 피드백로 팀워크 향상에 기여. 팀 성과에 큰 기여.,2021-02-03,2021-12-30
PM0065,EMP104,PRJ_2021_01,검색 엔진 최적화,QA,일정 지연 리스크를 체계적으로 해결. 프로젝트 성공의 핵심 기여자.,필요한 지원 제공. 동료로서 만족.,2021-02-03,2021-12-30
PM0066,EMP051,PRJ_2021_01,검색 엔진 최적화,기획자,복잡한 기술 이슈를 체계적으로 해결. 프로젝트 성공의 핵심 기여자.,열정적으로 일하며 어려운 문제도 함께 고민해줌. 없어서는 안 될 동료.,2021-02-03,2021-12-30
PM0067,EMP111,PRJ_2021_01,검색 엔진 최적화,디자이너,뛰어난 커뮤니케이션으로 프로젝트에 기여. 향후 리더 역할 기대됨.,프로젝트 진행 중 적극적인 소통로 팀워크 향상에 기여. 팀 성과에 큰 기여.,2021-02-03,2021-12-30
PM0068,EMP008,PRJ_2021_02,보안 강화 프로젝트,PL,"프로젝트 목표 118% 달성. 일정을 앞당겨 완수했으며, 팀원들의 신뢰가 매우 높음.",필요한 지원 제공. 동료로서 만족.,2021-10-19,2022-09-14
PM0069,EMP051,PRJ_2021_02,보안 강화 프로젝트,개발자,"기본 작업은 완수했으나, 커뮤니케이션 개선 필요. 추가 교육 권장.",성실하며 업무를 수행. 맡은 일 잘 처리함.,2021-10-19,2022-09-14
PM0070,EMP007,PRJ_2021_02,보안 강화 프로젝트,개발자,"프로젝트 목표 111% 달성. 품질 기준을 초과하여 완수했으며, 팀원들의 신뢰가 매우 높음.",어려울 때 적극적으로 도와주며 신뢰할 수 있는 동료. 문제 해결 능력 우수.,2021-10-19,2022-09-14
PM0071,DIV003,PRJ_2021_02,보안 강화 프로젝트,QA,일정 지연 리스크를 신속하게 해결. 기술 리더 역할 수행.,열정적으로 일하며 후배들을 잘 가르침해줌. 핵심 멤버.,2021-10-19,2022-09-14
PM0072,EMP143,PRJ_2021_02,보안 강화 프로젝트,기획자,전반적으로 만족스러운 기여. 일정 관리 능력 향상 시 더 큰 성과 기대.,열정적으로 일하며 어려운 문제도 함께 고민해줌. 핵심 멤버.,2021-10-19,2022-09-14
PM0073,EMP138,PRJ_2021_03,HR 챗봇 개발,PL,뛰어난 커뮤니케이션으로 프로젝트에 기여. 향후 리더 역할 기대됨.,항상 동료를 먼저 생각하고 배울 점이 많은 동료. 커뮤니케이션이 탁월함.,2021-10-07,2022-09-02
PM0074,EMP010,PRJ_2021_03,HR 챗봇 개발,개발자,요구사항에 맞춰 업무 완수. 팀과의 협업 양호. 다음 프로젝트에서 전문성 심화 요구.,어려울 때 적극적으로 도와주며 신뢰할 수 있는 동료. 문제 해결 능력 우수.,2021-10-07,2022-09-02
PM0075,EMP124,PRJ_2021_03,HR 챗봇 개발,개발자,일정 지연 리스크를 신속하게 해결. 프로젝트 성공의 핵심 기여자.,협력적이고 업무를 수행. 팀워크 양호함.,2021-10-07,2022-09-02
PM0076,EMP012,PRJ_2021_03,HR 챗봇 개발,QA,요구사항 이해에서 어려움 노출. 개선 방안 논의 필요.,필요한 지원 제공. 함께 일하기 좋음.,2021-10-07,2022-09-02
PM0077,EMP111,PRJ_2021_03,HR 챗봇 개발,기획자,적극적인 책임감으로 프로젝트에 기여. 지속적 성장 예상됨.,적극적으로 참여. 동료로서 만족.,2021-10-07,2022-09-02
PM0078,EMP070,PRJ_2021_03,HR 챗봇 개발,디자이너,"기본 작업은 완수했으나, 커뮤니케이션 개선 필요. 역량 강화 계획 수립.",성실하며 업무를 수행. 커뮤니케이션 원활함.,2021-10-07,2022-09-02
PM0079,EMP031,PRJ_2021_03,HR 챗봇 개발,PM,"기본 작업은 완수했으나, 커뮤니케이션 개선 필요. 역량 강화 계획 수립.",어려울 때 적극적으로 도와주며 함께 일하기 좋은 동료. 문제 해결 능력 우수.,2021-10-07,2022-09-02
PM0080,EMP190,PRJ_2021_04,BI 대시보드 구축,PL,"기본 작업은 완수했으나, 품질 기준 미달 부분 존재. 역량 강화 계획 수립.",기본적인 협업은 수행하나 커뮤니케이션이 부족. 개선 여지 있음.,2021-09-04,2021-12-03
PM0081,EMP192,PRJ_2021_04,BI 대시보드 구축,개발자,"기본 작업은 완수했으나, 커뮤니케이션 개선 필요. 멘토링 지원 필요.",적극적으로 참여. 함께 일하기 좋음.,2021-09-04,2021-12-03
PM0082,EMP157,PRJ_2021_04,BI 대시보드 구축,개발자,일정 지연 리스크를 체계적으로 해결. 프로젝트 성공의 핵심 기여자.,업무는 처리하지만 커뮤니케이션이 부족. 소통 개선 필요.,2021-09-04,2021-12-03
PM0083,EMP137,PRJ_2021_04,BI 대시보드 구축,QA,일정 지연 리스크를 체계적으로 해결. 프로젝트 성공의 핵심 기여자.,프로젝트에 전문성 발휘. 특별한 이슈 없음.,2021-09-04,2021-12-03
PM0084,EMP013,PRJ_2021_04,BI 대시보드 구축,기획자,"프로젝트 목표 107% 달성. 일정을 앞당겨 완수했으며, 기술적 완성도가 매우 높음.",필요한 지원 제공. 함께 일하기 좋음.,2021-09-04,2021-12-03
PM0085,EMP160,PRJ_2021_04,BI 대시보드 구축,디자이너,맡은 역할을 성실히 수행. 기본 목표 달성. 보다 주도적인 역할 기대.,기본적인 협업은 수행하나 커뮤니케이션이 부족. 소통 개선 필요.,2021-09-04,2021-12-03
PM0086,EMP108,PRJ_2021_04,BI 대시보드 구축,PM,전반적으로 만족스러운 기여. 일정 관리 능력 향상 시 더 큰 성과 기대.,프로젝트 진행 중 건설적인 의견 제시로 팀워크 향상에 기여. 신뢰도 높음.,2021-09-04,2021-12-03
PM0087,EMP125,PRJ_2021_04,BI 대시보드 구축,아키텍트,전반적으로 만족스러운 기여. 커뮤니케이션 개선 시 더 큰 성과 기대.,프로젝트 진행 중 적극적인 소통로 팀워크 향상에 기여. 팀 성과에 큰 기여.,2021-09-04,2021-12-03
PM0088,EMP146,PRJ_2021_04,BI 대시보드 구축,PL,전반적으로 만족스러운 기여. 일정 관리 능력 향상 시 더 큰 성과 기대.,필요한 지원 제공. 함께 일하기 좋음.,2021-09-04,2021-12-03
PM0089,TL005,PRJ_2021_04,BI 대시보드 구축,개발자,요구사항 변경를 체계적으로 해결. 프로젝트 성공의 핵심 기여자.,프로젝트에 전문성 발휘. 안정적인 성과.,2021-09-04,2021-12-03
PM0090,EMP123,PRJ_2021_05,검색 엔진 최적화,PL,"프로젝트 목표 109% 달성. 일정을 앞당겨 완수했으며, 이해관계자 만족도가 매우 높음.",기본적인 협업은 수행하나 주도적 참여 아쉬움. 개선 여지 있음.,2021-03-09,2021-06-07
PM0091,EMP162,PRJ_2021_05,검색 엔진 최적화,개발자,맡은 역할을 성실히 수행. 기본 목표 달성. 역량 확장 필요.,항상 동료를 먼저 생각하고 함께 일하기 좋은 동료. 커뮤니케이션이 탁월함.,2021-03-09,2021-06-07
PM0092,EMP019,PRJ_2021_05,검색 엔진 최적화,개발자,탁월한 문제 해결 능력으로 프로젝트에 기여. 지속적 성장 예상됨.,프로젝트 진행 중 유연한 협업 태도로 팀워크 향상에 기여. 팀 성과에 큰 기여.,2021-03-09,2021-06-07
PM0093,EMP086,PRJ_2021_05,검색 엔진 최적화,QA,기술적 난이도 해결에서 어려움 노출. 개선 방안 논의 필요.,프로젝트 진행 중 유연한 협업 태도로 팀워크 향상에 기여. 함께 일하고 싶은 동료.,2021-03-09,2021-06-07
PM0094,EMP156,PRJ_2021_05,검색 엔진 최적화,기획자,"기본 작업은 완수했으나, 커뮤니케이션 개선 필요. 멘토링 지원 필요.",열정적으로 일하며 팀원들에게 지식을 공유해줌. 팀의 기둥.,2021-03-09,2021-06-07
PM0095,EMP014,PRJ_2021_05,검색 엔진 최적화,디자이너,큰 이슈 없이 업무 완수. 기술적 역량 발휘. 다음 프로젝트에서 더 큰 역할 기대.,프로젝트에 전문성 발휘. 안정적인 성과.,2021-03-09,2021-06-07
PM0096,TL004,PRJ_2021_05,검색 엔진 최적화,PM,"프로젝트 목표 107% 달성. 일정을 앞당겨 완수했으며, 팀원들의 신뢰가 매우 높음.",열정적으로 일하며 팀원들에게 지식을 공유해줌. 핵심 멤버.,2021-03-09,2021-06-07
PM0097,EMP046,PRJ_2021_05,검색 엔진 최적화,아키텍트,요구사항 이해에서 어려움 노출. 개선 방안 논의 필요.,프로젝트에 책임감 있게 참여. 특별한 이슈 없음.,2021-03-09,2021-06-07
PM0098,TL009,PRJ_2021_05,검색 엔진 최적화,PL,일정대로 업무 완수. 책임감 있는 태도. 다음 프로젝트에서 더 큰 역할 기대.,필요한 지원 제공. 믿고 맡길 수 있음.,2021-03-09,2021-06-07
PM0099,DIV002,PRJ_2021_05,검색 엔진 최적화,개발자,뛰어난 커뮤니케이션으로 프로젝트에 기여. 핵심 인재로 평가됨.,팀 분위기를 밝게 만들고 함께 일하기 좋은 동료. 문제 해결 능력 우수.,2021-03-09,2021-06-07
PM0100,EMP121,PRJ_2021_06,보안 강화 프로젝트,PL,맡은 역할을 성실히 수행. 안정적인 업무 처리. 역량 확장 필요.,협업에 긍정적. 동료로서 만족.,2021-04-15,2022-04-10
PM0101,EMP068,PRJ_2021_06,보안 강화 프로젝트,개발자,일정 지연 리스크를 체계적으로 해결. 팀의 롤모델.,프로젝트 진행 중 유연한 협업 태도로 팀워크 향상에 기여. 신뢰도 높음.,2021-04-15,2022-04-10
PM0102,DIV001,PRJ_2021_06,보안 강화 프로젝트,개발자,전반적으로 만족스러운 기여. 기술 역량 강화 시 더 큰 성과 기대.,프로젝트 진행 중 유연한 협업 태도로 팀워크 향상에 기여. 함께 일하고 싶은 동료.,2021-04-15,2022-04-10
PM0103,EMP075,PRJ_2021_07,모바일 앱 리뉴얼,PL,타 팀과의 협업에서 어려움 노출. 개선 방안 논의 필요.,협업에 긍정적. 믿고 맡길 수 있음.,2021-09-11,2022-09-06
PM0104,EMP150,PRJ_2021_07,모바일 앱 리뉴얼,개발자,맡은 역할을 성실히 수행. 주어진 작업 완수. 도전적 목표 설정 권장.,적극적으로 참여. 함께 일하기 좋음.,2021-09-11,2022-09-06
PM0105,EMP012,PRJ_2021_07,모바일 앱 리뉴얼,개발자,복잡한 기술 이슈를 신속하게 해결. 팀의 롤모델.,적극적으로 참여. 믿고 맡길 수 있음.,2021-09-11,2022-09-06
PM0106,EMP064,PRJ_2021_07,모바일 앱 리뉴얼,QA,"기본 작업은 완수했으나, 품질 기준 미달 부분 존재. 역량 강화 계획 수립.",책임감 있게 업무를 수행. 커뮤니케이션 원활함.,2021-09-11,2022-09-06
PM0107,EMP153,PRJ_2021_08,고객 포털 개발,PL,요구사항 이해에서 어려움 노출. 개선 방안 논의 필요.,맡은 역할은 하나 커뮤니케이션이 부족. 더 적극적인 참여 기대.,2021-10-16,2022-01-14
PM0108,EMP167,PRJ_2021_08,고객 포털 개발,개발자,요구사항 이해에서 어려움 노출. 개선 방안 논의 필요.,어려울 때 적극적으로 도와주며 배울 점이 많은 동료. 커뮤니케이션이 탁월함.,2021-10-16,2022-01-14
PM0109,EMP034,PRJ_2021_08,고객 포털 개발,개발자,맡은 역할을 성실히 수행. 안정적인 업무 처리. 보다 주도적인 역할 기대.,프로젝트 진행 중 빠른 피드백로 팀워크 향상에 기여. 함께 일하고 싶은 동료.,2021-10-16,2022-01-14
PM0110,EMP145,PRJ_2021_08,고객 포털 개발,QA,큰 이슈 없이 업무 완수. 기술적 역량 발휘. 다음 프로젝트에서 리더십 발휘 필요.,항상 동료를 먼저 생각하고 배울 점이 많은 동료. 문제 해결 능력 우수.,2021-10-16,2022-01-14
PM0111,EMP180,PRJ_2021_08,고객 포털 개발,기획자,"프로젝트 목표 106% 달성. 품질 기준을 초과하여 완수했으며, 이해관계자 만족도가 매우 높음.",열정적으로 일하며 어려운 문제도 함께 고민해줌. 없어서는 안 될 동료.,2021-10-16,2022-01-14
PM0112,EMP126,PRJ_2021_08,고객 포털 개발,디자이너,타 팀과의 협업에서 어려움 노출. 개선 방안 논의 필요.,협력적이고 업무를 수행. 커뮤니케이션 원활함.,2021-10-16,2022-01-14
PM0113,EMP131,PRJ_2021_08,고객 포털 개발,PM,"프로젝트 목표 106% 달성. 일정을 앞당겨 완수했으며, 팀원들의 신뢰가 매우 높음.",프로젝트에 책임감 있게 참여. 원활한 협업.,2021-10-16,2022-01-14
PM0114,EMP056,PRJ_2021_08,고객 포털 개발,아키텍트,맡은 역할을 성실히 수행. 안정적인 업무 처리. 보다 주도적인 역할 기대.,기본적인 협업은 수행하나 커뮤니케이션이 부족. 개선 여지 있음.,2021-10-16,2022-01-14
PM0115,EMP021,PRJ_2021_08,고객 포털 개발,PL,"프로젝트 목표 121% 달성. 일정을 앞당겨 완수했으며, 이해관계자 만족도가 매우 높음.",어려울 때 적극적으로 도와주며 신뢰할 수 있는 동료. 커뮤니케이션이 탁월함.,2021-10-16,2022-01-14
PM0116,EMP177,PRJ_2021_08,고객 포털 개발,개발자,맡은 역할을 성실히 수행. 주어진 작업 완수. 도전적 목표 설정 권장.,프로젝트에 전문성 발휘. 안정적인 성과.,2021-10-16,2022-01-14
PM0117,EMP029,PRJ_2021_09,고객 데이터 분석 플랫폼,PL,"프로젝트 목표 113% 달성. 예산 대비 효율적으로 완수했으며, 이해관계자 만족도가 매우 높음.",업무는 처리하지만 주도적 참여 아쉬움. 소통 개선 필요.,2021-06-06,2022-03-03
PM0118,EMP088,PRJ_2021_09,고객 데이터 분석 플랫폼,개발자,뛰어난 커뮤니케이션으로 프로젝트에 기여. 핵심 인재로 평가됨.,항상 동료를 먼저 생각하고 배울 점이 많은 동료. 전문성도 뛰어남.,2021-06-06,2022-03-03
PM0119,EMP114,PRJ_2021_09,고객 데이터 분석 플랫폼,개발자,복잡한 기술 이슈를 체계적으로 해결. 팀의 롤모델.,팀 분위기를 밝게 만들고 함께 일하기 좋은 동료. 전문성도 뛰어남.,2021-06-06,2022-03-03
PM0120,EMP189,PRJ_2021_09,고객 데이터 분석 플랫폼,QA,"프로젝트 목표 115% 달성. 예산 대비 효율적으로 완수했으며, 이해관계자 만족도가 매우 높음.",항상 동료를 먼저 생각하고 배울 점이 많은 동료. 전문성도 뛰어남.,2021-06-06,2022-03-03
PM0121,EMP049,PRJ_2021_09,고객 데이터 분석 플랫폼,기획자,기술적 난이도 해결에서 어려움 노출. 개선 방안 논의 필요.,프로젝트에 책임감 있게 참여. 특별한 이슈 없음.,2021-06-06,2022-03-03
PM0122,EMP021,PRJ_2021_09,고객 데이터 분석 플랫폼,디자이너,맡은 역할을 성실히 수행. 주어진 작업 완수. 도전적 목표 설정 권장.,성실하며 업무를 수행. 팀워크 양호함.,2021-06-06,2022-03-03
PM0123,DIV003,PRJ_2021_09,고객 데이터 분석 플랫폼,PM,"프로젝트 목표 125% 달성. 일정을 앞당겨 완수했으며, 팀원들의 신뢰가 매우 높음.",프로젝트 진행 중 유연한 협업 태도로 팀워크 향상에 기여. 신뢰도 높음.,2021-06-06,2022-03-03
PM0124,EMP149,PRJ_2021_10,내부 업무 시스템,PL,뛰어난 커뮤니케이션으로 프로젝트에 기여. 지속적 성장 예상됨.,프로젝트 진행 중 유연한 협업 태도로 팀워크 향상에 기여. 신뢰도 높음.,2021-01-11,2021-12-07
PM0125,EMP153,PRJ_2021_10,내부 업무 시스템,개발자,맡은 역할을 성실히 수행. 안정적인 업무 처리. 도전적 목표 설정 권장.,프로젝트 진행 중 적극적인 소통로 팀워크 향상에 기여. 신뢰도 높음.,2021-01-11,2021-12-07
PM0126,EMP155,PRJ_2021_10,내부 업무 시스템,개발자,맡은 역할을 성실히 수행. 기본 목표 달성. 역량 확장 필요.,성실하며 업무를 수행. 맡은 일 잘 처리함.,2021-01-11,2021-12-07
PM0127,EMP015,PRJ_2021_10,내부 업무 시스템,QA,전반적으로 만족스러운 기여. 기술 역량 강화 시 더 큰 성과 기대.,맡은 역할은 하나 주도적 참여 아쉬움. 개선 여지 있음.,2021-01-11,2021-12-07
PM0128,EMP183,PRJ_2021_10,내부 업무 시스템,기획자,타 팀과의 협업에서 어려움 노출. 개선 방안 논의 필요.,책임감이 강하고 팀원들에게 지식을 공유해줌. 팀의 기둥.,2021-01-11,2021-12-07
PM0129,TL008,PRJ_2021_10,내부 업무 시스템,디자이너,일정대로 업무 완수. 책임감 있는 태도. 다음 프로젝트에서 리더십 발휘 필요.,성실하며 업무를 수행. 맡은 일 잘 처리함.,2021-01-11,2021-12-07
PM0130,EMP006,PRJ_2021_10,내부 업무 시스템,PM,"기본 작업은 완수했으나, 일정 준수에 어려움. 멘토링 지원 필요.",협력적이고 업무를 수행. 맡은 일 잘 처리함.,2021-01-11,2021-12-07
PM0131,EMP188,PRJ_2021_10,내부 업무 시스템,아키텍트,맡은 역할을 성실히 수행. 주어진 작업 완수. 보다 주도적인 역할 기대.,팀 분위기를 밝게 만들고 신뢰할 수 있는 동료. 문제 해결 능력 우수.,2021-01-11,2021-12-07
PM0132,EMP083,PRJ_2021_11,고객 포털 개발,PL,요구사항 이해에서 어려움 노출. 개선 방안 논의 필요.,기본적인 협업은 수행하나 적극성 필요. 더 적극적인 참여 기대.,2021-05-04,2021-09-01
PM0133,EMP135,PRJ_2021_11,고객 포털 개발,개발자,"기본 작업은 완수했으나, 일정 준수에 어려움. 역량 강화 계획 수립.",프로젝트 진행 중 적극적인 소통로 팀워크 향상에 기여. 신뢰도 높음.,2021-05-04,2021-09-01
PM0134,EMP038,PRJ_2021_11,고객 포털 개발,개발자,전반적으로 만족스러운 기여. 커뮤니케이션 개선 시 더 큰 성과 기대.,책임감이 강하고 팀원들에게 지식을 공유해줌. 없어서는 안 될 동료.,2021-05-04,2021-09-01
PM0135,EMP028,PRJ_2021_11,고객 포털 개발,QA,맡은 역할을 성실히 수행. 주어진 작업 완수. 보다 주도적인 역할 기대.,책임감이 강하고 후배들을 잘 가르침해줌. 없어서는 안 될 동료.,2021-05-04,2021-09-01
PM0136,EMP094,PRJ_2021_11,고객 포털 개발,기획자,요구사항 변경를 신속하게 해결. 팀의 롤모델.,책임감이 강하고 팀원들에게 지식을 공유해줌. 팀의 기둥.,2021-05-04,2021-09-01
PM0137,EMP182,PRJ_2021_11,고객 포털 개발,디자이너,전반적으로 만족스러운 기여. 기술 역량 강화 시 더 큰 성과 기대.,책임감 있게 업무를 수행. 커뮤니케이션 원활함.,2021-05-04,2021-09-01
PM0138,EMP074,PRJ_2021_12,클라우드 마이그레이션,PL,기술적 난이도 해결에서 어려움 노출. 개선 방안 논의 필요.,프로젝트 진행 중 빠른 피드백로 팀워크 향상에 기여. 함께 일하고 싶은 동료.,2021-09-10,2022-02-07
PM0139,EMP190,PRJ_2021_12,클라우드 마이그레이션,개발자,맡은 역할을 성실히 수행. 주어진 작업 완수. 역량 확장 필요.,열정적으로 일하며 팀원들에게 지식을 공유해줌. 팀의 기둥.,2021-09-10,2022-02-07
PM0140,EMP183,PRJ_2021_12,클라우드 마이그레이션,개발자,요구사항 이해에서 어려움 노출. 개선 방안 논의 필요.,필요한 지원 제공. 동료로서 만족.,2021-09-10,2022-02-07
PM0141,EMP022,PRJ_2021_12,클라우드 마이그레이션,QA,전반적으로 만족스러운 기여. 커뮤니케이션 개선 시 더 큰 성과 기대.,책임감 있게 업무를 수행. 맡은 일 잘 처리함.,2021-09-10,2022-02-07
PM0142,EMP030,PRJ_2021_12,클라우드 마이그레이션,기획자,요구사항 이해에서 어려움 노출. 개선 방안 논의 필요.,프로젝트에 책임감 있게 참여. 원활한 협업.,2021-09-10,2022-02-07
PM0143,EMP131,PRJ_2021_12,클라우드 마이그레이션,디자이너,타 팀과의 협업에서 어려움 노출. 개선 방안 논의 필요.,협업에 긍정적. 함께 일하기 좋음.,2021-09-10,2022-02-07
PM0144,EMP129,PRJ_2022_01,레거시 시스템 개선,PL,"프로젝트 목표 111% 달성. 예산 대비 효율적으로 완수했으며, 팀원들의 신뢰가 매우 높음.",어려울 때 적극적으로 도와주며 함께 일하기 좋은 동료. 문제 해결 능력 우수.,2022-05-05,2022-09-02
PM0145,DIV003,PRJ_2022_01,레거시 시스템 개선,개발자,맡은 역할을 성실히 수행. 주어진 작업 완수. 도전적 목표 설정 권장.,책임감이 강하고 팀원들에게 지식을 공유해줌. 핵심 멤버.,2022-05-05,2022-09-02
PM0146,EMP169,PRJ_2022_01,레거시 시스템 개선,개발자,"프로젝트 목표 114% 달성. 품질 기준을 초과하여 완수했으며, 기술적 완성도가 매우 높음.",맡은 역할은 하나 적극성 필요. 소통 개선 필요.,2022-05-05,2022-09-02
PM0147,EMP096,PRJ_2022_01,레거시 시스템 개선,QA,전반적으로 만족스러운 기여. 커뮤니케이션 개선 시 더 큰 성과 기대.,프로젝트에 성실히 기여. 원활한 협업.,2022-05-05,2022-09-02
PM0148,EMP101,PRJ_2022_01,레거시 시스템 개선,기획자,"기본 작업은 완수했으나, 커뮤니케이션 개선 필요. 멘토링 지원 필요.",기본적인 협업은 수행하나 주도적 참여 아쉬움. 더 적극적인 참여 기대.,2022-05-05,2022-09-02
PM0149,EMP170,PRJ_2022_01,레거시 시스템 개선,디자이너,전반적으로 만족스러운 기여. 기술 역량 강화 시 더 큰 성과 기대.,기술적으로 뛰어나며 후배들을 잘 가르침해줌. 핵심 멤버.,2022-05-05,2022-09-02
PM0150,EMP002,PRJ_2022_01,레거시 시스템 개선,PM,"기본 작업은 완수했으나, 일정 준수에 어려움. 멘토링 지원 필요.",업무는 처리하지만 적극성 필요. 소통 개선 필요.,2022-05-05,2022-09-02
PM0151,EMP004,PRJ_2022_01,레거시 시스템 개선,아키텍트,전반적으로 만족스러운 기여. 커뮤니케이션 개선 시 더 큰 성과 기대.,프로젝트에 전문성 발휘. 원활한 협업.,2022-05-05,2022-09-02
PM0152,EMP103,PRJ_2022_02,데이터 웨어하우스 구축,PL,"기본 작업은 완수했으나, 커뮤니케이션 개선 필요. 역량 강화 계획 수립.",성실하며 업무를 수행. 커뮤니케이션 원활함.,2022-07-02,2022-11-29
PM0153,EMP026,PRJ_2022_02,데이터 웨어하우스 구축,개발자,"기본 작업은 완수했으나, 일정 준수에 어려움. 멘토링 지원 필요.",팀 분위기를 밝게 만들고 신뢰할 수 있는 동료. 전문성도 뛰어남.,2022-07-02,2022-11-29
PM0154,EMP062,PRJ_2022_02,데이터 웨어하우스 구축,개발자,전반적으로 만족스러운 기여. 기술 역량 강화 시 더 큰 성과 기대.,어려울 때 적극적으로 도와주며 신뢰할 수 있는 동료. 커뮤니케이션이 탁월함.,2022-07-02,2022-11-29
PM0155,EMP069,PRJ_2022_02,데이터 웨어하우스 구축,QA,기술적 난이도 해결에서 어려움 노출. 개선 방안 논의 필요.,항상 동료를 먼저 생각하고 신뢰할 수 있는 동료. 커뮤니케이션이 탁월함.,2022-07-02,2022-11-29
PM0156,EMP090,PRJ_2022_02,데이터 웨어하우스 구축,기획자,"프로젝트 목표 110% 달성. 예산 대비 효율적으로 완수했으며, 이해관계자 만족도가 매우 높음.",어려울 때 적극적으로 도와주며 배울 점이 많은 동료. 커뮤니케이션이 탁월함.,2022-07-02,2022-11-29
PM0157,EMP041,PRJ_2022_03,인증 시스템 개선,PL,"기본 작업은 완수했으나, 커뮤니케이션 개선 필요. 역량 강화 계획 수립.",필요한 지원 제공. 동료로서 만족.,2022-06-01,2022-10-29
PM0158,TL001,PRJ_2022_03,인증 시스템 개선,개발자,전반적으로 만족스러운 기여. 일정 관리 능력 향상 시 더 큰 성과 기대.,업무는 처리하지만 주도적 참여 아쉬움. 개선 여지 있음.,2022-06-01,2022-10-29
PM0159,EMP101,PRJ_2022_03,인증 시스템 개선,개발자,일정대로 업무 완수. 팀과의 협업 양호. 다음 프로젝트에서 리더십 발휘 필요.,프로젝트에 전문성 발휘. 안정적인 성과.,2022-06-01,2022-10-29
PM0160,EMP167,PRJ_2022_03,인증 시스템 개선,QA,"프로젝트 목표 129% 달성. 예산 대비 효율적으로 완수했으며, 이해관계자 만족도가 매우 높음.",열정적으로 일하며 팀원들에게 지식을 공유해줌. 없어서는 안 될 동료.,2022-06-01,2022-10-29
PM0161,EMP021,PRJ_2022_03,인증 시스템 개선,기획자,요구사항 변경를 창의적으로 해결. 기술 리더 역할 수행.,열정적으로 일하며 어려운 문제도 함께 고민해줌. 핵심 멤버.,2022-06-01,2022-10-29
PM0162,EMP060,PRJ_2022_03,인증 시스템 개선,디자이너,전반적으로 만족스러운 기여. 일정 관리 능력 향상 시 더 큰 성과 기대.,협업에 긍정적. 동료로서 만족.,2022-06-01,2022-10-29
PM0163,EMP058,PRJ_2022_03,인증 시스템 개선,PM,요구사항 이해에서 어려움 노출. 개선 방안 논의 필요.,프로젝트 진행 중 적극적인 소통로 팀워크 향상에 기여. 팀 성과에 큰 기여.,2022-06-01,2022-10-29
PM0164,EMP113,PRJ_2022_03,인증 시스템 개선,아키텍트,큰 이슈 없이 업무 완수. 기술적 역량 발휘. 다음 프로젝트에서 전문성 심화 요구.,협업에 긍정적. 동료로서 만족.,2022-06-01,2022-10-29
PM0165,EMP151,PRJ_2022_03,인증 시스템 개선,PL,맡은 역할을 성실히 수행. 주어진 작업 완수. 역량 확장 필요.,프로젝트 진행 중 적극적인 소통로 팀워크 향상에 기여. 신뢰도 높음.,2022-06-01,2022-10-29
PM0166,EMP148,PRJ_2022_04,HR 챗봇 개발,PL,탁월한 문제 해결 능력으로 프로젝트에 기여. 지속적 성장 예상됨.,프로젝트 진행 중 건설적인 의견 제시로 팀워크 향상에 기여. 신뢰도 높음.,2022-05-04,2023-01-29
PM0167,EMP125,PRJ_2022_04,HR 챗봇 개발,개발자,맡은 역할을 성실히 수행. 안정적인 업무 처리. 역량 확장 필요.,항상 동료를 먼저 생각하고 함께 일하기 좋은 동료. 문제 해결 능력 우수.,2022-05-04,2023-01-29
PM0168,EMP070,PRJ_2022_04,HR 챗봇 개발,개발자,"프로젝트 목표 128% 달성. 일정을 앞당겨 완수했으며, 기술적 완성도가 매우 높음.",적극적으로 참여. 믿고 맡길 수 있음.,2022-05-04,2023-01-29
PM0169,EMP130,PRJ_2022_04,HR 챗봇 개발,QA,요구사항 이해에서 어려움 노출. 개선 방안 논의 필요.,프로젝트 진행 중 건설적인 의견 제시로 팀워크 향상에 기여. 팀 성과에 큰 기여.,2022-05-04,2023-01-29
PM0170,EMP086,PRJ_2022_04,HR 챗봇 개발,기획자,타 팀과의 협업에서 어려움 노출. 개선 방안 논의 필요.,프로젝트 진행 중 적극적인 소통로 팀워크 향상에 기여. 함께 일하고 싶은 동료.,2022-05-04,2023-01-29
PM0171,EMP144,PRJ_2022_05,API 게이트웨이 개발,PL,요구사항 이해에서 어려움 노출. 개선 방안 논의 필요.,어려울 때 적극적으로 도와주며 함께 일하기 좋은 동료. 전문성도 뛰어남.,2022-03-11,2022-12-06
PM0172,EMP171,PRJ_2022_05,API 게이트웨이 개발,개발자,"기본 작업은 완수했으나, 품질 기준 미달 부분 존재. 추가 교육 권장.",책임감 있게 업무를 수행. 팀워크 양호함.,2022-03-11,2022-12-06
PM0173,EMP027,PRJ_2022_05,API 게이트웨이 개발,개발자,전반적으로 만족스러운 기여. 일정 관리 능력 향상 시 더 큰 성과 기대.,필요한 지원 제공. 믿고 맡길 수 있음.,2022-03-11,2022-12-06
PM0174,EMP072,PRJ_2022_05,API 게이트웨이 개발,QA,전반적으로 만족스러운 기여. 기술 역량 강화 시 더 큰 성과 기대.,프로젝트에 책임감 있게 참여. 안정적인 성과.,2022-03-11,2022-12-06
PM0175,EMP028,PRJ_2022_05,API 게이트웨이 개발,기획자,전반적으로 만족스러운 기여. 커뮤니케이션 개선 시 더 큰 성과 기대.,적극적으로 참여. 믿고 맡길 수 있음.,2022-03-11,2022-12-06
PM0176,EMP037,PRJ_2022_05,API 게이트웨이 개발,디자이너,전반적으로 만족스러운 기여. 일정 관리 능력 향상 시 더 큰 성과 기대.,열정적으로 일하며 후배들을 잘 가르침해줌. 팀의 기둥.,2022-03-11,2022-12-06
PM0177,EMP046,PRJ_2022_06,CRM 시스템 구축,PL,탁월한 문제 해결 능력으로 프로젝트에 기여. 향후 리더 역할 기대됨.,성실하며 업무를 수행. 커뮤니케이션 원활함.,2022-07-02,2022-10-30
PM0178,EMP147,PRJ_2022_06,CRM 시스템 구축,개발자,일정 지연 리스크를 체계적으로 해결. 기술 리더 역할 수행.,열정적으로 일하며 어려운 문제도 함께 고민해줌. 팀의 기둥.,2022-07-02,2022-10-30
PM0179,EMP171,PRJ_2022_06,CRM 시스템 구축,개발자,일정 지연 리스크를 신속하게 해결. 기술 리더 역할 수행.,협업에 긍정적. 믿고 맡길 수 있음.,2022-07-02,2022-10-30
PM0180,EMP073,PRJ_2022_06,CRM 시스템 구축,QA,뛰어난 커뮤니케이션으로 프로젝트에 기여. 향후 리더 역할 기대됨.,업무는 처리하지만 적극성 필요. 더 적극적인 참여 기대.,2022-07-02,2022-10-30
PM0181,EMP134,PRJ_2022_06,CRM 시스템 구축,기획자,탁월한 문제 해결 능력으로 프로젝트에 기여. 지속적 성장 예상됨.,항상 동료를 먼저 생각하고 신뢰할 수 있는 동료. 전문성도 뛰어남.,2022-07-02,2022-10-30
PM0182,EMP112,PRJ_2022_06,CRM 시스템 구축,디자이너,맡은 역할을 성실히 수행. 안정적인 업무 처리. 역량 확장 필요.,기술적으로 뛰어나며 팀원들에게 지식을 공유해줌. 팀의 기둥.,2022-07-02,2022-10-30
PM0183,EMP166,PRJ_2022_06,CRM 시스템 구축,PM,적극적인 책임감으로 프로젝트에 기여. 핵심 인재로 평가됨.,팀 분위기를 밝게 만들고 배울 점이 많은 동료. 전문성도 뛰어남.,2022-07-02,2022-10-30
PM0184,EMP119,PRJ_2022_07,보안 강화 프로젝트,PL,복잡한 기술 이슈를 체계적으로 해결. 팀의 롤모델.,프로젝트에 성실히 기여. 원활한 협업.,2022-04-19,2023-04-14
PM0185,EMP078,PRJ_2022_07,보안 강화 프로젝트,개발자,맡은 역할을 성실히 수행. 주어진 작업 완수. 보다 주도적인 역할 기대.,프로젝트에 책임감 있게 참여. 특별한 이슈 없음.,2022-04-19,2023-04-14
PM0186,EMP036,PRJ_2022_07,보안 강화 프로젝트,개발자,"기본 작업은 완수했으나, 품질 기준 미달 부분 존재. 멘토링 지원 필요.",어려울 때 적극적으로 도와주며 함께 일하기 좋은 동료. 커뮤니케이션이 탁월함.,2022-04-19,2023-04-14
PM0187,EMP158,PRJ_2022_07,보안 강화 프로젝트,QA,맡은 역할을 성실히 수행. 기본 목표 달성. 역량 확장 필요.,프로젝트 진행 중 빠른 피드백로 팀워크 향상에 기여. 함께 일하고 싶은 동료.,2022-04-19,2023-04-14
PM0188,EMP145,PRJ_2022_07,보안 강화 프로젝트,기획자,전반적으로 만족스러운 기여. 일정 관리 능력 향상 시 더 큰 성과 기대.,어려울 때 적극적으로 도와주며 신뢰할 수 있는 동료. 커뮤니케이션이 탁월함.,2022-04-19,2023-04-14
PM0189,EMP096,PRJ_2022_07,보안 강화 프로젝트,디자이너,일정대로 업무 완수. 책임감 있는 태도. 다음 프로젝트에서 더 큰 역할 기대.,협력적이고 업무를 수행. 커뮤니케이션 원활함.,2022-04-19,2023-04-14
PM0190,EMP110,PRJ_2022_07,보안 강화 프로젝트,PM,요구사항 변경를 신속하게 해결. 기술 리더 역할 수행.,팀 분위기를 밝게 만들고 신뢰할 수 있는 동료. 전문성도 뛰어남.,2022-04-19,2023-04-14
PM0191,EMP042,PRJ_2022_07,보안 강화 프로젝트,아키텍트,기술적 난이도 해결에서 어려움 노출. 개선 방안 논의 필요.,기본적인 협업은 수행하나 커뮤니케이션이 부족. 소통 개선 필요.,2022-04-19,2023-04-14
PM0192,EMP111,PRJ_2022_07,보안 강화 프로젝트,PL,요구사항 변경를 신속하게 해결. 팀의 롤모델.,프로젝트 진행 중 유연한 협업 태도로 팀워크 향상에 기여. 팀 성과에 큰 기여.,2022-04-19,2023-04-14
PM0193,EMP157,PRJ_2022_07,보안 강화 프로젝트,개발자,"기본 작업은 완수했으나, 커뮤니케이션 개선 필요. 역량 강화 계획 수립.",기본적인 협업은 수행하나 주도적 참여 아쉬움. 개선 여지 있음.,2022-04-19,2023-04-14
PM0194,EMP155,PRJ_2022_08,마케팅 자동화,PL,일정대로 업무 완수. 팀과의 협업 양호. 다음 프로젝트에서 리더십 발휘 필요.,프로젝트에 책임감 있게 참여. 안정적인 성과.,2022-08-25,2023-07-21
PM0195,EMP143,PRJ_2022_08,마케팅 자동화,개발자,탁월한 문제 해결 능력으로 프로젝트에 기여. 지속적 성장 예상됨.,프로젝트 진행 중 적극적인 소통로 팀워크 향상에 기여. 팀 성과에 큰 기여.,2022-08-25,2023-07-21
PM0196,EMP009,PRJ_2022_08,마케팅 자동화,개발자,요구사항 이해에서 어려움 노출. 개선 방안 논의 필요.,성실하며 업무를 수행. 맡은 일 잘 처리함.,2022-08-25,2023-07-21
PM0197,EMP072,PRJ_2022_08,마케팅 자동화,QA,전반적으로 만족스러운 기여. 커뮤니케이션 개선 시 더 큰 성과 기대.,협업에 긍정적. 동료로서 만족.,2022-08-25,2023-07-21
PM0198,EMP046,PRJ_2022_08,마케팅 자동화,기획자,"기본 작업은 완수했으나, 커뮤니케이션 개선 필요. 멘토링 지원 필요.",책임감이 강하고 팀원들에게 지식을 공유해줌. 팀의 기둥.,2022-08-25,2023-07-21
PM0199,EMP108,PRJ_2022_08,마케팅 자동화,디자이너,요구사항 변경를 창의적으로 해결. 팀의 롤모델.,협력적이고 업무를 수행. 맡은 일 잘 처리함.,2022-08-25,2023-07-21
PM0200,TL007,PRJ_2022_08,마케팅 자동화,PM,"프로젝트 목표 110% 달성. 예산 대비 효율적으로 완수했으며, 팀원들의 신뢰가 매우 높음.",기술적으로 뛰어나며 후배들을 잘 가르침해줌. 핵심 멤버.,2022-08-25,2023-07-21
PM0201,EMP111,PRJ_2022_09,챗봇 고도화,PL,일정 지연 리스크를 창의적으로 해결. 프로젝트 성공의 핵심 기여자.,책임감 있게 업무를 수행. 커뮤니케이션 원활함.,2022-07-09,2022-11-06
PM0202,EMP167,PRJ_2022_09,챗봇 고도화,개발자,"프로젝트 목표 117% 달성. 품질 기준을 초과하여 완수했으며, 이해관계자 만족도가 매우 높음.",프로젝트 진행 중 빠른 피드백로 팀워크 향상에 기여. 팀 성과에 큰 기여.,2022-07-09,2022-11-06
PM0203,EMP138,PRJ_2022_09,챗봇 고도화,개발자,맡은 역할을 성실히 수행. 주어진 작업 완수. 도전적 목표 설정 권장.,팀 분위기를 밝게 만들고 함께 일하기 좋은 동료. 전문성도 뛰어남.,2022-07-09,2022-11-06
PM0204,EMP090,PRJ_2022_09,챗봇 고도화,QA,일정대로 업무 완수. 책임감 있는 태도. 다음 프로젝트에서 더 큰 역할 기대.,프로젝트에 전문성 발휘. 원활한 협업.,2022-07-09,2022-11-06
PM0205,EMP109,PRJ_2022_09,챗봇 고도화,기획자,전반적으로 만족스러운 기여. 일정 관리 능력 향상 시 더 큰 성과 기대.,항상 동료를 먼저 생각하고 배울 점이 많은 동료. 커뮤니케이션이 탁월함.,2022-07-09,2022-11-06
PM0206,EMP017,PRJ_2022_09,챗봇 고도화,디자이너,맡은 역할을 성실히 수행. 기본 목표 달성. 보다 주도적인 역할 기대.,어려울 때 적극적으로 도와주며 배울 점이 많은 동료. 커뮤니케이션이 탁월함.,2022-07-09,2022-11-06
PM0207,EMP170,PRJ_2022_09,챗봇 고도화,PM,맡은 역할을 성실히 수행. 기본 목표 달성. 도전적 목표 설정 권장.,어려울 때 적극적으로 도와주며 배울 점이 많은 동료. 문제 해결 능력 우수.,2022-07-09,2022-11-06
PM0208,EMP139,PRJ_2022_09,챗봇 고도화,아키텍트,"프로젝트 목표 126% 달성. 일정을 앞당겨 완수했으며, 이해관계자 만족도가 매우 높음.",프로젝트에 성실히 기여. 특별한 이슈 없음.,2022-07-09,2022-11-06
PM0209,EMP062,PRJ_2022_10,HR 챗봇 개발,PL,일정대로 업무 완수. 팀과의 협업 양호. 다음 프로젝트에서 리더십 발휘 필요.,기술적으로 뛰어나며 후배들을 잘 가르침해줌. 핵심 멤버.,2022-06-18,2023-04-14
PM0210,EMP174,PRJ_2022_10,HR 챗봇 개발,개발자,맡은 역할을 성실히 수행. 안정적인 업무 처리. 도전적 목표 설정 권장.,항상 동료를 먼저 생각하고 신뢰할 수 있는 동료. 문제 해결 능력 우수.,2022-06-18,2023-04-14
PM0211,EMP155,PRJ_2022_10,HR 챗봇 개발,개발자,타 팀과의 협업에서 어려움 노출. 개선 방안 논의 필요.,책임감 있게 업무를 수행. 맡은 일 잘 처리함.,2022-06-18,2023-04-14
PM0212,EMP090,PRJ_2022_10,HR 챗봇 개발,QA,"프로젝트 목표 115% 달성. 품질 기준을 초과하여 완수했으며, 팀원들의 신뢰가 매우 높음.",협력적이고 업무를 수행. 커뮤니케이션 원활함.,2022-06-18,2023-04-14
PM0213,EMP110,PRJ_2022_10,HR 챗봇 개발,기획자,기술적 난이도 해결에서 어려움 노출. 개선 방안 논의 필요.,적극적으로 참여. 동료로서 만족.,2022-06-18,2023-04-14
PM0214,EMP190,PRJ_2022_10,HR 챗봇 개발,디자이너,뛰어난 커뮤니케이션으로 프로젝트에 기여. 향후 리더 역할 기대됨.,협업에 긍정적. 함께 일하기 좋음.,2022-06-18,2023-04-14
PM0215,EMP049,PRJ_2022_10,HR 챗봇 개발,PM,큰 이슈 없이 업무 완수. 팀과의 협업 양호. 다음 프로젝트에서 더 큰 역할 기대.,어려울 때 적극적으로 도와주며 함께 일하기 좋은 동료. 커뮤니케이션이 탁월함.,2022-06-18,2023-04-14
PM0216,EMP173,PRJ_2022_10,HR 챗봇 개발,아키텍트,전반적으로 만족스러운 기여. 일정 관리 능력 향상 시 더 큰 성과 기대.,항상 동료를 먼저 생각하고 함께 일하기 좋은 동료. 문제 해결 능력 우수.,2022-06-18,2023-04-14
PM0217,EMP121,PRJ_2022_10,HR 챗봇 개발,PL,전반적으로 만족스러운 기여. 커뮤니케이션 개선 시 더 큰 성과 기대.,열정적으로 일하며 어려운 문제도 함께 고민해줌. 핵심 멤버.,2022-06-18,2023-04-14
PM0218,EMP182,PRJ_2023_01,모바일 앱 리뉴얼,PL,탁월한 문제 해결 능력으로 프로젝트에 기여. 지속적 성장 예상됨.,열정적으로 일하며 어려운 문제도 함께 고민해줌. 팀의 기둥.,2023-08-14,2023-11-12
PM0219,EMP011,PRJ_2023_01,모바일 앱 리뉴얼,개발자,요구사항에 맞춰 업무 완수. 책임감 있는 태도. 다음 프로젝트에서 리더십 발휘 필요.,프로젝트에 성실히 기여. 특별한 이슈 없음.,2023-08-14,2023-11-12
PM0220,EMP000,PRJ_2023_01,모바일 앱 리뉴얼,개발자,복잡한 기술 이슈를 체계적으로 해결. 기술 리더 역할 수행.,책임감이 강하고 후배들을 잘 가르침해줌. 핵심 멤버.,2023-08-14,2023-11-12
PM0221,EMP105,PRJ_2023_01,모바일 앱 리뉴얼,QA,뛰어난 커뮤니케이션으로 프로젝트에 기여. 지속적 성장 예상됨.,책임감 있게 업무를 수행. 커뮤니케이션 원활함.,2023-08-14,2023-11-12
PM0222,EMP059,PRJ_2023_02,마케팅 자동화,PL,전반적으로 만족스러운 기여. 커뮤니케이션 개선 시 더 큰 성과 기대.,열정적으로 일하며 후배들을 잘 가르침해줌. 없어서는 안 될 동료.,2023-01-18,2023-08-16
PM0223,EMP076,PRJ_2023_02,마케팅 자동화,개발자,전반적으로 만족스러운 기여. 기술 역량 강화 시 더 큰 성과 기대.,프로젝트 진행 중 유연한 협업 태도로 팀워크 향상에 기여. 함께 일하고 싶은 동료.,2023-01-18,2023-08-16
PM0224,EMP038,PRJ_2023_02,마케팅 자동화,개발자,"프로젝트 목표 123% 달성. 품질 기준을 초과하여 완수했으며, 기술적 완성도가 매우 높음.",기본적인 협업은 수행하나 주도적 참여 아쉬움. 더 적극적인 참여 기대.,2023-01-18,2023-08-16
PM0225,TL002,PRJ_2023_02,마케팅 자동화,QA,일정대로 업무 완수. 기술적 역량 발휘. 다음 프로젝트에서 리더십 발휘 필요.,프로젝트 진행 중 빠른 피드백로 팀워크 향상에 기여. 팀 성과에 큰 기여.,2023-01-18,2023-08-16
PM0226,EMP124,PRJ_2023_02,마케팅 자동화,기획자,요구사항 이해에서 어려움 노출. 개선 방안 논의 필요.,책임감이 강하고 어려운 문제도 함께 고민해줌. 팀의 기둥.,2023-01-18,2023-08-16
PM0227,EMP072,PRJ_2023_03,결제 시스템 개선,PL,"프로젝트 목표 122% 달성. 품질 기준을 초과하여 완수했으며, 이해관계자 만족도가 매우 높음.",적극적으로 참여. 동료로서 만족.,2023-02-25,2023-08-24
PM0228,TL001,PRJ_2023_03,결제 시스템 개선,개발자,"기본 작업은 완수했으나, 일정 준수에 어려움. 역량 강화 계획 수립.",프로젝트에 책임감 있게 참여. 안정적인 성과.,2023-02-25,2023-08-24
PM0229,EMP019,PRJ_2023_03,결제 시스템 개선,개발자,큰 이슈 없이 업무 완수. 기술적 역량 발휘. 다음 프로젝트에서 리더십 발휘 필요.,프로젝트에 성실히 기여. 안정적인 성과.,2023-02-25,2023-08-24
PM0230,TL010,PRJ_2023_03,결제 시스템 개선,QA,"기본 작업은 완수했으나, 품질 기준 미달 부분 존재. 역량 강화 계획 수립.",프로젝트에 전문성 발휘. 특별한 이슈 없음.,2023-02-25,2023-08-24
PM0231,EMP073,PRJ_2023_03,결제 시스템 개선,기획자,맡은 역할을 성실히 수행. 주어진 작업 완수. 보다 주도적인 역할 기대.,책임감이 강하고 팀원들에게 지식을 공유해줌. 없어서는 안 될 동료.,2023-02-25,2023-08-24
PM0232,EMP183,PRJ_2023_04,검색 엔진 최적화,PL,"기본 작업은 완수했으나, 일정 준수에 어려움. 멘토링 지원 필요.",프로젝트 진행 중 빠른 피드백로 팀워크 향상에 기여. 팀 성과에 큰 기여.,2023-03-19,2023-10-15
PM0233,EMP090,PRJ_2023_04,검색 엔진 최적화,개발자,일정 지연 리스크를 창의적으로 해결. 팀의 롤모델.,팀 분위기를 밝게 만들고 신뢰할 수 있는 동료. 커뮤니케이션이 탁월함.,2023-03-19,2023-10-15
PM0234,EMP073,PRJ_2023_04,검색 엔진 최적화,개발자,일정대로 업무 완수. 책임감 있는 태도. 다음 프로젝트에서 더 큰 역할 기대.,프로젝트에 책임감 있게 참여. 특별한 이슈 없음.,2023-03-19,2023-10-15
PM0235,EMP112,PRJ_2023_04,검색 엔진 최적화,QA,뛰어난 커뮤니케이션으로 프로젝트에 기여. 향후 리더 역할 기대됨.,프로젝트 진행 중 유연한 협업 태도로 팀워크 향상에 기여. 신뢰도 높음.,2023-03-19,2023-10-15
PM0236,EMP091,PRJ_2023_04,검색 엔진 최적화,기획자,뛰어난 커뮤니케이션으로 프로젝트에 기여. 핵심 인재로 평가됨.,팀 분위기를 밝게 만들고 함께 일하기 좋은 동료. 문제 해결 능력 우수.,2023-03-19,2023-10-15
PM0237,EMP152,PRJ_2023_04,검색 엔진 최적화,디자이너,"기본 작업은 완수했으나, 커뮤니케이션 개선 필요. 멘토링 지원 필요.",팀 분위기를 밝게 만들고 배울 점이 많은 동료. 커뮤니케이션이 탁월함.,2023-03-19,2023-10-15
PM0238,EMP192,PRJ_2023_04,검색 엔진 최적화,PM,"프로젝트 목표 130% 달성. 예산 대비 효율적으로 완수했으며, 팀원들의 신뢰가 매우 높음.",적극적으로 참여. 동료로서 만족.,2023-03-19,2023-10-15
PM0239,EMP030,PRJ_2023_04,검색 엔진 최적화,아키텍트,타 팀과의 협업에서 어려움 노출. 개선 방안 논의 필요.,협력적이고 업무를 수행. 팀워크 양호함.,2023-03-19,2023-10-15
PM0240,EMP121,PRJ_2023_04,검색 엔진 최적화,PL,맡은 역할을 성실히 수행. 기본 목표 달성. 역량 확장 필요.,적극적으로 참여. 함께 일하기 좋음.,2023-03-19,2023-10-15
PM0241,EMP117,PRJ_2023_04,검색 엔진 최적화,개발자,기술적 난이도 해결에서 어려움 노출. 개선 방안 논의 필요.,협력적이고 업무를 수행. 맡은 일 잘 처리함.,2023-03-19,2023-10-15
PM0242,EMP087,PRJ_2023_05,내부 업무 시스템,PL,타 팀과의 협업에서 어려움 노출. 개선 방안 논의 필요.,책임감 있게 업무를 수행. 커뮤니케이션 원활함.,2023-08-28,2023-12-26
PM0243,TL008,PRJ_2023_05,내부 업무 시스템,개발자,맡은 역할을 성실히 수행. 주어진 작업 완수. 보다 주도적인 역할 기대.,책임감이 강하고 어려운 문제도 함께 고민해줌. 핵심 멤버.,2023-08-28,2023-12-26
PM0244,EMP067,PRJ_2023_05,내부 업무 시스템,개발자,일정대로 업무 완수. 책임감 있는 태도. 다음 프로젝트에서 전문성 심화 요구.,맡은 역할은 하나 적극성 필요. 소통 개선 필요.,2023-08-28,2023-12-26
PM0245,EMP034,PRJ_2023_05,내부 업무 시스템,QA,전반적으로 만족스러운 기여. 커뮤니케이션 개선 시 더 큰 성과 기대.,프로젝트에 전문성 발휘. 원활한 협업.,2023-08-28,2023-12-26
PM0246,EMP046,PRJ_2023_05,내부 업무 시스템,기획자,"기본 작업은 완수했으나, 품질 기준 미달 부분 존재. 역량 강화 계획 수립.",프로젝트 진행 중 적극적인 소통로 팀워크 향상에 기여. 신뢰도 높음.,2023-08-28,2023-12-26
PM0247,EMP115,PRJ_2023_06,챗봇 고도화,PL,요구사항 변경를 체계적으로 해결. 기술 리더 역할 수행.,프로젝트에 전문성 발휘. 원활한 협업.,2023-04-12,2023-09-09
PM0248,EMP127,PRJ_2023_06,챗봇 고도화,개발자,전반적으로 만족스러운 기여. 기술 역량 강화 시 더 큰 성과 기대.,열정적으로 일하며 팀원들에게 지식을 공유해줌. 팀의 기둥.,2023-04-12,2023-09-09
PM0249,EMP120,PRJ_2023_06,챗봇 고도화,개발자,"프로젝트 목표 117% 달성. 품질 기준을 초과하여 완수했으며, 기술적 완성도가 매우 높음.",항상 동료를 먼저 생각하고 신뢰할 수 있는 동료. 커뮤니케이션이 탁월함.,2023-04-12,2023-09-09
PM0250,EMP089,PRJ_2023_06,챗봇 고도화,QA,탁월한 문제 해결 능력으로 프로젝트에 기여. 향후 리더 역할 기대됨.,책임감이 강하고 팀원들에게 지식을 공유해줌. 팀의 기둥.,2023-04-12,2023-09-09
PM0251,EMP195,PRJ_2023_06,챗봇 고도화,기획자,"프로젝트 목표 124% 달성. 예산 대비 효율적으로 완수했으며, 기술적 완성도가 매우 높음.",열정적으로 일하며 어려운 문제도 함께 고민해줌. 핵심 멤버.,2023-04-12,2023-09-09
PM0252,EMP175,PRJ_2023_06,챗봇 고도화,디자이너,기술적 난이도 해결에서 어려움 노출. 개선 방안 논의 필요.,성실하며 업무를 수행. 커뮤니케이션 원활함.,2023-04-12,2023-09-09
PM0253,EMP148,PRJ_2023_06,챗봇 고도화,PM,맡은 역할을 성실히 수행. 주어진 작업 완수. 보다 주도적인 역할 기대.,어려울 때 적극적으로 도와주며 함께 일하기 좋은 동료. 커뮤니케이션이 탁월함.,2023-04-12,2023-09-09
PM0254,EMP181,PRJ_2023_07,검색 엔진 최적화,PL,맡은 역할을 성실히 수행. 안정적인 업무 처리. 도전적 목표 설정 권장.,기술적으로 뛰어나며 팀원들에게 지식을 공유해줌. 팀의 기둥.,2023-03-18,2023-09-14
PM0255,TL002,PRJ_2023_07,검색 엔진 최적화,개발자,뛰어난 커뮤니케이션으로 프로젝트에 기여. 지속적 성장 예상됨.,기본적인 협업은 수행하나 적극성 필요. 개선 여지 있음.,2023-03-18,2023-09-14
PM0256,EMP090,PRJ_2023_07,검색 엔진 최적화,개발자,"프로젝트 목표 119% 달성. 예산 대비 효율적으로 완수했으며, 이해관계자 만족도가 매우 높음.",어려울 때 적극적으로 도와주며 신뢰할 수 있는 동료. 전문성도 뛰어남.,2023-03-18,2023-09-14
PM0257,EMP144,PRJ_2023_07,검색 엔진 최적화,QA,"기본 작업은 완수했으나, 커뮤니케이션 개선 필요. 멘토링 지원 필요.",적극적으로 참여. 믿고 맡길 수 있음.,2023-03-18,2023-09-14
PM0258,EMP078,PRJ_2023_07,검색 엔진 최적화,기획자,뛰어난 커뮤니케이션으로 프로젝트에 기여. 지속적 성장 예상됨.,협력적이고 업무를 수행. 커뮤니케이션 원활함.,2023-03-18,2023-09-14
PM0259,EMP083,PRJ_2023_07,검색 엔진 최적화,디자이너,"기본 작업은 완수했으나, 품질 기준 미달 부분 존재. 멘토링 지원 필요.",항상 동료를 먼저 생각하고 배울 점이 많은 동료. 커뮤니케이션이 탁월함.,2023-03-18,2023-09-14
PM0260,EMP088,PRJ_2023_07,검색 엔진 최적화,PM,기술적 난이도 해결에서 어려움 노출. 개선 방안 논의 필요.,협업에 긍정적. 함께 일하기 좋음.,2023-03-18,2023-09-14
PM0261,EMP121,PRJ_2023_07,검색 엔진 최적화,아키텍트,큰 이슈 없이 업무 완수. 팀과의 협업 양호. 다음 프로젝트에서 더 큰 역할 기대.,기술적으로 뛰어나며 후배들을 잘 가르침해줌. 팀의 기둥.,2023-03-18,2023-09-14
PM0262,EMP106,PRJ_2023_07,검색 엔진 최적화,PL,전반적으로 만족스러운 기여. 커뮤니케이션 개선 시 더 큰 성과 기대.,프로젝트에 책임감 있게 참여. 안정적인 성과.,2023-03-18,2023-09-14
PM0263,EMP184,PRJ_2023_07,검색 엔진 최적화,개발자,큰 이슈 없이 업무 완수. 기술적 역량 발휘. 다음 프로젝트에서 전문성 심화 요구.,협업에 긍정적. 믿고 맡길 수 있음.,2023-03-18,2023-09-14
PM0264,EMP066,PRJ_2023_08,내부 업무 시스템,PL,"기본 작업은 완수했으나, 일정 준수에 어려움. 멘토링 지원 필요.",팀 분위기를 밝게 만들고 신뢰할 수 있는 동료. 커뮤니케이션이 탁월함.,2023-09-02,2024-06-28
PM0265,EMP008,PRJ_2023_08,내부 업무 시스템,개발자,일정대로 업무 완수. 팀과의 협업 양호. 다음 프로젝트에서 더 큰 역할 기대.,어려울 때 적극적으로 도와주며 배울 점이 많은 동료. 문제 해결 능력 우수.,2023-09-02,2024-06-28
PM0266,EMP051,PRJ_2023_08,내부 업무 시스템,개발자,일정대로 업무 완수. 책임감 있는 태도. 다음 프로젝트에서 리더십 발휘 필요.,프로젝트 진행 중 빠른 피드백로 팀워크 향상에 기여. 팀 성과에 큰 기여.,2023-09-02,2024-06-28
PM0267,EMP029,PRJ_2023_08,내부 업무 시스템,QA,"프로젝트 목표 121% 달성. 품질 기준을 초과하여 완수했으며, 이해관계자 만족도가 매우 높음.",프로젝트에 전문성 발휘. 안정적인 성과.,2023-09-02,2024-06-28
PM0268,EMP157,PRJ_2023_08,내부 업무 시스템,기획자,적극적인 책임감으로 프로젝트에 기여. 핵심 인재로 평가됨.,업무는 처리하지만 주도적 참여 아쉬움. 개선 여지 있음.,2023-09-02,2024-06-28
PM0269,EMP119,PRJ_2023_08,내부 업무 시스템,디자이너,"프로젝트 목표 115% 달성. 예산 대비 효율적으로 완수했으며, 기술적 완성도가 매우 높음.",프로젝트 진행 중 빠른 피드백로 팀워크 향상에 기여. 팀 성과에 큰 기여.,2023-09-02,2024-06-28
PM0270,EMP168,PRJ_2023_08,내부 업무 시스템,PM,맡은 역할을 성실히 수행. 안정적인 업무 처리. 역량 확장 필요.,성실하며 업무를 수행. 커뮤니케이션 원활함.,2023-09-02,2024-06-28
PM0271,EMP004,PRJ_2023_08,내부 업무 시스템,아키텍트,"기본 작업은 완수했으나, 커뮤니케이션 개선 필요. 역량 강화 계획 수립.",어려울 때 적극적으로 도와주며 신뢰할 수 있는 동료. 문제 해결 능력 우수.,2023-09-02,2024-06-28
PM0272,EMP151,PRJ_2023_09,고객 데이터 분석 플랫폼,PL,전반적으로 만족스러운 기여. 커뮤니케이션 개선 시 더 큰 성과 기대.,기술적으로 뛰어나며 팀원들에게 지식을 공유해줌. 팀의 기둥.,2023-08-10,2024-08-04
PM0273,EMP168,PRJ_2023_09,고객 데이터 분석 플랫폼,개발자,일정 지연 리스크를 체계적으로 해결. 기술 리더 역할 수행.,업무는 처리하지만 커뮤니케이션이 부족. 더 적극적인 참여 기대.,2023-08-10,2024-08-04
PM0274,TL010,PRJ_2023_09,고객 데이터 분석 플랫폼,개발자,전반적으로 만족스러운 기여. 기술 역량 강화 시 더 큰 성과 기대.,프로젝트에 전문성 발휘. 안정적인 성과.,2023-08-10,2024-08-04
PM0275,EMP124,PRJ_2023_09,고객 데이터 분석 플랫폼,QA,"프로젝트 목표 112% 달성. 예산 대비 효율적으로 완수했으며, 이해관계자 만족도가 매우 높음.",책임감이 강하고 후배들을 잘 가르침해줌. 없어서는 안 될 동료.,2023-08-10,2024-08-04
PM0276,EMP146,PRJ_2023_09,고객 데이터 분석 플랫폼,기획자,요구사항 변경를 체계적으로 해결. 팀의 롤모델.,프로젝트에 책임감 있게 참여. 원활한 협업.,2023-08-10,2024-08-04
PM0277,EMP042,PRJ_2023_09,고객 데이터 분석 플랫폼,디자이너,요구사항에 맞춰 업무 완수. 책임감 있는 태도. 다음 프로젝트에서 전문성 심화 요구.,맡은 역할은 하나 적극성 필요. 소통 개선 필요.,2023-08-10,2024-08-04
PM0278,EMP134,PRJ_2023_09,고객 데이터 분석 플랫폼,PM,탁월한 문제 해결 능력으로 프로젝트에 기여. 지속적 성장 예상됨.,항상 동료를 먼저 생각하고 신뢰할 수 있는 동료. 문제 해결 능력 우수.,2023-08-10,2024-08-04
PM0279,EMP031,PRJ_2023_10,레거시 시스템 개선,PL,맡은 역할을 성실히 수행. 주어진 작업 완수. 보다 주도적인 역할 기대.,프로젝트 진행 중 유연한 협업 태도로 팀워크 향상에 기여. 함께 일하고 싶은 동료.,2023-01-16,2023-04-16
PM0280,EMP035,PRJ_2023_10,레거시 시스템 개선,개발자,적극적인 책임감으로 프로젝트에 기여. 핵심 인재로 평가됨.,책임감 있게 업무를 수행. 커뮤니케이션 원활함.,2023-01-16,2023-04-16
PM0281,EMP164,PRJ_2023_10,레거시 시스템 개선,개발자,적극적인 책임감으로 프로젝트에 기여. 향후 리더 역할 기대됨.,기술적으로 뛰어나며 후배들을 잘 가르침해줌. 핵심 멤버.,2023-01-16,2023-04-16
PM0282,EMP143,PRJ_2023_10,레거시 시스템 개선,QA,"프로젝트 목표 117% 달성. 품질 기준을 초과하여 완수했으며, 팀원들의 신뢰가 매우 높음.",필요한 지원 제공. 함께 일하기 좋음.,2023-01-16,2023-04-16
PM0283,EMP178,PRJ_2023_10,레거시 시스템 개선,기획자,"프로젝트 목표 119% 달성. 품질 기준을 초과하여 완수했으며, 이해관계자 만족도가 매우 높음.",필요한 지원 제공. 믿고 맡길 수 있음.,2023-01-16,2023-04-16
PM0284,EMP014,PRJ_2023_10,레거시 시스템 개선,디자이너,적극적인 책임감으로 프로젝트에 기여. 향후 리더 역할 기대됨.,프로젝트에 성실히 기여. 원활한 협업.,2023-01-16,2023-04-16
PM0285,EMP159,PRJ_2023_10,레거시 시스템 개선,PM,요구사항 이해에서 어려움 노출. 개선 방안 논의 필요.,팀 분위기를 밝게 만들고 신뢰할 수 있는 동료. 전문성도 뛰어남.,2023-01-16,2023-04-16
PM0286,TL001,PRJ_2023_10,레거시 시스템 개선,아키텍트,탁월한 문제 해결 능력으로 프로젝트에 기여. 지속적 성장 예상됨.,항상 동료를 먼저 생각하고 배울 점이 많은 동료. 전문성도 뛰어남.,2023-01-16,2023-04-16
PM0287,EMP049,PRJ_2023_11,CRM 시스템 구축,PL,일정 지연 리스크를 체계적으로 해결. 팀의 롤모델.,프로젝트에 책임감 있게 참여. 특별한 이슈 없음.,2023-10-27,2024-05-24
PM0288,EMP154,PRJ_2023_11,CRM 시스템 구축,개발자,요구사항 이해에서 어려움 노출. 개선 방안 논의 필요.,프로젝트에 책임감 있게 참여. 원활한 협업.,2023-10-27,2024-05-24
PM0289,EMP018,PRJ_2023_11,CRM 시스템 구축,개발자,뛰어난 커뮤니케이션으로 프로젝트에 기여. 향후 리더 역할 기대됨.,기술적으로 뛰어나며 어려운 문제도 함께 고민해줌. 팀의 기둥.,2023-10-27,2024-05-24
PM0290,EMP011,PRJ_2023_11,CRM 시스템 구축,QA,맡은 역할을 성실히 수행. 주어진 작업 완수. 도전적 목표 설정 권장.,협력적이고 업무를 수행. 커뮤니케이션 원활함.,2023-10-27,2024-05-24
PM0291,EMP053,PRJ_2023_11,CRM 시스템 구축,기획자,맡은 역할을 성실히 수행. 주어진 작업 완수. 보다 주도적인 역할 기대.,책임감이 강하고 어려운 문제도 함께 고민해줌. 없어서는 안 될 동료.,2023-10-27,2024-05-24
PM0292,EMP151,PRJ_2023_11,CRM 시스템 구축,디자이너,요구사항 이해에서 어려움 노출. 개선 방안 논의 필요.,업무는 처리하지만 커뮤니케이션이 부족. 소통 개선 필요.,2023-10-27,2024-05-24
PM0293,EMP135,PRJ_2023_11,CRM 시스템 구축,PM,뛰어난 커뮤니케이션으로 프로젝트에 기여. 향후 리더 역할 기대됨.,성실하며 업무를 수행. 커뮤니케이션 원활함.,2023-10-27,2024-05-24
PM0294,EMP190,PRJ_2023_11,CRM 시스템 구축,아키텍트,"프로젝트 목표 114% 달성. 품질 기준을 초과하여 완수했으며, 기술적 완성도가 매우 높음.",기술적으로 뛰어나며 어려운 문제도 함께 고민해줌. 핵심 멤버.,2023-10-27,2024-05-24
PM0295,EMP087,PRJ_2023_12,고객 포털 개발,PL,"기본 작업은 완수했으나, 커뮤니케이션 개선 필요. 멘토링 지원 필요.",프로젝트 진행 중 유연한 협업 태도로 팀워크 향상에 기여. 팀 성과에 큰 기여.,2023-06-19,2023-12-16
PM0296,EMP142,PRJ_2023_12,고객 포털 개발,개발자,타 팀과의 협업에서 어려움 노출. 개선 방안 논의 필요.,프로젝트에 성실히 기여. 특별한 이슈 없음.,2023-06-19,2023-12-16
PM0297,EMP019,PRJ_2023_12,고객 포털 개발,개발자,맡은 역할을 성실히 수행. 주어진 작업 완수. 역량 확장 필요.,협력적이고 업무를 수행. 팀워크 양호함.,2023-06-19,2023-12-16
PM0298,EMP049,PRJ_2023_12,고객 포털 개발,QA,"프로젝트 목표 110% 달성. 품질 기준을 초과하여 완수했으며, 이해관계자 만족도가 매우 높음.",책임감이 강하고 후배들을 잘 가르침해줌. 핵심 멤버.,2023-06-19,2023-12-16
PM0299,EMP100,PRJ_2023_12,고객 포털 개발,기획자,요구사항에 맞춰 업무 완수. 책임감 있는 태도. 다음 프로젝트에서 더 큰 역할 기대.,프로젝트에 책임감 있게 참여. 원활한 협업.,2023-06-19,2023-12-16
PM0300,EMP026,PRJ_2023_12,고객 포털 개발,디자이너,복잡한 기술 이슈를 창의적으로 해결. 기술 리더 역할 수행.,기본적인 협업은 수행하나 커뮤니케이션이 부족. 소통 개선 필요.,2023-06-19,2023-12-16
PM0301,EMP058,PRJ_2023_12,고객 포털 개발,PM,일정 지연 리스크를 창의적으로 해결. 팀의 롤모델.,프로젝트 진행 중 적극적인 소통로 팀워크 향상에 기여. 함께 일하고 싶은 동료.,2023-06-19,2023-12-16
PM0302,EMP127,PRJ_2023_12,고객 포털 개발,아키텍트,일정 지연 리스크를 창의적으로 해결. 기술 리더 역할 수행.,열정적으로 일하며 후배들을 잘 가르침해줌. 팀의 기둥.,2023-06-19,2023-12-16
PM0303,EMP047,PRJ_2023_12,고객 포털 개발,PL,큰 이슈 없이 업무 완수. 기술적 역량 발휘. 다음 프로젝트에서 리더십 발휘 필요.,협력적이고 업무를 수행. 팀워크 양호함.,2023-06-19,2023-12-16
PM0304,EMP129,PRJ_2023_13,챗봇 고도화,PL,탁월한 문제 해결 능력으로 프로젝트에 기여. 향후 리더 역할 기대됨.,협력적이고 업무를 수행. 팀워크 양호함.,2023-05-06,2023-08-04
PM0305,EMP176,PRJ_2023_13,챗봇 고도화,개발자,맡은 역할을 성실히 수행. 기본 목표 달성. 역량 확장 필요.,열정적으로 일하며 후배들을 잘 가르침해줌. 팀의 기둥.,2023-05-06,2023-08-04
PM0306,EMP012,PRJ_2023_13,챗봇 고도화,개발자,전반적으로 만족스러운 기여. 커뮤니케이션 개선 시 더 큰 성과 기대.,필요한 지원 제공. 믿고 맡길 수 있음.,2023-05-06,2023-08-04
PM0307,EMP157,PRJ_2023_14,검색 엔진 최적화,PL,탁월한 문제 해결 능력으로 프로젝트에 기여. 핵심 인재로 평가됨.,기본적인 협업은 수행하나 주도적 참여 아쉬움. 개선 여지 있음.,2023-10-10,2024-02-07
PM0308,EMP144,PRJ_2023_14,검색 엔진 최적화,개발자,"프로젝트 목표 118% 달성. 품질 기준을 초과하여 완수했으며, 기술적 완성도가 매우 높음.",필요한 지원 제공. 믿고 맡길 수 있음.,2023-10-10,2024-02-07
PM0309,EMP087,PRJ_2023_14,검색 엔진 최적화,개발자,뛰어난 커뮤니케이션으로 프로젝트에 기여. 지속적 성장 예상됨.,어려울 때 적극적으로 도와주며 배울 점이 많은 동료. 커뮤니케이션이 탁월함.,2023-10-10,2024-02-07
PM0310,EMP167,PRJ_2023_14,검색 엔진 최적화,QA,요구사항에 맞춰 업무 완수. 기술적 역량 발휘. 다음 프로젝트에서 전문성 심화 요구.,협력적이고 업무를 수행. 커뮤니케이션 원활함.,2023-10-10,2024-02-07
PM0311,EMP065,PRJ_2023_14,검색 엔진 최적화,기획자,복잡한 기술 이슈를 창의적으로 해결. 프로젝트 성공의 핵심 기여자.,업무는 처리하지만 주도적 참여 아쉬움. 개선 여지 있음.,2023-10-10,2024-02-07
PM0312,EMP139,PRJ_2023_14,검색 엔진 최적화,디자이너,타 팀과의 협업에서 어려움 노출. 개선 방안 논의 필요.,프로젝트 진행 중 적극적인 소통로 팀워크 향상에 기여. 팀 성과에 큰 기여.,2023-10-10,2024-02-07
PM0313,EMP162,PRJ_2023_14,검색 엔진 최적화,PM,"기본 작업은 완수했으나, 일정 준수에 어려움. 멘토링 지원 필요.",프로젝트 진행 중 빠른 피드백로 팀워크 향상에 기여. 함께 일하고 싶은 동료.,2023-10-10,2024-02-07
PM0314,EMP152,PRJ_2023_14,검색 엔진 최적화,아키텍트,맡은 역할을 성실히 수행. 기본 목표 달성. 역량 확장 필요.,프로젝트에 성실히 기여. 특별한 이슈 없음.,2023-10-10,2024-02-07
PM0315,EMP196,PRJ_2023_14,검색 엔진 최적화,PL,"기본 작업은 완수했으나, 커뮤니케이션 개선 필요. 추가 교육 권장.",협업에 긍정적. 함께 일하기 좋음.,2023-10-10,2024-02-07
PM0316,EMP035,PRJ_2024_01,고객 포털 개발,PL,요구사항 이해에서 어려움 노출. 개선 방안 논의 필요.,항상 동료를 먼저 생각하고 함께 일하기 좋은 동료. 전문성도 뛰어남.,2024-02-24,2024-07-23
PM0317,EMP007,PRJ_2024_01,고객 포털 개발,개발자,"기본 작업은 완수했으나, 품질 기준 미달 부분 존재. 멘토링 지원 필요.",팀 분위기를 밝게 만들고 신뢰할 수 있는 동료. 전문성도 뛰어남.,2024-02-24,2024-07-23
PM0318,DIV003,PRJ_2024_01,고객 포털 개발,개발자,적극적인 책임감으로 프로젝트에 기여. 지속적 성장 예상됨.,협업에 긍정적. 믿고 맡길 수 있음.,2024-02-24,2024-07-23
PM0319,EMP029,PRJ_2024_01,고객 포털 개발,QA,요구사항에 맞춰 업무 완수. 책임감 있는 태도. 다음 프로젝트에서 더 큰 역할 기대.,책임감 있게 업무를 수행. 맡은 일 잘 처리함.,2024-02-24,2024-07-23
PM0320,EMP161,PRJ_2024_01,고객 포털 개발,기획자,맡은 역할을 성실히 수행. 기본 목표 달성. 도전적 목표 설정 권장.,적극적으로 참여. 믿고 맡길 수 있음.,2024-02-24,2024-07-23
PM0321,EMP089,PRJ_2024_02,검색 엔진 최적화,PL,맡은 역할을 성실히 수행. 주어진 작업 완수. 역량 확장 필요.,프로젝트에 책임감 있게 참여. 원활한 협업.,2024-05-07,2025-02-01
PM0322,EMP136,PRJ_2024_02,검색 엔진 최적화,개발자,뛰어난 커뮤니케이션으로 프로젝트에 기여. 지속적 성장 예상됨.,어려울 때 적극적으로 도와주며 배울 점이 많은 동료. 커뮤니케이션이 탁월함.,2024-05-07,2025-02-01
PM0323,EMP026,PRJ_2024_02,검색 엔진 최적화,개발자,적극적인 책임감으로 프로젝트에 기여. 지속적 성장 예상됨.,프로젝트에 책임감 있게 참여. 원활한 협업.,2024-05-07,2025-02-01
PM0324,EMP157,PRJ_2024_02,검색 엔진 최적화,QA,일정 지연 리스크를 체계적으로 해결. 팀의 롤모델.,팀 분위기를 밝게 만들고 배울 점이 많은 동료. 문제 해결 능력 우수.,2024-05-07,2025-02-01
PM0325,EMP145,PRJ_2024_02,검색 엔진 최적화,기획자,맡은 역할을 성실히 수행. 기본 목표 달성. 도전적 목표 설정 권장.,프로젝트 진행 중 유연한 협업 태도로 팀워크 향상에 기여. 신뢰도 높음.,2024-05-07,2025-02-01
PM0326,EMP106,PRJ_2024_02,검색 엔진 최적화,디자이너,뛰어난 커뮤니케이션으로 프로젝트에 기여. 핵심 인재로 평가됨.,필요한 지원 제공. 믿고 맡길 수 있음.,2024-05-07,2025-02-01
PM0327,EMP126,PRJ_2024_02,검색 엔진 최적화,PM,전반적으로 만족스러운 기여. 기술 역량 강화 시 더 큰 성과 기대.,팀 분위기를 밝게 만들고 배울 점이 많은 동료. 커뮤니케이션이 탁월함.,2024-05-07,2025-02-01
PM0328,EMP124,PRJ_2024_02,검색 엔진 최적화,아키텍트,전반적으로 만족스러운 기여. 커뮤니케이션 개선 시 더 큰 성과 기대.,어려울 때 적극적으로 도와주며 신뢰할 수 있는 동료. 전문성도 뛰어남.,2024-05-07,2025-02-01
PM0329,EMP182,PRJ_2024_02,검색 엔진 최적화,PL,요구사항 이해에서 어려움 노출. 개선 방안 논의 필요.,책임감이 강하고 어려운 문제도 함께 고민해줌. 핵심 멤버.,2024-05-07,2025-02-01
PM0330,EMP027,PRJ_2024_02,검색 엔진 최적화,개발자,일정대로 업무 완수. 팀과의 협업 양호. 다음 프로젝트에서 더 큰 역할 기대.,프로젝트 진행 중 적극적인 소통로 팀워크 향상에 기여. 팀 성과에 큰 기여.,2024-05-07,2025-02-01
PM0331,EMP134,PRJ_2024_03,인증 시스템 개선,PL,큰 이슈 없이 업무 완수. 기술적 역량 발휘. 다음 프로젝트에서 리더십 발휘 필요.,기술적으로 뛰어나며 어려운 문제도 함께 고민해줌. 팀의 기둥.,2024-09-22,2025-05-20
PM0332,EMP030,PRJ_2024_03,인증 시스템 개선,개발자,타 팀과의 협업에서 어려움 노출. 개선 방안 논의 필요.,성실하며 업무를 수행. 커뮤니케이션 원활함.,2024-09-22,2025-05-20
PM0333,EMP115,PRJ_2024_03,인증 시스템 개선,개발자,전반적으로 만족스러운 기여. 커뮤니케이션 개선 시 더 큰 성과 기대.,열정적으로 일하며 팀원들에게 지식을 공유해줌. 핵심 멤버.,2024-09-22,2025-05-20
PM0334,EMP091,PRJ_2024_04,API 게이트웨이 개발,PL,적극적인 책임감으로 프로젝트에 기여. 핵심 인재로 평가됨.,적극적으로 참여. 함께 일하기 좋음.,2024-05-09,2025-03-05
PM0335,EMP064,PRJ_2024_04,API 게이트웨이 개발,개발자,"프로젝트 목표 121% 달성. 일정을 앞당겨 완수했으며, 팀원들의 신뢰가 매우 높음.",프로젝트 진행 중 유연한 협업 태도로 팀워크 향상에 기여. 신뢰도 높음.,2024-05-09,2025-03-05
PM0336,EMP052,PRJ_2024_04,API 게이트웨이 개발,개발자,전반적으로 만족스러운 기여. 기술 역량 강화 시 더 큰 성과 기대.,항상 동료를 먼저 생각하고 함께 일하기 좋은 동료. 전문성도 뛰어남.,2024-05-09,2025-03-05
PM0337,TL002,PRJ_2024_04,API 게이트웨이 개발,QA,맡은 역할을 성실히 수행. 기본 목표 달성. 보다 주도적인 역할 기대.,기본적인 협업은 수행하나 커뮤니케이션이 부족. 개선 여지 있음.,2024-05-09,2025-03-05
PM0338,EMP144,PRJ_2024_04,API 게이트웨이 개발,기획자,일정 지연 리스크를 신속하게 해결. 기술 리더 역할 수행.,필요한 지원 제공. 믿고 맡길 수 있음.,2024-05-09,2025-03-05
PM0339,TL006,PRJ_2024_05,마케팅 자동화,PL,요구사항에 맞춰 업무 완수. 팀과의 협업 양호. 다음 프로젝트에서 더 큰 역할 기대.,책임감이 강하고 어려운 문제도 함께 고민해줌. 없어서는 안 될 동료.,2024-06-07,2025-02-02
PM0340,EMP065,PRJ_2024_05,마케팅 자동화,개발자,전반적으로 만족스러운 기여. 커뮤니케이션 개선 시 더 큰 성과 기대.,프로젝트 진행 중 빠른 피드백로 팀워크 향상에 기여. 신뢰도 높음.,2024-06-07,2025-02-02
PM0341,EMP144,PRJ_2024_05,마케팅 자동화,개발자,탁월한 문제 해결 능력으로 프로젝트에 기여. 핵심 인재로 평가됨.,어려울 때 적극적으로 도와주며 신뢰할 수 있는 동료. 문제 해결 능력 우수.,2024-06-07,2025-02-02
PM0342,EMP037,PRJ_2024_05,마케팅 자동화,QA,큰 이슈 없이 업무 완수. 팀과의 협업 양호. 다음 프로젝트에서 전문성 심화 요구.,프로젝트 진행 중 건설적인 의견 제시로 팀워크 향상에 기여. 신뢰도 높음.,2024-06-07,2025-02-02
PM0343,EMP105,PRJ_2024_05,마케팅 자동화,기획자,일정 지연 리스크를 신속하게 해결. 팀의 롤모델.,업무는 처리하지만 주도적 참여 아쉬움. 더 적극적인 참여 기대.,2024-06-07,2025-02-02
PM0344,EMP088,PRJ_2024_05,마케팅 자동화,디자이너,"프로젝트 목표 107% 달성. 품질 기준을 초과하여 완수했으며, 팀원들의 신뢰가 매우 높음.",열정적으로 일하며 팀원들에게 지식을 공유해줌. 핵심 멤버.,2024-06-07,2025-02-02
PM0345,EMP008,PRJ_2024_06,모니터링 시스템,PL,"기본 작업은 완수했으나, 커뮤니케이션 개선 필요. 멘토링 지원 필요.",맡은 역할은 하나 주도적 참여 아쉬움. 개선 여지 있음.,2024-10-01,2025-05-29
PM0346,TL009,PRJ_2024_06,모니터링 시스템,개발자,"프로젝트 목표 130% 달성. 품질 기준을 초과하여 완수했으며, 이해관계자 만족도가 매우 높음.",프로젝트에 성실히 기여. 특별한 이슈 없음.,2024-10-01,2025-05-29
PM0347,EMP063,PRJ_2024_06,모니터링 시스템,개발자,요구사항에 맞춰 업무 완수. 책임감 있는 태도. 다음 프로젝트에서 더 큰 역할 기대.,프로젝트에 책임감 있게 참여. 안정적인 성과.,2024-10-01,2025-05-29
PM0348,EMP083,PRJ_2024_06,모니터링 시스템,QA,"기본 작업은 완수했으나, 커뮤니케이션 개선 필요. 추가 교육 권장.",책임감이 강하고 팀원들에게 지식을 공유해줌. 핵심 멤버.,2024-10-01,2025-05-29
PM0349,EMP133,PRJ_2024_06,모니터링 시스템,기획자,기술적 난이도 해결에서 어려움 노출. 개선 방안 논의 필요.,협력적이고 업무를 수행. 팀워크 양호함.,2024-10-01,2025-05-29
PM0350,EMP060,PRJ_2024_06,모니터링 시스템,디자이너,기술적 난이도 해결에서 어려움 노출. 개선 방안 논의 필요.,책임감이 강하고 팀원들에게 지식을 공유해줌. 없어서는 안 될 동료.,2024-10-01,2025-05-29
PM0351,EMP121,PRJ_2024_06,모니터링 시스템,PM,"프로젝트 목표 129% 달성. 일정을 앞당겨 완수했으며, 이해관계자 만족도가 매우 높음.",어려울 때 적극적으로 도와주며 배울 점이 많은 동료. 전문성도 뛰어남.,2024-10-01,2025-05-29
PM0352,EMP066,PRJ_2024_06,모니터링 시스템,아키텍트,타 팀과의 협업에서 어려움 노출. 개선 방안 논의 필요.,협력적이고 업무를 수행. 맡은 일 잘 처리함.,2024-10-01,2025-05-29
PM0353,EMP080,PRJ_2024_07,AI 추천 시스템,PL,"기본 작업은 완수했으나, 품질 기준 미달 부분 존재. 추가 교육 권장.",프로젝트 진행 중 건설적인 의견 제시로 팀워크 향상에 기여. 팀 성과에 큰 기여.,2024-01-16,2025-01-10
PM0354,EMP104,PRJ_2024_07,AI 추천 시스템,개발자,"기본 작업은 완수했으나, 품질 기준 미달 부분 존재. 역량 강화 계획 수립.",기술적으로 뛰어나며 팀원들에게 지식을 공유해줌. 없어서는 안 될 동료.,2024-01-16,2025-01-10
PM0355,TL008,PRJ_2024_07,AI 추천 시스템,개발자,복잡한 기술 이슈를 체계적으로 해결. 팀의 롤모델.,프로젝트 진행 중 빠른 피드백로 팀워크 향상에 기여. 함께 일하고 싶은 동료.,2024-01-16,2025-01-10
PM0356,EMP123,PRJ_2024_07,AI 추천 시스템,QA,적극적인 책임감으로 프로젝트에 기여. 향후 리더 역할 기대됨.,업무는 처리하지만 커뮤니케이션이 부족. 더 적극적인 참여 기대.,2024-01-16,2025-01-10
PM0357,EMP190,PRJ_2024_08,고객 데이터 분석 플랫폼,PL,요구사항 변경를 체계적으로 해결. 기술 리더 역할 수행.,책임감 있게 업무를 수행. 팀워크 양호함.,2024-01-14,2024-06-12
PM0358,EMP004,PRJ_2024_08,고객 데이터 분석 플랫폼,개발자,"프로젝트 목표 127% 달성. 예산 대비 효율적으로 완수했으며, 기술적 완성도가 매우 높음.",항상 동료를 먼저 생각하고 신뢰할 수 있는 동료. 문제 해결 능력 우수.,2024-01-14,2024-06-12
PM0359,EMP129,PRJ_2024_08,고객 데이터 분석 플랫폼,개발자,탁월한 문제 해결 능력으로 프로젝트에 기여. 향후 리더 역할 기대됨.,맡은 역할은 하나 적극성 필요. 더 적극적인 참여 기대.,2024-01-14,2024-06-12
PM0360,EMP020,PRJ_2024_08,고객 데이터 분석 플랫폼,QA,요구사항 이해에서 어려움 노출. 개선 방안 논의 필요.,성실하며 업무를 수행. 팀워크 양호함.,2024-01-14,2024-06-12
PM0361,EMP178,PRJ_2024_08,고객 데이터 분석 플랫폼,기획자,적극적인 책임감으로 프로젝트에 기여. 향후 리더 역할 기대됨.,성실하며 업무를 수행. 맡은 일 잘 처리함.,2024-01-14,2024-06-12
PM0362,EMP056,PRJ_2024_08,고객 데이터 분석 플랫폼,디자이너,복잡한 기술 이슈를 창의적으로 해결. 팀의 롤모델.,업무는 처리하지만 커뮤니케이션이 부족. 개선 여지 있음.,2024-01-14,2024-06-12
PM0363,EMP150,PRJ_2024_08,고객 데이터 분석 플랫폼,PM,전반적으로 만족스러운 기여. 커뮤니케이션 개선 시 더 큰 성과 기대.,책임감이 강하고 팀원들에게 지식을 공유해줌. 없어서는 안 될 동료.,2024-01-14,2024-06-12
PM0364,EMP135,PRJ_2024_08,고객 데이터 분석 플랫폼,아키텍트,전반적으로 만족스러운 기여. 기술 역량 강화 시 더 큰 성과 기대.,업무는 처리하지만 주도적 참여 아쉬움. 더 적극적인 참여 기대.,2024-01-14,2024-06-12
PM0365,EMP144,PRJ_2024_08,고객 데이터 분석 플랫폼,PL,복잡한 기술 이슈를 체계적으로 해결. 팀의 롤모델.,책임감 있게 업무를 수행. 맡은 일 잘 처리함.,2024-01-14,2024-06-12
PM0366,EMP192,PRJ_2024_08,고객 데이터 분석 플랫폼,개발자,"기본 작업은 완수했으나, 일정 준수에 어려움. 역량 강화 계획 수립.",프로젝트에 전문성 발휘. 특별한 이슈 없음.,2024-01-14,2024-06-12
PM0367,TL005,PRJ_2024_09,검색 엔진 최적화,PL,"기본 작업은 완수했으나, 일정 준수에 어려움. 역량 강화 계획 수립.",어려울 때 적극적으로 도와주며 함께 일하기 좋은 동료. 문제 해결 능력 우수.,2024-08-18,2025-05-15
PM0368,EMP089,PRJ_2024_09,검색 엔진 최적화,개발자,전반적으로 만족스러운 기여. 커뮤니케이션 개선 시 더 큰 성과 기대.,책임감 있게 업무를 수행. 맡은 일 잘 처리함.,2024-08-18,2025-05-15
PM0369,EMP153,PRJ_2024_09,검색 엔진 최적화,개발자,탁월한 문제 해결 능력으로 프로젝트에 기여. 지속적 성장 예상됨.,성실하며 업무를 수행. 커뮤니케이션 원활함.,2024-08-18,2025-05-15
PM0370,EMP047,PRJ_2024_09,검색 엔진 최적화,QA,탁월한 문제 해결 능력으로 프로젝트에 기여. 향후 리더 역할 기대됨.,팀 분위기를 밝게 만들고 배울 점이 많은 동료. 전문성도 뛰어남.,2024-08-18,2025-05-15
PM0371,EMP073,PRJ_2024_09,검색 엔진 최적화,기획자,"기본 작업은 완수했으나, 커뮤니케이션 개선 필요. 역량 강화 계획 수립.",기술적으로 뛰어나며 후배들을 잘 가르침해줌. 팀의 기둥.,2024-08-18,2025-05-15
PM0372,EMP183,PRJ_2024_09,검색 엔진 최적화,디자이너,요구사항 변경를 창의적으로 해결. 팀의 롤모델.,프로젝트 진행 중 유연한 협업 태도로 팀워크 향상에 기여. 함께 일하고 싶은 동료.,2024-08-18,2025-05-15
