review_id,employee_id,review_period,final_grade,manager_comment_development
REV0001,EMP000,2022 H1,S,기대를 크게 상회하는 성과. 회사 평판 제고. 회사의 미래를 책임질 핵심 인재.
REV0002,EMP000,2022 H2,A,반기 목표 117% 달성. 기대에 부응하는 기여. 승진 후보 검토.
REV0003,EMP000,2023 H1,C,목표 달성률 70%. 우선순위 오류 파악. 집중 육성 시급.
REV0004,EMP000,2023 H2,B,기대치 수준. 적극성 제고 필요.
REV0005,EMP000,2024 H1,B,평균적 성과. 성장 정체 우려. 멘토 배정 지원.
REV0006,DIV001,2022 H1,A,반기 목표 120% 달성. 기대에 부응하는 기여. 전문가 트랙 육성.
REV0007,DIV001,2022 H2,C,기대 이하 성과. 3개월 내 역량 향상 없으면 추가 조치.
REV0008,DIV001,2023 H1,B,평균적 성과. 수동적 업무 태도. 1:1 코칭 지원.
REV0009,DIV001,2023 H2,D,심각한 수준의 저성과. 적합성 검토 필요. 전문가 코칭.
REV0010,DIV001,2024 H1,A,우수한 성과. 혁신 역량 개발 시 S등급 도약 가능. 해외 연수 검토.
REV0011,DIV002,2022 H1,B,기본 목표 달성. 무난한 업무 처리. 주도성 강화 필요.
REV0012,DIV002,2022 H2,B,안정적이나 도전 부족. 더 높은 목표 설정 권장 필요.
REV0013,DIV002,2023 H1,B,기본 목표 달성. 일부 지연 발생. 주도성 강화 필요.
REV0014,DIV002,2023 H2,B,평균적 성과. 성장 정체 우려. 1:1 코칭 지원.
REV0015,DIV002,2024 H1,S,반기 목표 132% 달성으로 탁월한 성과. 기술적 난제 해결로 회사 발전 기여. 리더 역할 부여 검토.
REV0016,DIV003,2022 H1,D,심각한 수준의 저성과. 즉시 개선 조치 필요. PIP 즉시 적용.
REV0017,DIV003,2022 H2,D,심각한 수준의 저성과. 역량 재평가 필요. PIP 즉시 적용.
REV0018,DIV003,2023 H1,C,목표 달성률 74%. 역량 부족 파악. 업무 재배치 시급.
REV0019,DIV003,2023 H2,A,우수한 성과. 혁신 역량 개발 시 S등급 도약 가능. 교육 투자 예정.
REV0020,DIV003,2024 H1,A,우수한 성과. 리더십 역량 개발 시 S등급 도약 가능. 해외 연수 검토.
REV0021,TL001,2022 H1,A,반기 목표 113% 달성. 팀 목표 달성에 기여. 도전적 과제 부여.
REV0022,TL001,2022 H2,B,평균적 성과. 프로세스 개선 기여도 낮음. 1:1 코칭 지원.
REV0023,TL001,2023 H1,C,개선 미흡. 3개월 내 구체적 발전 없으면 재배치 검토.
REV0024,TL001,2023 H2,B,평균적 성과. 프로세스 개선 기여도 낮음. 멘토 배정 지원.
REV0025,TL001,2024 H1,B,평균적 성과. 프로세스 개선 기여도 낮음. 멘토 배정 지원.
REV0026,TL002,2022 H1,A,반기 목표 112% 달성. 전문성을 바탕으로 한 성과. 리더십 기회 제공 검토.
REV0027,TL002,2022 H2,A,우수한 성과. 글로벌 마인드 개발 시 S등급 도약 가능. 경력 개발 계획 수립.
REV0028,TL002,2023 H1,C,목표 달성률 72%. 태도 문제 파악. PIP 수립 시급.
REV0029,TL002,2023 H2,A,우수한 성과. 혁신 역량 개발 시 S등급 도약 가능. 교육 투자 예정.
REV0030,TL002,2024 H1,B,평균적 성과. 수동적 업무 태도. 교육 기회 지원.
REV0031,TL003,2022 H1,D,심각한 수준의 저성과. 적합성 검토 필요. PIP 즉시 적용.
REV0032,TL003,2022 H2,D,심각한 수준의 저성과. 역량 재평가 필요. PIP 즉시 적용.
REV0033,TL003,2023 H1,B,평균적 성과. 혁신 시도 미흡. 멘토 배정 지원.
REV0034,TL003,2023 H2,B,평균적 성과. 성장 정체 우려. 개선 계획 지원.
REV0035,TL003,2024 H1,A,반기 목표 120% 달성. 안정적이고 우수한 성과. 전문가 트랙 육성.
REV0036,TL004,2022 H1,A,우수한 성과. 리더십 역량 개발 시 S등급 도약 가능. 멘토링 프로그램.
REV0037,TL004,2022 H2,A,우수한 성과. 리더십 역량 개발 시 S등급 도약 가능. 해외 연수 검토.
REV0038,TL004,2023 H1,B,평범한 수준. 더 높은 목표 설정 권장 필요.
REV0039,TL004,2023 H2,C,개선 미흡. 3개월 내 역량 향상 없으면 진로 상담.
REV0040,TL004,2024 H1,S,뛰어난 리더십으로 조직에 큰 가치 창출. 경쟁사 스카우트 우려.
REV0041,TL005,2022 H1,B,기대치 수준. 적극성 제고 필요.
REV0042,TL005,2022 H2,B,평균적 성과. 프로세스 개선 기여도 낮음. 1:1 코칭 지원.
REV0043,TL005,2023 H1,B,기대치 수준. 더 높은 목표 설정 권장 필요.
REV0044,TL005,2023 H2,A,반기 목표 114% 달성. 팀 목표 달성에 기여. 승진 후보 검토.
REV0045,TL005,2024 H1,C,기대 이하 성과. 3개월 내 구체적 발전 없으면 재배치 검토.
REV0046,TL006,2022 H1,B,기본 목표 달성. 일부 지연 발생. 커뮤니케이션 개선 필요.
REV0047,TL006,2022 H2,A,우수한 성과. 혁신 역량 개발 시 S등급 도약 가능. 교육 투자 예정.
REV0048,TL006,2023 H1,C,목표 달성률 63%. 역량 부족 파악. PIP 수립 시급.
REV0049,TL006,2023 H2,C,반복적 실수. 3개월 내 명확한 개선 없으면 계약 갱신 논의.
REV0050,TL006,2024 H1,B,기대치 수준. 더 높은 목표 설정 권장 필요.
REV0051,TL007,2022 H1,A,반기 목표 119% 달성. 팀 목표 달성에 기여. 전문가 트랙 육성.
REV0052,TL007,2022 H2,B,기본 목표 달성. 평균 수준 성과. 주도성 강화 필요.
REV0053,TL007,2023 H1,C,개선 미흡. 3개월 내 구체적 발전 없으면 진로 상담.
REV0054,TL007,2023 H2,C,목표 달성률 69%. 역량 부족 파악. 업무 재배치 시급.
REV0055,TL007,2024 H1,C,목표 달성률 64%. 역량 부족 파악. 멘토링 강화 시급.
REV0056,TL008,2022 H1,A,우수한 성과. 글로벌 마인드 개발 시 S등급 도약 가능. 교육 투자 예정.
REV0057,TL008,2022 H2,A,우수한 성과. 혁신 역량 개발 시 S등급 도약 가능. 해외 연수 검토.
REV0058,TL008,2023 H1,A,우수한 성과. 혁신 역량 개발 시 S등급 도약 가능. 멘토링 프로그램.
REV0059,TL008,2023 H2,C,반복적 실수. 3개월 내 구체적 발전 없으면 진로 상담.
REV0060,TL008,2024 H1,B,평균적 성과. 성장 정체 우려. 교육 기회 지원.
REV0061,TL009,2022 H1,B,평균적 성과. 수동적 업무 태도. 교육 기회 지원.
REV0062,TL009,2022 H2,B,안정적이나 도전 부족. 더 높은 목표 설정 권장 필요.
REV0063,TL009,2023 H1,D,심각한 수준의 저성과. 역량 재평가 필요. 고용 유지 재검토.
REV0064,TL009,2023 H2,A,책임감과 실행력 우수. 역량 확장 지원.
REV0065,TL009,2024 H1,S,반기 목표 142% 달성으로 탁월한 성과. 기술적 난제 해결로 회사 발전 기여. 리더 역할 부여 검토.
REV0066,TL010,2022 H1,D,심각한 수준의 저성과. 즉시 개선 조치 필요. 고용 유지 재검토.
REV0067,TL010,2022 H2,D,심각한 수준의 저성과. 역량 재평가 필요. 업무 전환.
REV0068,TL010,2023 H1,C,목표 달성률 65%. 협업 어려움 파악. 업무 재배치 시급.
REV0069,TL010,2023 H2,S,반기 목표 156% 달성으로 탁월한 성과. 팀 전체 성과 향상에 기여. 보상 상향 필요.
REV0070,TL010,2024 H1,S,반기 목표 151% 달성으로 탁월한 성과. 혁신적 아이디어로 비즈니스 임팩트. 리더 역할 부여 검토.
REV0071,EMP001,2023 H2,D,심각한 수준의 저성과. 역량 재평가 필요. PIP 즉시 적용.
REV0072,EMP001,2024 H1,B,평균적 성과. 수동적 업무 태도. 개선 계획 지원.
REV0073,EMP002,2024 H1,B,평균적 성과. 프로세스 개선 기여도 낮음. 교육 기회 지원.
REV0074,EMP004,2022 H1,B,기본 목표 달성. 평균 수준 성과. 기술 역량 보완 필요.
REV0075,EMP004,2022 H2,C,반복적 실수. 3개월 내 태도 변화 없으면 진로 상담.
REV0076,EMP004,2023 H1,C,개선 미흡. 3개월 내 역량 향상 없으면 진로 상담.
REV0077,EMP004,2023 H2,C,반복적 실수. 3개월 내 태도 변화 없으면 진로 상담.
REV0078,EMP004,2024 H1,B,기본 목표 달성. 평균 수준 성과. 커뮤니케이션 개선 필요.
REV0079,EMP005,2023 H1,A,책임감과 실행력 우수. 역량 확장 지원.
REV0080,EMP005,2023 H2,C,목표 달성률 65%. 태도 문제 파악. 집중 육성 시급.
REV0081,EMP005,2024 H1,C,목표 이해 부족. 3개월 내 명확한 개선 없으면 추가 조치.
REV0082,EMP006,2024 H1,S,반기 목표 153% 달성으로 탁월한 성과. 핵심 프로젝트를 성공으로 이끔. 승진 적극 추천.
REV0083,EMP007,2022 H1,B,평균적 성과. 혁신 시도 미흡. 1:1 코칭 지원.
REV0084,EMP007,2022 H2,A,반기 목표 110% 달성. 전문성을 바탕으로 한 성과. 도전적 과제 부여.
REV0085,EMP007,2023 H1,B,맡은 일은 하나 확장성 없음. 적극성 제고 필요.
REV0086,EMP007,2023 H2,A,우수한 성과. 글로벌 마인드 개발 시 S등급 도약 가능. 경력 개발 계획 수립.
REV0087,EMP007,2024 H1,C,기대 이하 성과. 3개월 내 구체적 발전 없으면 추가 조치.
REV0088,EMP008,2022 H1,A,책임감과 실행력 우수. 보상 인센티브.
REV0089,EMP008,2022 H2,A,우수한 성과. 전략적 사고 개발 시 S등급 도약 가능. 해외 연수 검토.
REV0090,EMP008,2023 H1,B,맡은 일은 하나 확장성 없음. 적극성 제고 필요.
REV0091,EMP008,2023 H2,A,우수한 성과. 혁신 역량 개발 시 S등급 도약 가능. 교육 투자 예정.
REV0092,EMP008,2024 H1,B,기본 목표 달성. 품질 기준 충족. 커뮤니케이션 개선 필요.
REV0093,EMP009,2022 H1,A,반기 목표 120% 달성. 기대에 부응하는 기여. 전문가 트랙 육성.
REV0094,EMP009,2022 H2,A,우수한 성과. 리더십 역량 개발 시 S등급 도약 가능. 해외 연수 검토.
REV0095,EMP009,2023 H1,A,책임감과 실행력 우수. 역량 확장 지원.
REV0096,EMP009,2023 H2,C,목표 달성률 67%. 협업 어려움 파악. 집중 육성 시급.
REV0097,EMP009,2024 H1,B,기본 목표 달성. 평균 수준 성과. 효율성 제고 필요.
REV0098,EMP010,2022 H1,A,반기 목표 105% 달성. 기대에 부응하는 기여. 전문가 트랙 육성.
REV0099,EMP010,2022 H2,S,exceptional한 전문성으로 조직에 큰 가치 창출. 경쟁사 스카우트 우려.
REV0100,EMP010,2023 H1,A,반기 목표 107% 달성. 전문성을 바탕으로 한 성과. 리더십 기회 제공 검토.
REV0101,EMP010,2023 H2,B,평균적 성과. 혁신 시도 미흡. 교육 기회 지원.
REV0102,EMP010,2024 H1,B,기본 목표 달성. 품질 기준 충족. 커뮤니케이션 개선 필요.
REV0103,EMP011,2022 H1,D,심각한 수준의 저성과. 즉시 개선 조치 필요. 전문가 코칭.
REV0104,EMP011,2022 H2,A,반기 목표 105% 달성. 전문성을 바탕으로 한 성과. 도전적 과제 부여.
REV0105,EMP011,2023 H1,A,반기 목표 120% 달성. 기대에 부응하는 기여. 도전적 과제 부여.
REV0106,EMP011,2023 H2,C,기대 이하 성과. 3개월 내 역량 향상 없으면 재배치 검토.
REV0107,EMP011,2024 H1,A,반기 목표 106% 달성. 전문성을 바탕으로 한 성과. 승진 후보 검토.
REV0108,EMP012,2022 H1,A,반기 목표 112% 달성. 안정적이고 우수한 성과. 승진 후보 검토.
REV0109,EMP012,2022 H2,A,우수한 성과. 전략적 사고 개발 시 S등급 도약 가능. 해외 연수 검토.
REV0110,EMP012,2023 H1,B,평균적 성과. 프로세스 개선 기여도 낮음. 1:1 코칭 지원.
REV0111,EMP012,2023 H2,B,기본 목표 달성. 무난한 업무 처리. 기술 역량 보완 필요.
REV0112,EMP012,2024 H1,C,목표 달성률 60%. 태도 문제 파악. PIP 수립 시급.
REV0113,EMP013,2022 H1,A,우수한 성과. 전략적 사고 개발 시 S등급 도약 가능. 경력 개발 계획 수립.
REV0114,EMP013,2022 H2,B,평균적 성과. 프로세스 개선 기여도 낮음. 멘토 배정 지원.
REV0115,EMP013,2023 H1,A,반기 목표 107% 달성. 안정적이고 우수한 성과. 도전적 과제 부여.
REV0116,EMP013,2023 H2,S,기대를 크게 상회하는 성과. 회사 평판 제고. 회사의 미래를 책임질 핵심 인재.
REV0117,EMP013,2024 H1,A,책임감과 실행력 우수. 지속적 성장 기대.
REV0118,EMP014,2022 H1,A,반기 목표 120% 달성. 기대에 부응하는 기여. 승진 후보 검토.
REV0119,EMP014,2022 H2,C,개선 미흡. 3개월 내 태도 변화 없으면 계약 갱신 논의.
REV0120,EMP014,2023 H1,A,책임감과 실행력 우수. 핵심 프로젝트 투입.
REV0121,EMP014,2023 H2,B,평균적 성과. 프로세스 개선 기여도 낮음. 교육 기회 지원.
REV0122,EMP014,2024 H1,A,반기 목표 108% 달성. 안정적이고 우수한 성과. 리더십 기회 제공 검토.
REV0123,EMP015,2022 H1,B,평범한 수준. 시야 확대 필요.
REV0124,EMP015,2022 H2,A,책임감과 실행력 우수. 보상 인센티브.
REV0125,EMP015,2023 H1,B,평균적 성과. 수동적 업무 태도. 1:1 코칭 지원.
REV0126,EMP015,2023 H2,B,기본 목표 달성. 무난한 업무 처리. 커뮤니케이션 개선 필요.
REV0127,EMP015,2024 H1,A,반기 목표 113% 달성. 전문성을 바탕으로 한 성과. 리더십 기회 제공 검토.
REV0128,EMP016,2022 H1,A,프로젝트 수행 능력 우수. 핵심 프로젝트 투입.
REV0129,EMP016,2022 H2,A,우수한 성과. 혁신 역량 개발 시 S등급 도약 가능. 경력 개발 계획 수립.
REV0130,EMP016,2023 H1,A,우수한 성과. 혁신 역량 개발 시 S등급 도약 가능. 해외 연수 검토.
REV0131,EMP016,2023 H2,B,평범한 수준. 자기주도적 개선 필요.
REV0132,EMP016,2024 H1,A,우수한 성과. 리더십 역량 개발 시 S등급 도약 가능. 멘토링 프로그램.
REV0133,EMP017,2023 H1,A,우수한 성과. 혁신 역량 개발 시 S등급 도약 가능. 해외 연수 검토.
REV0134,EMP017,2023 H2,C,목표 달성률 65%. 우선순위 오류 파악. 멘토링 강화 시급.
REV0135,EMP017,2024 H1,C,기대 이하 성과. 3개월 내 태도 변화 없으면 추가 조치.
REV0136,EMP018,2022 H1,A,우수한 성과. 리더십 역량 개발 시 S등급 도약 가능. 해외 연수 검토.
REV0137,EMP018,2022 H2,A,기술적 전문성 우수. 보상 인센티브.
REV0138,EMP018,2023 H1,B,평균적 성과. 성장 정체 우려. 멘토 배정 지원.
REV0139,EMP018,2023 H2,B,기본 목표 달성. 일부 지연 발생. 효율성 제고 필요.
REV0140,EMP018,2024 H1,B,평균적 성과. 성장 정체 우려. 1:1 코칭 지원.
REV0141,EMP019,2022 H1,C,기대 이하 성과. 3개월 내 명확한 개선 없으면 계약 갱신 논의.
REV0142,EMP019,2022 H2,D,심각한 수준의 저성과. 역량 재평가 필요. 고용 유지 재검토.
REV0143,EMP019,2023 H1,B,평균적 성과. 프로세스 개선 기여도 낮음. 멘토 배정 지원.
REV0144,EMP019,2023 H2,A,우수한 성과. 혁신 역량 개발 시 S등급 도약 가능. 경력 개발 계획 수립.
REV0145,EMP019,2024 H1,B,평범한 수준. 자기주도적 개선 필요.
REV0146,EMP020,2022 H1,B,기대치 수준. 적극성 제고 필요.
REV0147,EMP020,2022 H2,C,목표 달성률 70%. 협업 어려움 파악. 업무 재배치 시급.
REV0148,EMP020,2023 H1,C,목표 달성률 72%. 우선순위 오류 파악. 업무 재배치 시급.
REV0149,EMP020,2023 H2,A,우수한 성과. 전략적 사고 개발 시 S등급 도약 가능. 경력 개발 계획 수립.
REV0150,EMP020,2024 H1,A,우수한 성과. 리더십 역량 개발 시 S등급 도약 가능. 경력 개발 계획 수립.
REV0151,EMP021,2023 H2,B,기본 목표 달성. 평균 수준 성과. 기술 역량 보완 필요.
REV0152,EMP021,2024 H1,A,반기 목표 117% 달성. 팀 목표 달성에 기여. 리더십 기회 제공 검토.
REV0153,EMP022,2022 H1,B,평균적 성과. 프로세스 개선 기여도 낮음. 개선 계획 지원.
REV0154,EMP022,2022 H2,B,안정적이나 도전 부족. 시야 확대 필요.
REV0155,EMP022,2023 H1,C,목표 달성률 66%. 역량 부족 파악. 업무 재배치 시급.
REV0156,EMP022,2023 H2,B,평균적 성과. 수동적 업무 태도. 교육 기회 지원.
REV0157,EMP022,2024 H1,D,심각한 수준의 저성과. 근본 원인 파악 필요. 업무 전환.
REV0158,EMP023,2022 H1,D,심각한 수준의 저성과. 근본 원인 파악 필요. PIP 즉시 적용.
REV0159,EMP023,2022 H2,S,exceptional한 전문성으로 조직에 큰 가치 창출. 경쟁사 스카우트 우려.
REV0160,EMP023,2023 H1,B,평균적 성과. 수동적 업무 태도. 1:1 코칭 지원.
REV0161,EMP023,2023 H2,C,목표 달성률 72%. 우선순위 오류 파악. 업무 재배치 시급.
REV0162,EMP023,2024 H1,S,반기 목표 139% 달성으로 탁월한 성과. 핵심 프로젝트를 성공으로 이끔. 핵심인재로 관리.
REV0163,EMP024,2023 H1,B,기본 목표 달성. 품질 기준 충족. 주도성 강화 필요.
REV0164,EMP024,2023 H2,D,심각한 수준의 저성과. 즉시 개선 조치 필요. 업무 전환.
REV0165,EMP024,2024 H1,D,심각한 수준의 저성과. 역량 재평가 필요. 업무 전환.
REV0166,EMP025,2023 H2,B,안정적이나 도전 부족. 적극성 제고 필요.
REV0167,EMP025,2024 H1,S,반기 목표 142% 달성으로 탁월한 성과. 팀 전체 성과 향상에 기여. 승진 적극 추천.
REV0168,EMP026,2022 H1,C,반복적 실수. 3개월 내 태도 변화 없으면 계약 갱신 논의.
REV0169,EMP026,2022 H2,C,기대 이하 성과. 3개월 내 역량 향상 없으면 진로 상담.
REV0170,EMP026,2023 H1,B,평균적 성과. 혁신 시도 미흡. 교육 기회 지원.
REV0171,EMP026,2023 H2,S,뛰어난 리더십으로 조직에 큰 가치 창출. 보상 패키지 재검토.
REV0172,EMP026,2024 H1,B,평균적 성과. 프로세스 개선 기여도 낮음. 교육 기회 지원.
REV0173,EMP027,2022 H1,B,기본 목표 달성. 평균 수준 성과. 효율성 제고 필요.
REV0174,EMP027,2022 H2,A,협업 및 소통 역량 우수. 핵심 프로젝트 투입.
REV0175,EMP027,2023 H1,C,목표 달성률 64%. 협업 어려움 파악. 집중 육성 시급.
REV0176,EMP027,2023 H2,A,반기 목표 109% 달성. 기대에 부응하는 기여. 승진 후보 검토.
REV0177,EMP027,2024 H1,C,목표 달성률 60%. 협업 어려움 파악. 멘토링 강화 시급.
REV0178,EMP028,2022 H1,B,기본 목표 달성. 일부 지연 발생. 커뮤니케이션 개선 필요.
REV0179,EMP028,2022 H2,C,목표 달성률 65%. 역량 부족 파악. 집중 육성 시급.
REV0180,EMP028,2023 H1,S,창의적 문제 해결으로 조직에 큰 가치 창출. 보상 패키지 재검토.
REV0181,EMP028,2023 H2,C,목표 달성률 60%. 협업 어려움 파악. 업무 재배치 시급.
REV0182,EMP028,2024 H1,B,기본 목표 달성. 평균 수준 성과. 효율성 제고 필요.
REV0183,EMP029,2022 H1,S,반기 목표 131% 달성으로 탁월한 성과. 기술적 난제 해결로 회사 발전 기여. 리더 역할 부여 검토.
REV0184,EMP029,2022 H2,C,목표 달성률 61%. 태도 문제 파악. 집중 육성 시급.
REV0185,EMP029,2023 H1,A,우수한 성과. 글로벌 마인드 개발 시 S등급 도약 가능. 교육 투자 예정.
REV0186,EMP029,2023 H2,S,반기 목표 148% 달성으로 탁월한 성과. 혁신적 아이디어로 비즈니스 임팩트. 리더 역할 부여 검토.
REV0187,EMP029,2024 H1,A,기술적 전문성 우수. 역량 확장 지원.
REV0188,EMP030,2022 H2,S,탁월한 실행력으로 조직에 큰 가치 창출. 경쟁사 스카우트 우려.
REV0189,EMP030,2023 H1,B,맡은 일은 하나 확장성 없음. 자기주도적 개선 필요.
REV0190,EMP030,2023 H2,B,평균적 성과. 프로세스 개선 기여도 낮음. 멘토 배정 지원.
REV0191,EMP030,2024 H1,B,안정적이나 도전 부족. 더 높은 목표 설정 권장 필요.
REV0192,EMP031,2022 H1,B,기본 목표 달성. 평균 수준 성과. 효율성 제고 필요.
REV0193,EMP031,2022 H2,B,기대치 수준. 더 높은 목표 설정 권장 필요.
REV0194,EMP031,2023 H1,C,목표 달성률 72%. 역량 부족 파악. 집중 육성 시급.
REV0195,EMP031,2023 H2,D,심각한 수준의 저성과. 적합성 검토 필요. 고용 유지 재검토.
REV0196,EMP031,2024 H1,B,맡은 일은 하나 확장성 없음. 자기주도적 개선 필요.
REV0197,EMP032,2022 H1,S,기대를 크게 상회하는 성과. 회사 평판 제고. 회사의 미래를 책임질 핵심 인재.
REV0198,EMP032,2022 H2,D,심각한 수준의 저성과. 근본 원인 파악 필요. 업무 전환.
REV0199,EMP032,2023 H1,C,기대 이하 성과. 3개월 내 구체적 발전 없으면 계약 갱신 논의.
REV0200,EMP032,2023 H2,C,반복적 실수. 3개월 내 명확한 개선 없으면 계약 갱신 논의.
REV0201,EMP032,2024 H1,A,반기 목표 109% 달성. 팀 목표 달성에 기여. 리더십 기회 제공 검토.
REV0202,EMP033,2022 H1,B,기대치 수준. 자기주도적 개선 필요.
REV0203,EMP033,2022 H2,B,기본 목표 달성. 평균 수준 성과. 기술 역량 보완 필요.
REV0204,EMP033,2023 H1,C,목표 달성률 73%. 태도 문제 파악. 집중 육성 시급.
REV0205,EMP033,2023 H2,C,목표 달성률 66%. 역량 부족 파악. 멘토링 강화 시급.
REV0206,EMP033,2024 H1,C,목표 달성률 62%. 우선순위 오류 파악. PIP 수립 시급.
REV0207,EMP034,2023 H1,A,우수한 성과. 리더십 역량 개발 시 S등급 도약 가능. 멘토링 프로그램.
REV0208,EMP034,2023 H2,A,우수한 성과. 글로벌 마인드 개발 시 S등급 도약 가능. 경력 개발 계획 수립.
REV0209,EMP034,2024 H1,C,목표 이해 부족. 3개월 내 역량 향상 없으면 추가 조치.
REV0210,EMP035,2022 H1,B,평균적 성과. 혁신 시도 미흡. 멘토 배정 지원.
REV0211,EMP035,2022 H2,C,반복적 실수. 3개월 내 구체적 발전 없으면 추가 조치.
REV0212,EMP035,2023 H1,A,기술적 전문성 우수. 보상 인센티브.
REV0213,EMP035,2023 H2,S,기대를 크게 상회하는 성과. 회사 평판 제고. 회사의 미래를 책임질 핵심 인재.
REV0214,EMP035,2024 H1,B,기본 목표 달성. 일부 지연 발생. 기술 역량 보완 필요.
REV0215,EMP036,2022 H1,C,목표 달성률 66%. 협업 어려움 파악. 멘토링 강화 시급.
REV0216,EMP036,2022 H2,C,목표 달성률 69%. 태도 문제 파악. 집중 육성 시급.
REV0217,EMP036,2023 H1,A,협업 및 소통 역량 우수. 역량 확장 지원.
REV0218,EMP036,2023 H2,B,평범한 수준. 더 높은 목표 설정 권장 필요.
REV0219,EMP036,2024 H1,C,목표 달성률 63%. 우선순위 오류 파악. PIP 수립 시급.
REV0220,EMP037,2023 H2,B,평균적 성과. 혁신 시도 미흡. 멘토 배정 지원.
REV0221,EMP037,2024 H1,B,기본 목표 달성. 평균 수준 성과. 커뮤니케이션 개선 필요.
REV0222,EMP038,2022 H1,B,평균적 성과. 프로세스 개선 기여도 낮음. 1:1 코칭 지원.
REV0223,EMP038,2022 H2,A,프로젝트 수행 능력 우수. 핵심 프로젝트 투입.
REV0224,EMP038,2023 H1,A,반기 목표 108% 달성. 안정적이고 우수한 성과. 전문가 트랙 육성.
REV0225,EMP038,2023 H2,A,반기 목표 114% 달성. 전문성을 바탕으로 한 성과. 전문가 트랙 육성.
REV0226,EMP038,2024 H1,B,평균적 성과. 성장 정체 우려. 멘토 배정 지원.
REV0227,EMP039,2022 H2,B,평균적 성과. 프로세스 개선 기여도 낮음. 1:1 코칭 지원.
REV0228,EMP039,2023 H1,C,목표 달성률 70%. 역량 부족 파악. PIP 수립 시급.
REV0229,EMP039,2023 H2,B,기본 목표 달성. 일부 지연 발생. 커뮤니케이션 개선 필요.
REV0230,EMP039,2024 H1,B,맡은 일은 하나 확장성 없음. 더 높은 목표 설정 권장 필요.
REV0231,EMP040,2022 H1,B,평균적 성과. 성장 정체 우려. 1:1 코칭 지원.
REV0232,EMP040,2022 H2,A,반기 목표 109% 달성. 안정적이고 우수한 성과. 승진 후보 검토.
REV0233,EMP040,2023 H1,B,평범한 수준. 적극성 제고 필요.
REV0234,EMP040,2023 H2,B,평균적 성과. 프로세스 개선 기여도 낮음. 멘토 배정 지원.
REV0235,EMP040,2024 H1,D,심각한 수준의 저성과. 즉시 개선 조치 필요. 업무 전환.
REV0236,EMP041,2022 H1,A,기술적 전문성 우수. 역량 확장 지원.
REV0237,EMP041,2022 H2,B,맡은 일은 하나 확장성 없음. 자기주도적 개선 필요.
REV0238,EMP041,2023 H1,A,우수한 성과. 리더십 역량 개발 시 S등급 도약 가능. 멘토링 프로그램.
REV0239,EMP041,2023 H2,B,평균적 성과. 프로세스 개선 기여도 낮음. 개선 계획 지원.
REV0240,EMP041,2024 H1,B,평균적 성과. 성장 정체 우려. 1:1 코칭 지원.
REV0241,EMP042,2022 H1,D,심각한 수준의 저성과. 근본 원인 파악 필요. 전문가 코칭.
REV0242,EMP042,2022 H2,C,목표 달성률 72%. 역량 부족 파악. 업무 재배치 시급.
REV0243,EMP042,2023 H1,B,안정적이나 도전 부족. 자기주도적 개선 필요.
REV0244,EMP042,2023 H2,C,기대 이하 성과. 3개월 내 태도 변화 없으면 계약 갱신 논의.
REV0245,EMP042,2024 H1,B,기본 목표 달성. 무난한 업무 처리. 커뮤니케이션 개선 필요.
REV0246,EMP043,2022 H1,B,기대치 수준. 더 높은 목표 설정 권장 필요.
REV0247,EMP043,2022 H2,B,기본 목표 달성. 일부 지연 발생. 효율성 제고 필요.
REV0248,EMP043,2023 H1,A,우수한 성과. 글로벌 마인드 개발 시 S등급 도약 가능. 교육 투자 예정.
REV0249,EMP043,2023 H2,C,목표 달성률 66%. 역량 부족 파악. 집중 육성 시급.
REV0250,EMP043,2024 H1,A,반기 목표 120% 달성. 기대에 부응하는 기여. 리더십 기회 제공 검토.
REV0251,EMP045,2022 H1,C,반복적 실수. 3개월 내 구체적 발전 없으면 재배치 검토.
REV0252,EMP045,2022 H2,B,평균적 성과. 프로세스 개선 기여도 낮음. 1:1 코칭 지원.
REV0253,EMP045,2023 H1,B,평균적 성과. 혁신 시도 미흡. 개선 계획 지원.
REV0254,EMP045,2023 H2,A,우수한 성과. 혁신 역량 개발 시 S등급 도약 가능. 멘토링 프로그램.
REV0255,EMP045,2024 H1,S,기대를 크게 상회하는 성과. 회사 평판 제고. 회사의 미래를 책임질 핵심 인재.
REV0256,EMP046,2023 H1,S,기대를 크게 상회하는 성과. 프로젝트 수주 기여. 회사의 미래를 책임질 핵심 인재.
REV0257,EMP046,2023 H2,D,심각한 수준의 저성과. 적합성 검토 필요. 전문가 코칭.
REV0258,EMP046,2024 H1,C,목표 달성률 71%. 역량 부족 파악. 집중 육성 시급.
REV0259,EMP047,2022 H1,A,책임감과 실행력 우수. 역량 확장 지원.
REV0260,EMP047,2022 H2,C,목표 달성률 62%. 태도 문제 파악. PIP 수립 시급.
REV0261,EMP047,2023 H1,B,평균적 성과. 프로세스 개선 기여도 낮음. 교육 기회 지원.
REV0262,EMP047,2023 H2,C,개선 미흡. 3개월 내 명확한 개선 없으면 계약 갱신 논의.
REV0263,EMP047,2024 H1,D,심각한 수준의 저성과. 적합성 검토 필요. 업무 전환.
REV0264,EMP048,2024 H1,A,협업 및 소통 역량 우수. 핵심 프로젝트 투입.
REV0265,EMP049,2022 H1,B,기본 목표 달성. 일부 지연 발생. 커뮤니케이션 개선 필요.
REV0266,EMP049,2022 H2,B,안정적이나 도전 부족. 더 높은 목표 설정 권장 필요.
REV0267,EMP049,2023 H1,S,반기 목표 151% 달성으로 탁월한 성과. 팀 전체 성과 향상에 기여. 승진 적극 추천.
REV0268,EMP049,2023 H2,B,평균적 성과. 프로세스 개선 기여도 낮음. 멘토 배정 지원.
REV0269,EMP049,2024 H1,B,기대치 수준. 적극성 제고 필요.
REV0270,EMP050,2022 H1,A,반기 목표 117% 달성. 기대에 부응하는 기여. 리더십 기회 제공 검토.
REV0271,EMP050,2022 H2,D,심각한 수준의 저성과. 역량 재평가 필요. PIP 즉시 적용.
REV0272,EMP050,2023 H1,B,맡은 일은 하나 확장성 없음. 더 높은 목표 설정 권장 필요.
REV0273,EMP050,2023 H2,A,우수한 성과. 전략적 사고 개발 시 S등급 도약 가능. 경력 개발 계획 수립.
REV0274,EMP050,2024 H1,A,반기 목표 120% 달성. 안정적이고 우수한 성과. 리더십 기회 제공 검토.
REV0275,EMP051,2022 H1,A,반기 목표 114% 달성. 전문성을 바탕으로 한 성과. 리더십 기회 제공 검토.
REV0276,EMP051,2022 H2,B,기본 목표 달성. 품질 기준 충족. 커뮤니케이션 개선 필요.
REV0277,EMP051,2023 H1,S,창의적 문제 해결으로 조직에 큰 가치 창출. 차세대 리더 육성 대상.
REV0278,EMP051,2023 H2,A,우수한 성과. 글로벌 마인드 개발 시 S등급 도약 가능. 교육 투자 예정.
REV0279,EMP051,2024 H1,B,기본 목표 달성. 무난한 업무 처리. 주도성 강화 필요.
REV0280,EMP052,2022 H1,B,기본 목표 달성. 무난한 업무 처리. 주도성 강화 필요.
REV0281,EMP052,2022 H2,B,기본 목표 달성. 무난한 업무 처리. 커뮤니케이션 개선 필요.
REV0282,EMP052,2023 H1,S,반기 목표 138% 달성으로 탁월한 성과. 팀 전체 성과 향상에 기여. 리더 역할 부여 검토.
REV0283,EMP052,2023 H2,A,책임감과 실행력 우수. 보상 인센티브.
REV0284,EMP052,2024 H1,C,반복적 실수. 3개월 내 역량 향상 없으면 계약 갱신 논의.
REV0285,EMP053,2022 H1,C,목표 달성률 66%. 태도 문제 파악. 집중 육성 시급.
REV0286,EMP053,2022 H2,A,반기 목표 106% 달성. 기대에 부응하는 기여. 승진 후보 검토.
REV0287,EMP053,2023 H1,B,안정적이나 도전 부족. 시야 확대 필요.
REV0288,EMP053,2023 H2,B,기본 목표 달성. 평균 수준 성과. 주도성 강화 필요.
REV0289,EMP053,2024 H1,C,개선 미흡. 3개월 내 구체적 발전 없으면 계약 갱신 논의.
REV0290,EMP055,2022 H1,S,기대를 크게 상회하는 성과. 이해관계자 만족도 최고. 회사의 미래를 책임질 핵심 인재.
REV0291,EMP055,2022 H2,C,목표 달성률 62%. 역량 부족 파악. 집중 육성 시급.
REV0292,EMP055,2023 H1,C,개선 미흡. 3개월 내 태도 변화 없으면 계약 갱신 논의.
REV0293,EMP055,2023 H2,S,exceptional한 전문성으로 조직에 큰 가치 창출. 장기 유지 전략 필요.
REV0294,EMP055,2024 H1,C,목표 달성률 69%. 우선순위 오류 파악. 업무 재배치 시급.
REV0295,EMP056,2022 H1,B,기대치 수준. 시야 확대 필요.
REV0296,EMP056,2022 H2,C,목표 이해 부족. 3개월 내 태도 변화 없으면 추가 조치.
REV0297,EMP056,2023 H1,A,반기 목표 115% 달성. 안정적이고 우수한 성과. 도전적 과제 부여.
REV0298,EMP056,2023 H2,A,우수한 성과. 리더십 역량 개발 시 S등급 도약 가능. 해외 연수 검토.
REV0299,EMP056,2024 H1,C,개선 미흡. 3개월 내 태도 변화 없으면 추가 조치.
REV0300,EMP057,2022 H1,B,기본 목표 달성. 무난한 업무 처리. 주도성 강화 필요.
REV0301,EMP057,2022 H2,B,평균적 성과. 혁신 시도 미흡. 개선 계획 지원.
REV0302,EMP057,2023 H1,B,안정적이나 도전 부족. 더 높은 목표 설정 권장 필요.
REV0303,EMP057,2023 H2,B,평균적 성과. 성장 정체 우려. 1:1 코칭 지원.
REV0304,EMP057,2024 H1,A,기술적 전문성 우수. 지속적 성장 기대.
REV0305,EMP058,2022 H1,B,맡은 일은 하나 확장성 없음. 자기주도적 개선 필요.
REV0306,EMP058,2022 H2,D,심각한 수준의 저성과. 적합성 검토 필요. 고용 유지 재검토.
REV0307,EMP058,2023 H1,B,평균적 성과. 수동적 업무 태도. 개선 계획 지원.
REV0308,EMP058,2023 H2,D,심각한 수준의 저성과. 즉시 개선 조치 필요. 고용 유지 재검토.
REV0309,EMP058,2024 H1,B,기본 목표 달성. 무난한 업무 처리. 기술 역량 보완 필요.
REV0310,EMP059,2022 H1,C,개선 미흡. 3개월 내 명확한 개선 없으면 추가 조치.
REV0311,EMP059,2022 H2,B,평균적 성과. 혁신 시도 미흡. 1:1 코칭 지원.
REV0312,EMP059,2023 H1,A,반기 목표 117% 달성. 안정적이고 우수한 성과. 리더십 기회 제공 검토.
REV0313,EMP059,2023 H2,S,반기 목표 146% 달성으로 탁월한 성과. 팀 전체 성과 향상에 기여. 보상 상향 필요.
REV0314,EMP059,2024 H1,C,목표 이해 부족. 3개월 내 태도 변화 없으면 추가 조치.
REV0315,EMP060,2023 H1,B,평범한 수준. 시야 확대 필요.
REV0316,EMP060,2023 H2,D,심각한 수준의 저성과. 역량 재평가 필요. 업무 전환.
REV0317,EMP060,2024 H1,A,프로젝트 수행 능력 우수. 핵심 프로젝트 투입.
REV0318,EMP061,2022 H1,D,심각한 수준의 저성과. 적합성 검토 필요. 전문가 코칭.
REV0319,EMP061,2022 H2,B,맡은 일은 하나 확장성 없음. 시야 확대 필요.
REV0320,EMP061,2023 H1,A,협업 및 소통 역량 우수. 역량 확장 지원.
REV0321,EMP061,2023 H2,A,프로젝트 수행 능력 우수. 역량 확장 지원.
REV0322,EMP061,2024 H1,C,목표 이해 부족. 3개월 내 역량 향상 없으면 추가 조치.
REV0323,EMP062,2023 H1,A,반기 목표 108% 달성. 기대에 부응하는 기여. 도전적 과제 부여.
REV0324,EMP062,2023 H2,B,안정적이나 도전 부족. 더 높은 목표 설정 권장 필요.
REV0325,EMP062,2024 H1,C,목표 달성률 75%. 역량 부족 파악. PIP 수립 시급.
REV0326,EMP063,2022 H1,B,평균적 성과. 혁신 시도 미흡. 멘토 배정 지원.
REV0327,EMP063,2022 H2,B,기대치 수준. 적극성 제고 필요.
REV0328,EMP063,2023 H1,A,협업 및 소통 역량 우수. 보상 인센티브.
REV0329,EMP063,2023 H2,S,반기 목표 139% 달성으로 탁월한 성과. 핵심 프로젝트를 성공으로 이끔. 리더 역할 부여 검토.
REV0330,EMP063,2024 H1,C,목표 이해 부족. 3개월 내 구체적 발전 없으면 재배치 검토.
REV0331,EMP064,2022 H1,B,기본 목표 달성. 무난한 업무 처리. 기술 역량 보완 필요.
REV0332,EMP064,2022 H2,S,반기 목표 149% 달성으로 탁월한 성과. 기술적 난제 해결로 회사 발전 기여. 보상 상향 필요.
REV0333,EMP064,2023 H1,C,목표 이해 부족. 3개월 내 명확한 개선 없으면 재배치 검토.
REV0334,EMP064,2023 H2,C,목표 달성률 62%. 태도 문제 파악. 멘토링 강화 시급.
REV0335,EMP064,2024 H1,A,반기 목표 108% 달성. 전문성을 바탕으로 한 성과. 승진 후보 검토.
REV0336,EMP065,2022 H1,C,목표 달성률 64%. 우선순위 오류 파악. 집중 육성 시급.
REV0337,EMP065,2022 H2,A,우수한 성과. 리더십 역량 개발 시 S등급 도약 가능. 멘토링 프로그램.
REV0338,EMP065,2023 H1,D,심각한 수준의 저성과. 역량 재평가 필요. PIP 즉시 적용.
REV0339,EMP065,2023 H2,A,프로젝트 수행 능력 우수. 지속적 성장 기대.
REV0340,EMP065,2024 H1,B,평균적 성과. 혁신 시도 미흡. 교육 기회 지원.
REV0341,EMP066,2023 H1,B,평범한 수준. 시야 확대 필요.
REV0342,EMP066,2023 H2,C,개선 미흡. 3개월 내 태도 변화 없으면 진로 상담.
REV0343,EMP066,2024 H1,B,기본 목표 달성. 무난한 업무 처리. 주도성 강화 필요.
REV0344,EMP067,2022 H1,S,반기 목표 145% 달성으로 탁월한 성과. 기술적 난제 해결로 회사 발전 기여. 리더 역할 부여 검토.
REV0345,EMP067,2022 H2,B,기본 목표 달성. 평균 수준 성과. 효율성 제고 필요.
REV0346,EMP067,2023 H1,B,맡은 일은 하나 확장성 없음. 자기주도적 개선 필요.
REV0347,EMP067,2023 H2,C,목표 달성률 61%. 협업 어려움 파악. PIP 수립 시급.
REV0348,EMP067,2024 H1,A,반기 목표 114% 달성. 기대에 부응하는 기여. 리더십 기회 제공 검토.
REV0349,EMP068,2022 H1,A,반기 목표 117% 달성. 팀 목표 달성에 기여. 전문가 트랙 육성.
REV0350,EMP068,2022 H2,B,기본 목표 달성. 평균 수준 성과. 커뮤니케이션 개선 필요.
REV0351,EMP068,2023 H1,B,평균적 성과. 수동적 업무 태도. 멘토 배정 지원.
REV0352,EMP068,2023 H2,C,목표 달성률 64%. 협업 어려움 파악. 멘토링 강화 시급.
REV0353,EMP068,2024 H1,A,우수한 성과. 리더십 역량 개발 시 S등급 도약 가능. 교육 투자 예정.
REV0354,EMP069,2022 H2,A,우수한 성과. 전략적 사고 개발 시 S등급 도약 가능. 경력 개발 계획 수립.
REV0355,EMP069,2023 H1,A,책임감과 실행력 우수. 보상 인센티브.
REV0356,EMP069,2023 H2,B,평범한 수준. 더 높은 목표 설정 권장 필요.
REV0357,EMP069,2024 H1,B,평범한 수준. 자기주도적 개선 필요.
REV0358,EMP070,2022 H1,B,기본 목표 달성. 평균 수준 성과. 기술 역량 보완 필요.
REV0359,EMP070,2022 H2,B,평범한 수준. 시야 확대 필요.
REV0360,EMP070,2023 H1,D,심각한 수준의 저성과. 역량 재평가 필요. 고용 유지 재검토.
REV0361,EMP070,2023 H2,B,평균적 성과. 수동적 업무 태도. 1:1 코칭 지원.
REV0362,EMP070,2024 H1,B,기본 목표 달성. 평균 수준 성과. 주도성 강화 필요.
REV0363,EMP071,2022 H1,D,심각한 수준의 저성과. 즉시 개선 조치 필요. 고용 유지 재검토.
REV0364,EMP071,2022 H2,B,기대치 수준. 더 높은 목표 설정 권장 필요.
REV0365,EMP071,2023 H1,B,기본 목표 달성. 일부 지연 발생. 커뮤니케이션 개선 필요.
REV0366,EMP071,2023 H2,A,반기 목표 113% 달성. 팀 목표 달성에 기여. 리더십 기회 제공 검토.
REV0367,EMP071,2024 H1,C,기대 이하 성과. 3개월 내 역량 향상 없으면 진로 상담.
REV0368,EMP072,2022 H1,B,안정적이나 도전 부족. 적극성 제고 필요.
REV0369,EMP072,2022 H2,A,우수한 성과. 글로벌 마인드 개발 시 S등급 도약 가능. 경력 개발 계획 수립.
REV0370,EMP072,2023 H1,A,반기 목표 109% 달성. 안정적이고 우수한 성과. 리더십 기회 제공 검토.
REV0371,EMP072,2023 H2,C,개선 미흡. 3개월 내 명확한 개선 없으면 진로 상담.
REV0372,EMP072,2024 H1,C,개선 미흡. 3개월 내 구체적 발전 없으면 재배치 검토.
REV0373,EMP073,2022 H1,S,창의적 문제 해결으로 조직에 큰 가치 창출. 차세대 리더 육성 대상.
REV0374,EMP073,2022 H2,D,심각한 수준의 저성과. 근본 원인 파악 필요. 전문가 코칭.
REV0375,EMP073,2023 H1,A,우수한 성과. 글로벌 마인드 개발 시 S등급 도약 가능. 교육 투자 예정.
REV0376,EMP073,2023 H2,D,심각한 수준의 저성과. 적합성 검토 필요. PIP 즉시 적용.
REV0377,EMP073,2024 H1,C,목표 달성률 66%. 역량 부족 파악. PIP 수립 시급.
REV0378,EMP074,2022 H1,A,프로젝트 수행 능력 우수. 보상 인센티브.
REV0379,EMP074,2022 H2,S,창의적 문제 해결으로 조직에 큰 가치 창출. 장기 유지 전략 필요.
REV0380,EMP074,2023 H1,S,기대를 크게 상회하는 성과. 회사 평판 제고. 회사의 미래를 책임질 핵심 인재.
REV0381,EMP074,2023 H2,B,기본 목표 달성. 평균 수준 성과. 주도성 강화 필요.
REV0382,EMP074,2024 H1,A,반기 목표 112% 달성. 안정적이고 우수한 성과. 승진 후보 검토.
REV0383,EMP075,2022 H1,B,기대치 수준. 더 높은 목표 설정 권장 필요.
REV0384,EMP075,2022 H2,S,창의적 문제 해결으로 조직에 큰 가치 창출. 경쟁사 스카우트 우려.
REV0385,EMP075,2023 H1,B,기본 목표 달성. 일부 지연 발생. 커뮤니케이션 개선 필요.
REV0386,EMP075,2023 H2,B,평균적 성과. 성장 정체 우려. 교육 기회 지원.
REV0387,EMP075,2024 H1,B,안정적이나 도전 부족. 시야 확대 필요.
REV0388,EMP076,2022 H2,A,책임감과 실행력 우수. 역량 확장 지원.
REV0389,EMP076,2023 H1,C,반복적 실수. 3개월 내 명확한 개선 없으면 재배치 검토.
REV0390,EMP076,2023 H2,A,반기 목표 110% 달성. 팀 목표 달성에 기여. 승진 후보 검토.
REV0391,EMP076,2024 H1,A,프로젝트 수행 능력 우수. 보상 인센티브.
REV0392,EMP077,2023 H2,S,반기 목표 136% 달성으로 탁월한 성과. 기술적 난제 해결로 회사 발전 기여. 핵심인재로 관리.
REV0393,EMP077,2024 H1,A,책임감과 실행력 우수. 역량 확장 지원.
REV0394,EMP078,2022 H1,D,심각한 수준의 저성과. 역량 재평가 필요. PIP 즉시 적용.
REV0395,EMP078,2022 H2,A,반기 목표 115% 달성. 안정적이고 우수한 성과. 전문가 트랙 육성.
REV0396,EMP078,2023 H1,B,기본 목표 달성. 일부 지연 발생. 주도성 강화 필요.
REV0397,EMP078,2023 H2,B,평균적 성과. 성장 정체 우려. 개선 계획 지원.
REV0398,EMP078,2024 H1,A,프로젝트 수행 능력 우수. 역량 확장 지원.
REV0399,EMP079,2022 H1,C,반복적 실수. 3개월 내 구체적 발전 없으면 계약 갱신 논의.
REV0400,EMP079,2022 H2,B,맡은 일은 하나 확장성 없음. 더 높은 목표 설정 권장 필요.
REV0401,EMP079,2023 H1,S,기대를 크게 상회하는 성과. 프로젝트 수주 기여. 회사의 미래를 책임질 핵심 인재.
REV0402,EMP079,2023 H2,A,프로젝트 수행 능력 우수. 핵심 프로젝트 투입.
REV0403,EMP079,2024 H1,C,기대 이하 성과. 3개월 내 역량 향상 없으면 재배치 검토.
REV0404,EMP080,2022 H1,C,기대 이하 성과. 3개월 내 역량 향상 없으면 재배치 검토.
REV0405,EMP080,2022 H2,A,프로젝트 수행 능력 우수. 핵심 프로젝트 투입.
REV0406,EMP080,2023 H1,A,협업 및 소통 역량 우수. 지속적 성장 기대.
REV0407,EMP080,2023 H2,B,기본 목표 달성. 평균 수준 성과. 커뮤니케이션 개선 필요.
REV0408,EMP080,2024 H1,B,안정적이나 도전 부족. 적극성 제고 필요.
REV0409,EMP081,2022 H1,S,탁월한 실행력으로 조직에 큰 가치 창출. 경쟁사 스카우트 우려.
REV0410,EMP081,2022 H2,B,평균적 성과. 수동적 업무 태도. 멘토 배정 지원.
REV0411,EMP081,2023 H1,A,기술적 전문성 우수. 역량 확장 지원.
REV0412,EMP081,2023 H2,S,반기 목표 140% 달성으로 탁월한 성과. 혁신적 아이디어로 비즈니스 임팩트. 보상 상향 필요.
REV0413,EMP081,2024 H1,C,목표 달성률 74%. 역량 부족 파악. PIP 수립 시급.
REV0414,EMP084,2022 H1,B,평균적 성과. 프로세스 개선 기여도 낮음. 멘토 배정 지원.
REV0415,EMP084,2022 H2,C,기대 이하 성과. 3개월 내 명확한 개선 없으면 재배치 검토.
REV0416,EMP084,2023 H1,S,뛰어난 리더십으로 조직에 큰 가치 창출. 보상 패키지 재검토.
REV0417,EMP084,2023 H2,A,반기 목표 105% 달성. 안정적이고 우수한 성과. 승진 후보 검토.
REV0418,EMP084,2024 H1,D,심각한 수준의 저성과. 적합성 검토 필요. 전문가 코칭.
REV0419,EMP085,2022 H1,B,평범한 수준. 적극성 제고 필요.
REV0420,EMP085,2022 H2,C,목표 달성률 71%. 태도 문제 파악. PIP 수립 시급.
REV0421,EMP085,2023 H1,S,기대를 크게 상회하는 성과. 회사 평판 제고. 회사의 미래를 책임질 핵심 인재.
REV0422,EMP085,2023 H2,B,기본 목표 달성. 평균 수준 성과. 커뮤니케이션 개선 필요.
REV0423,EMP085,2024 H1,A,협업 및 소통 역량 우수. 핵심 프로젝트 투입.
REV0424,EMP086,2022 H1,S,반기 목표 133% 달성으로 탁월한 성과. 팀 전체 성과 향상에 기여. 핵심인재로 관리.
REV0425,EMP086,2022 H2,B,평균적 성과. 혁신 시도 미흡. 교육 기회 지원.
REV0426,EMP086,2023 H1,B,기대치 수준. 자기주도적 개선 필요.
REV0427,EMP086,2023 H2,A,반기 목표 110% 달성. 기대에 부응하는 기여. 도전적 과제 부여.
REV0428,EMP086,2024 H1,A,우수한 성과. 혁신 역량 개발 시 S등급 도약 가능. 경력 개발 계획 수립.
REV0429,EMP087,2022 H1,A,책임감과 실행력 우수. 핵심 프로젝트 투입.
REV0430,EMP087,2022 H2,B,평균적 성과. 프로세스 개선 기여도 낮음. 교육 기회 지원.
REV0431,EMP087,2023 H1,S,창의적 문제 해결으로 조직에 큰 가치 창출. 보상 패키지 재검토.
REV0432,EMP087,2023 H2,C,목표 달성률 60%. 우선순위 오류 파악. 업무 재배치 시급.
REV0433,EMP087,2024 H1,C,목표 달성률 66%. 태도 문제 파악. 멘토링 강화 시급.
REV0434,EMP088,2022 H1,A,반기 목표 115% 달성. 팀 목표 달성에 기여. 도전적 과제 부여.
REV0435,EMP088,2022 H2,B,기본 목표 달성. 품질 기준 충족. 주도성 강화 필요.
REV0436,EMP088,2023 H1,S,기대를 크게 상회하는 성과. 회사 평판 제고. 회사의 미래를 책임질 핵심 인재.
REV0437,EMP088,2023 H2,S,반기 목표 148% 달성으로 탁월한 성과. 혁신적 아이디어로 비즈니스 임팩트. 승진 적극 추천.
REV0438,EMP088,2024 H1,B,기본 목표 달성. 일부 지연 발생. 기술 역량 보완 필요.
REV0439,EMP089,2022 H1,S,뛰어난 리더십으로 조직에 큰 가치 창출. 경쟁사 스카우트 우려.
REV0440,EMP089,2022 H2,D,심각한 수준의 저성과. 근본 원인 파악 필요. PIP 즉시 적용.
REV0441,EMP089,2023 H1,A,반기 목표 119% 달성. 전문성을 바탕으로 한 성과. 전문가 트랙 육성.
REV0442,EMP089,2023 H2,C,목표 달성률 61%. 역량 부족 파악. 멘토링 강화 시급.
REV0443,EMP089,2024 H1,B,평균적 성과. 혁신 시도 미흡. 개선 계획 지원.
REV0444,EMP090,2023 H1,B,맡은 일은 하나 확장성 없음. 시야 확대 필요.
REV0445,EMP090,2023 H2,B,기대치 수준. 자기주도적 개선 필요.
REV0446,EMP090,2024 H1,B,기본 목표 달성. 품질 기준 충족. 효율성 제고 필요.
REV0447,EMP091,2022 H1,C,개선 미흡. 3개월 내 태도 변화 없으면 추가 조치.
REV0448,EMP091,2022 H2,C,목표 이해 부족. 3개월 내 구체적 발전 없으면 추가 조치.
REV0449,EMP091,2023 H1,S,기대를 크게 상회하는 성과. 회사 평판 제고. 회사의 미래를 책임질 핵심 인재.
REV0450,EMP091,2023 H2,D,심각한 수준의 저성과. 즉시 개선 조치 필요. 고용 유지 재검토.
REV0451,EMP091,2024 H1,B,안정적이나 도전 부족. 더 높은 목표 설정 권장 필요.
REV0452,EMP094,2022 H1,A,프로젝트 수행 능력 우수. 역량 확장 지원.
REV0453,EMP094,2022 H2,B,기본 목표 달성. 무난한 업무 처리. 주도성 강화 필요.
REV0454,EMP094,2023 H1,C,목표 달성률 64%. 우선순위 오류 파악. 업무 재배치 시급.
REV0455,EMP094,2023 H2,C,목표 달성률 72%. 태도 문제 파악. 집중 육성 시급.
REV0456,EMP094,2024 H1,B,기대치 수준. 시야 확대 필요.
REV0457,EMP095,2022 H1,B,평범한 수준. 더 높은 목표 설정 권장 필요.
REV0458,EMP095,2022 H2,C,반복적 실수. 3개월 내 구체적 발전 없으면 계약 갱신 논의.
REV0459,EMP095,2023 H1,B,기본 목표 달성. 품질 기준 충족. 기술 역량 보완 필요.
REV0460,EMP095,2023 H2,A,우수한 성과. 전략적 사고 개발 시 S등급 도약 가능. 해외 연수 검토.
REV0461,EMP095,2024 H1,B,기대치 수준. 시야 확대 필요.
REV0462,EMP096,2022 H1,D,심각한 수준의 저성과. 적합성 검토 필요. PIP 즉시 적용.
REV0463,EMP096,2022 H2,A,우수한 성과. 혁신 역량 개발 시 S등급 도약 가능. 경력 개발 계획 수립.
REV0464,EMP096,2023 H1,C,반복적 실수. 3개월 내 태도 변화 없으면 추가 조치.
REV0465,EMP096,2023 H2,B,기본 목표 달성. 일부 지연 발생. 기술 역량 보완 필요.
REV0466,EMP096,2024 H1,A,우수한 성과. 전략적 사고 개발 시 S등급 도약 가능. 교육 투자 예정.
REV0467,EMP097,2022 H1,B,평균적 성과. 수동적 업무 태도. 개선 계획 지원.
REV0468,EMP097,2022 H2,A,우수한 성과. 리더십 역량 개발 시 S등급 도약 가능. 경력 개발 계획 수립.
REV0469,EMP097,2023 H1,S,기대를 크게 상회하는 성과. 이해관계자 만족도 최고. 회사의 미래를 책임질 핵심 인재.
REV0470,EMP097,2023 H2,B,기본 목표 달성. 품질 기준 충족. 효율성 제고 필요.
REV0471,EMP097,2024 H1,B,평균적 성과. 성장 정체 우려. 개선 계획 지원.
REV0472,EMP100,2023 H2,B,평균적 성과. 수동적 업무 태도. 1:1 코칭 지원.
REV0473,EMP100,2024 H1,C,개선 미흡. 3개월 내 구체적 발전 없으면 재배치 검토.
REV0474,EMP101,2022 H1,A,반기 목표 111% 달성. 팀 목표 달성에 기여. 리더십 기회 제공 검토.
REV0475,EMP101,2022 H2,B,기본 목표 달성. 일부 지연 발생. 주도성 강화 필요.
REV0476,EMP101,2023 H1,A,기술적 전문성 우수. 역량 확장 지원.
REV0477,EMP101,2023 H2,B,평균적 성과. 프로세스 개선 기여도 낮음. 멘토 배정 지원.
REV0478,EMP101,2024 H1,C,목표 달성률 69%. 협업 어려움 파악. 멘토링 강화 시급.
REV0479,EMP102,2022 H1,B,기대치 수준. 더 높은 목표 설정 권장 필요.
REV0480,EMP102,2022 H2,B,기본 목표 달성. 품질 기준 충족. 주도성 강화 필요.
REV0481,EMP102,2023 H1,B,안정적이나 도전 부족. 적극성 제고 필요.
REV0482,EMP102,2023 H2,C,목표 달성률 75%. 태도 문제 파악. PIP 수립 시급.
REV0483,EMP102,2024 H1,A,반기 목표 111% 달성. 팀 목표 달성에 기여. 리더십 기회 제공 검토.
REV0484,EMP103,2022 H1,B,평균적 성과. 혁신 시도 미흡. 1:1 코칭 지원.
REV0485,EMP103,2022 H2,B,안정적이나 도전 부족. 자기주도적 개선 필요.
REV0486,EMP103,2023 H1,A,반기 목표 107% 달성. 전문성을 바탕으로 한 성과. 도전적 과제 부여.
REV0487,EMP103,2023 H2,C,목표 달성률 67%. 우선순위 오류 파악. PIP 수립 시급.
REV0488,EMP103,2024 H1,B,평범한 수준. 더 높은 목표 설정 권장 필요.
REV0489,EMP104,2023 H1,S,반기 목표 139% 달성으로 탁월한 성과. 기술적 난제 해결로 회사 발전 기여. 핵심인재로 관리.
REV0490,EMP104,2023 H2,C,목표 달성률 69%. 우선순위 오류 파악. 멘토링 강화 시급.
REV0491,EMP104,2024 H1,B,평균적 성과. 혁신 시도 미흡. 멘토 배정 지원.
REV0492,EMP105,2022 H1,S,탁월한 실행력으로 조직에 큰 가치 창출. 차세대 리더 육성 대상.
REV0493,EMP105,2022 H2,B,평범한 수준. 자기주도적 개선 필요.
REV0494,EMP105,2023 H1,A,협업 및 소통 역량 우수. 지속적 성장 기대.
REV0495,EMP105,2023 H2,B,평균적 성과. 성장 정체 우려. 1:1 코칭 지원.
REV0496,EMP105,2024 H1,A,반기 목표 116% 달성. 팀 목표 달성에 기여. 리더십 기회 제공 검토.
REV0497,EMP106,2022 H1,C,개선 미흡. 3개월 내 구체적 발전 없으면 진로 상담.
REV0498,EMP106,2022 H2,B,평균적 성과. 수동적 업무 태도. 1:1 코칭 지원.
REV0499,EMP106,2023 H1,D,심각한 수준의 저성과. 근본 원인 파악 필요. 고용 유지 재검토.
REV0500,EMP106,2023 H2,C,목표 달성률 61%. 태도 문제 파악. 멘토링 강화 시급.
REV0501,EMP106,2024 H1,B,평범한 수준. 더 높은 목표 설정 권장 필요.
REV0502,EMP107,2022 H1,S,뛰어난 리더십으로 조직에 큰 가치 창출. 보상 패키지 재검토.
REV0503,EMP107,2022 H2,D,심각한 수준의 저성과. 근본 원인 파악 필요. 고용 유지 재검토.
REV0504,EMP107,2023 H1,B,평균적 성과. 프로세스 개선 기여도 낮음. 개선 계획 지원.
REV0505,EMP107,2023 H2,B,기대치 수준. 자기주도적 개선 필요.
REV0506,EMP107,2024 H1,B,안정적이나 도전 부족. 적극성 제고 필요.
REV0507,EMP108,2022 H1,A,반기 목표 116% 달성. 전문성을 바탕으로 한 성과. 리더십 기회 제공 검토.
REV0508,EMP108,2022 H2,S,기대를 크게 상회하는 성과. 고객사로부터 극찬. 회사의 미래를 책임질 핵심 인재.
REV0509,EMP108,2023 H1,D,심각한 수준의 저성과. 역량 재평가 필요. PIP 즉시 적용.
REV0510,EMP108,2023 H2,C,기대 이하 성과. 3개월 내 역량 향상 없으면 진로 상담.
REV0511,EMP108,2024 H1,C,목표 달성률 71%. 우선순위 오류 파악. 집중 육성 시급.
REV0512,EMP109,2023 H2,B,기대치 수준. 시야 확대 필요.
REV0513,EMP109,2024 H1,S,반기 목표 159% 달성으로 탁월한 성과. 팀 전체 성과 향상에 기여. 리더 역할 부여 검토.
REV0514,EMP111,2022 H1,B,평범한 수준. 시야 확대 필요.
REV0515,EMP111,2022 H2,A,반기 목표 115% 달성. 기대에 부응하는 기여. 리더십 기회 제공 검토.
REV0516,EMP111,2023 H1,A,프로젝트 수행 능력 우수. 핵심 프로젝트 투입.
REV0517,EMP111,2023 H2,B,평균적 성과. 혁신 시도 미흡. 개선 계획 지원.
REV0518,EMP111,2024 H1,B,기본 목표 달성. 일부 지연 발생. 커뮤니케이션 개선 필요.
REV0519,EMP112,2022 H1,C,기대 이하 성과. 3개월 내 구체적 발전 없으면 진로 상담.
REV0520,EMP112,2022 H2,C,목표 달성률 72%. 우선순위 오류 파악. 멘토링 강화 시급.
REV0521,EMP112,2023 H1,A,반기 목표 113% 달성. 기대에 부응하는 기여. 승진 후보 검토.
REV0522,EMP112,2023 H2,D,심각한 수준의 저성과. 적합성 검토 필요. 전문가 코칭.
REV0523,EMP112,2024 H1,A,우수한 성과. 리더십 역량 개발 시 S등급 도약 가능. 교육 투자 예정.
REV0524,EMP113,2022 H1,B,기본 목표 달성. 평균 수준 성과. 기술 역량 보완 필요.
REV0525,EMP113,2022 H2,S,뛰어난 리더십으로 조직에 큰 가치 창출. 보상 패키지 재검토.
REV0526,EMP113,2023 H1,B,기본 목표 달성. 평균 수준 성과. 효율성 제고 필요.
REV0527,EMP113,2023 H2,B,기본 목표 달성. 일부 지연 발생. 주도성 강화 필요.
REV0528,EMP113,2024 H1,D,심각한 수준의 저성과. 즉시 개선 조치 필요. PIP 즉시 적용.
REV0529,EMP114,2022 H1,S,반기 목표 139% 달성으로 탁월한 성과. 핵심 프로젝트를 성공으로 이끔. 승진 적극 추천.
REV0530,EMP114,2022 H2,C,목표 달성률 65%. 태도 문제 파악. 업무 재배치 시급.
REV0531,EMP114,2023 H1,B,기본 목표 달성. 평균 수준 성과. 주도성 강화 필요.
REV0532,EMP114,2023 H2,B,기본 목표 달성. 평균 수준 성과. 효율성 제고 필요.
REV0533,EMP114,2024 H1,D,심각한 수준의 저성과. 근본 원인 파악 필요. 고용 유지 재검토.
REV0534,EMP115,2022 H1,B,기본 목표 달성. 평균 수준 성과. 효율성 제고 필요.
REV0535,EMP115,2022 H2,A,책임감과 실행력 우수. 역량 확장 지원.
REV0536,EMP115,2023 H1,B,평균적 성과. 프로세스 개선 기여도 낮음. 개선 계획 지원.
REV0537,EMP115,2023 H2,B,평균적 성과. 혁신 시도 미흡. 교육 기회 지원.
REV0538,EMP115,2024 H1,B,평균적 성과. 프로세스 개선 기여도 낮음. 개선 계획 지원.
REV0539,EMP116,2022 H1,D,심각한 수준의 저성과. 역량 재평가 필요. 고용 유지 재검토.
REV0540,EMP116,2022 H2,S,반기 목표 149% 달성으로 탁월한 성과. 혁신적 아이디어로 비즈니스 임팩트. 승진 적극 추천.
REV0541,EMP116,2023 H1,A,프로젝트 수행 능력 우수. 지속적 성장 기대.
REV0542,EMP116,2023 H2,B,기본 목표 달성. 평균 수준 성과. 커뮤니케이션 개선 필요.
REV0543,EMP116,2024 H1,D,심각한 수준의 저성과. 즉시 개선 조치 필요. 고용 유지 재검토.
REV0544,EMP117,2022 H1,B,안정적이나 도전 부족. 적극성 제고 필요.
REV0545,EMP117,2022 H2,B,평범한 수준. 자기주도적 개선 필요.
REV0546,EMP117,2023 H1,A,프로젝트 수행 능력 우수. 보상 인센티브.
REV0547,EMP117,2023 H2,B,기본 목표 달성. 평균 수준 성과. 커뮤니케이션 개선 필요.
REV0548,EMP117,2024 H1,A,반기 목표 113% 달성. 안정적이고 우수한 성과. 전문가 트랙 육성.
REV0549,EMP119,2022 H1,B,기본 목표 달성. 무난한 업무 처리. 기술 역량 보완 필요.
REV0550,EMP119,2022 H2,S,기대를 크게 상회하는 성과. 이해관계자 만족도 최고. 회사의 미래를 책임질 핵심 인재.
REV0551,EMP119,2023 H1,D,심각한 수준의 저성과. 즉시 개선 조치 필요. 업무 전환.
REV0552,EMP119,2023 H2,B,기본 목표 달성. 무난한 업무 처리. 효율성 제고 필요.
REV0553,EMP119,2024 H1,B,안정적이나 도전 부족. 더 높은 목표 설정 권장 필요.
REV0554,EMP120,2023 H1,C,기대 이하 성과. 3개월 내 역량 향상 없으면 재배치 검토.
REV0555,EMP120,2023 H2,D,심각한 수준의 저성과. 적합성 검토 필요. PIP 즉시 적용.
REV0556,EMP120,2024 H1,A,우수한 성과. 전략적 사고 개발 시 S등급 도약 가능. 멘토링 프로그램.
REV0557,EMP121,2022 H1,D,심각한 수준의 저성과. 즉시 개선 조치 필요. 업무 전환.
REV0558,EMP121,2022 H2,S,기대를 크게 상회하는 성과. 고객사로부터 극찬. 회사의 미래를 책임질 핵심 인재.
REV0559,EMP121,2023 H1,C,기대 이하 성과. 3개월 내 태도 변화 없으면 추가 조치.
REV0560,EMP121,2023 H2,B,기대치 수준. 적극성 제고 필요.
REV0561,EMP121,2024 H1,C,개선 미흡. 3개월 내 명확한 개선 없으면 추가 조치.
REV0562,EMP123,2023 H1,A,우수한 성과. 전략적 사고 개발 시 S등급 도약 가능. 교육 투자 예정.
REV0563,EMP123,2023 H2,B,기본 목표 달성. 평균 수준 성과. 기술 역량 보완 필요.
REV0564,EMP123,2024 H1,C,개선 미흡. 3개월 내 명확한 개선 없으면 추가 조치.
REV0565,EMP124,2022 H1,B,평범한 수준. 자기주도적 개선 필요.
REV0566,EMP124,2022 H2,B,평범한 수준. 더 높은 목표 설정 권장 필요.
REV0567,EMP124,2023 H1,B,평균적 성과. 혁신 시도 미흡. 1:1 코칭 지원.
REV0568,EMP124,2023 H2,B,평균적 성과. 혁신 시도 미흡. 개선 계획 지원.
REV0569,EMP124,2024 H1,C,기대 이하 성과. 3개월 내 역량 향상 없으면 계약 갱신 논의.
REV0570,EMP125,2022 H2,A,우수한 성과. 글로벌 마인드 개발 시 S등급 도약 가능. 멘토링 프로그램.
REV0571,EMP125,2023 H1,D,심각한 수준의 저성과. 즉시 개선 조치 필요. 고용 유지 재검토.
REV0572,EMP125,2023 H2,C,목표 달성률 64%. 우선순위 오류 파악. 집중 육성 시급.
REV0573,EMP125,2024 H1,B,기본 목표 달성. 평균 수준 성과. 효율성 제고 필요.
REV0574,EMP126,2022 H2,D,심각한 수준의 저성과. 즉시 개선 조치 필요. PIP 즉시 적용.
REV0575,EMP126,2023 H1,B,평균적 성과. 혁신 시도 미흡. 교육 기회 지원.
REV0576,EMP126,2023 H2,A,반기 목표 106% 달성. 안정적이고 우수한 성과. 전문가 트랙 육성.
REV0577,EMP126,2024 H1,A,우수한 성과. 혁신 역량 개발 시 S등급 도약 가능. 멘토링 프로그램.
REV0578,EMP127,2024 H1,B,안정적이나 도전 부족. 적극성 제고 필요.
REV0579,EMP128,2022 H1,C,기대 이하 성과. 3개월 내 구체적 발전 없으면 재배치 검토.
REV0580,EMP128,2022 H2,B,맡은 일은 하나 확장성 없음. 시야 확대 필요.
REV0581,EMP128,2023 H1,A,기술적 전문성 우수. 보상 인센티브.
REV0582,EMP128,2023 H2,B,평균적 성과. 성장 정체 우려. 1:1 코칭 지원.
REV0583,EMP128,2024 H1,D,심각한 수준의 저성과. 근본 원인 파악 필요. 전문가 코칭.
REV0584,EMP129,2022 H1,B,평범한 수준. 자기주도적 개선 필요.
REV0585,EMP129,2022 H2,C,목표 달성률 75%. 역량 부족 파악. 멘토링 강화 시급.
REV0586,EMP129,2023 H1,B,기대치 수준. 자기주도적 개선 필요.
REV0587,EMP129,2023 H2,B,평균적 성과. 성장 정체 우려. 교육 기회 지원.
REV0588,EMP129,2024 H1,A,프로젝트 수행 능력 우수. 지속적 성장 기대.
REV0589,EMP130,2022 H1,B,기대치 수준. 시야 확대 필요.
REV0590,EMP130,2022 H2,B,평균적 성과. 혁신 시도 미흡. 1:1 코칭 지원.
REV0591,EMP130,2023 H1,C,개선 미흡. 3개월 내 명확한 개선 없으면 재배치 검토.
REV0592,EMP130,2023 H2,D,심각한 수준의 저성과. 적합성 검토 필요. PIP 즉시 적용.
REV0593,EMP130,2024 H1,C,기대 이하 성과. 3개월 내 역량 향상 없으면 계약 갱신 논의.
REV0594,EMP131,2022 H1,D,심각한 수준의 저성과. 역량 재평가 필요. 고용 유지 재검토.
REV0595,EMP131,2022 H2,A,프로젝트 수행 능력 우수. 역량 확장 지원.
REV0596,EMP131,2023 H1,A,프로젝트 수행 능력 우수. 지속적 성장 기대.
REV0597,EMP131,2023 H2,S,exceptional한 전문성으로 조직에 큰 가치 창출. 차세대 리더 육성 대상.
REV0598,EMP131,2024 H1,B,평균적 성과. 성장 정체 우려. 1:1 코칭 지원.
REV0599,EMP133,2022 H1,A,우수한 성과. 글로벌 마인드 개발 시 S등급 도약 가능. 멘토링 프로그램.
REV0600,EMP133,2022 H2,C,목표 이해 부족. 3개월 내 태도 변화 없으면 재배치 검토.
REV0601,EMP133,2023 H1,B,평균적 성과. 성장 정체 우려. 교육 기회 지원.
REV0602,EMP133,2023 H2,C,목표 달성률 73%. 협업 어려움 파악. 멘토링 강화 시급.
REV0603,EMP133,2024 H1,B,평범한 수준. 더 높은 목표 설정 권장 필요.
REV0604,EMP135,2023 H1,A,반기 목표 116% 달성. 전문성을 바탕으로 한 성과. 승진 후보 검토.
REV0605,EMP135,2023 H2,B,안정적이나 도전 부족. 적극성 제고 필요.
REV0606,EMP135,2024 H1,A,프로젝트 수행 능력 우수. 핵심 프로젝트 투입.
REV0607,EMP136,2024 H1,B,평균적 성과. 성장 정체 우려. 교육 기회 지원.
REV0608,EMP137,2022 H1,B,기본 목표 달성. 무난한 업무 처리. 기술 역량 보완 필요.
REV0609,EMP137,2022 H2,S,기대를 크게 상회하는 성과. 고객사로부터 극찬. 회사의 미래를 책임질 핵심 인재.
REV0610,EMP137,2023 H1,C,목표 달성률 65%. 태도 문제 파악. 집중 육성 시급.
REV0611,EMP137,2023 H2,S,반기 목표 130% 달성으로 탁월한 성과. 팀 전체 성과 향상에 기여. 핵심인재로 관리.
REV0612,EMP137,2024 H1,A,반기 목표 120% 달성. 전문성을 바탕으로 한 성과. 승진 후보 검토.
REV0613,EMP138,2022 H1,B,평범한 수준. 더 높은 목표 설정 권장 필요.
REV0614,EMP138,2022 H2,D,심각한 수준의 저성과. 적합성 검토 필요. 업무 전환.
REV0615,EMP138,2023 H1,C,목표 달성률 63%. 우선순위 오류 파악. 업무 재배치 시급.
REV0616,EMP138,2023 H2,S,탁월한 실행력으로 조직에 큰 가치 창출. 차세대 리더 육성 대상.
REV0617,EMP138,2024 H1,B,평범한 수준. 더 높은 목표 설정 권장 필요.
REV0618,EMP139,2022 H2,D,심각한 수준의 저성과. 즉시 개선 조치 필요. 전문가 코칭.
REV0619,EMP139,2023 H1,S,반기 목표 142% 달성으로 탁월한 성과. 혁신적 아이디어로 비즈니스 임팩트. 승진 적극 추천.
REV0620,EMP139,2023 H2,C,개선 미흡. 3개월 내 명확한 개선 없으면 진로 상담.
REV0621,EMP139,2024 H1,A,우수한 성과. 글로벌 마인드 개발 시 S등급 도약 가능. 경력 개발 계획 수립.
REV0622,EMP141,2022 H1,C,목표 이해 부족. 3개월 내 구체적 발전 없으면 계약 갱신 논의.
REV0623,EMP141,2022 H2,A,우수한 성과. 리더십 역량 개발 시 S등급 도약 가능. 멘토링 프로그램.
REV0624,EMP141,2023 H1,A,책임감과 실행력 우수. 핵심 프로젝트 투입.
REV0625,EMP141,2023 H2,A,우수한 성과. 리더십 역량 개발 시 S등급 도약 가능. 교육 투자 예정.
REV0626,EMP141,2024 H1,C,반복적 실수. 3개월 내 태도 변화 없으면 재배치 검토.
REV0627,EMP142,2022 H1,C,기대 이하 성과. 3개월 내 명확한 개선 없으면 추가 조치.
REV0628,EMP142,2022 H2,B,평범한 수준. 더 높은 목표 설정 권장 필요.
REV0629,EMP142,2023 H1,S,기대를 크게 상회하는 성과. 고객사로부터 극찬. 회사의 미래를 책임질 핵심 인재.
REV0630,EMP142,2023 H2,C,반복적 실수. 3개월 내 태도 변화 없으면 계약 갱신 논의.
REV0631,EMP142,2024 H1,B,기본 목표 달성. 품질 기준 충족. 효율성 제고 필요.
REV0632,EMP143,2022 H1,B,평균적 성과. 성장 정체 우려. 개선 계획 지원.
REV0633,EMP143,2022 H2,B,기본 목표 달성. 일부 지연 발생. 커뮤니케이션 개선 필요.
REV0634,EMP143,2023 H1,B,평균적 성과. 성장 정체 우려. 1:1 코칭 지원.
REV0635,EMP143,2023 H2,D,심각한 수준의 저성과. 근본 원인 파악 필요. 업무 전환.
REV0636,EMP143,2024 H1,B,기본 목표 달성. 품질 기준 충족. 효율성 제고 필요.
REV0637,EMP144,2022 H1,A,우수한 성과. 전략적 사고 개발 시 S등급 도약 가능. 해외 연수 검토.
REV0638,EMP144,2022 H2,D,심각한 수준의 저성과. 적합성 검토 필요. 고용 유지 재검토.
REV0639,EMP144,2023 H1,B,평균적 성과. 혁신 시도 미흡. 멘토 배정 지원.
REV0640,EMP144,2023 H2,A,반기 목표 105% 달성. 팀 목표 달성에 기여. 리더십 기회 제공 검토.
REV0641,EMP144,2024 H1,A,반기 목표 119% 달성. 팀 목표 달성에 기여. 전문가 트랙 육성.
REV0642,EMP145,2022 H1,B,기본 목표 달성. 평균 수준 성과. 커뮤니케이션 개선 필요.
REV0643,EMP145,2022 H2,C,목표 달성률 75%. 태도 문제 파악. PIP 수립 시급.
REV0644,EMP145,2023 H1,B,평균적 성과. 성장 정체 우려. 멘토 배정 지원.
REV0645,EMP145,2023 H2,C,목표 달성률 73%. 역량 부족 파악. 멘토링 강화 시급.
REV0646,EMP145,2024 H1,B,기본 목표 달성. 무난한 업무 처리. 기술 역량 보완 필요.
REV0647,EMP146,2022 H1,D,심각한 수준의 저성과. 근본 원인 파악 필요. 업무 전환.
REV0648,EMP146,2022 H2,A,책임감과 실행력 우수. 핵심 프로젝트 투입.
REV0649,EMP146,2023 H1,A,협업 및 소통 역량 우수. 핵심 프로젝트 투입.
REV0650,EMP146,2023 H2,B,기본 목표 달성. 평균 수준 성과. 효율성 제고 필요.
REV0651,EMP146,2024 H1,D,심각한 수준의 저성과. 근본 원인 파악 필요. 업무 전환.
REV0652,EMP147,2022 H1,B,맡은 일은 하나 확장성 없음. 더 높은 목표 설정 권장 필요.
REV0653,EMP147,2022 H2,C,목표 달성률 62%. 협업 어려움 파악. PIP 수립 시급.
REV0654,EMP147,2023 H1,B,평균적 성과. 성장 정체 우려. 멘토 배정 지원.
REV0655,EMP147,2023 H2,A,우수한 성과. 전략적 사고 개발 시 S등급 도약 가능. 경력 개발 계획 수립.
REV0656,EMP147,2024 H1,A,프로젝트 수행 능력 우수. 보상 인센티브.
REV0657,EMP148,2022 H1,B,평균적 성과. 수동적 업무 태도. 1:1 코칭 지원.
REV0658,EMP148,2022 H2,A,반기 목표 110% 달성. 팀 목표 달성에 기여. 승진 후보 검토.
REV0659,EMP148,2023 H1,A,반기 목표 113% 달성. 팀 목표 달성에 기여. 승진 후보 검토.
REV0660,EMP148,2023 H2,A,우수한 성과. 전략적 사고 개발 시 S등급 도약 가능. 멘토링 프로그램.
REV0661,EMP148,2024 H1,C,목표 달성률 69%. 태도 문제 파악. 집중 육성 시급.
REV0662,EMP149,2022 H1,D,심각한 수준의 저성과. 근본 원인 파악 필요. 고용 유지 재검토.
REV0663,EMP149,2022 H2,B,평균적 성과. 성장 정체 우려. 1:1 코칭 지원.
REV0664,EMP149,2023 H1,A,우수한 성과. 글로벌 마인드 개발 시 S등급 도약 가능. 교육 투자 예정.
REV0665,EMP149,2023 H2,C,목표 달성률 75%. 역량 부족 파악. PIP 수립 시급.
REV0666,EMP149,2024 H1,C,목표 달성률 69%. 우선순위 오류 파악. 업무 재배치 시급.
REV0667,EMP150,2022 H2,B,평균적 성과. 성장 정체 우려. 개선 계획 지원.
REV0668,EMP150,2023 H1,C,기대 이하 성과. 3개월 내 태도 변화 없으면 추가 조치.
REV0669,EMP150,2023 H2,A,반기 목표 105% 달성. 안정적이고 우수한 성과. 전문가 트랙 육성.
REV0670,EMP150,2024 H1,B,평범한 수준. 시야 확대 필요.
REV0671,EMP151,2022 H1,B,평균적 성과. 프로세스 개선 기여도 낮음. 교육 기회 지원.
REV0672,EMP151,2022 H2,A,반기 목표 108% 달성. 안정적이고 우수한 성과. 리더십 기회 제공 검토.
REV0673,EMP151,2023 H1,C,개선 미흡. 3개월 내 명확한 개선 없으면 진로 상담.
REV0674,EMP151,2023 H2,A,우수한 성과. 혁신 역량 개발 시 S등급 도약 가능. 해외 연수 검토.
REV0675,EMP151,2024 H1,B,기본 목표 달성. 평균 수준 성과. 커뮤니케이션 개선 필요.
REV0676,EMP152,2022 H1,C,목표 달성률 73%. 협업 어려움 파악. 업무 재배치 시급.
REV0677,EMP152,2022 H2,A,반기 목표 112% 달성. 기대에 부응하는 기여. 도전적 과제 부여.
REV0678,EMP152,2023 H1,C,기대 이하 성과. 3개월 내 태도 변화 없으면 재배치 검토.
REV0679,EMP152,2023 H2,B,평범한 수준. 더 높은 목표 설정 권장 필요.
REV0680,EMP152,2024 H1,B,기본 목표 달성. 무난한 업무 처리. 커뮤니케이션 개선 필요.
REV0681,EMP153,2022 H1,B,평범한 수준. 더 높은 목표 설정 권장 필요.
REV0682,EMP153,2022 H2,D,심각한 수준의 저성과. 즉시 개선 조치 필요. PIP 즉시 적용.
REV0683,EMP153,2023 H1,B,평균적 성과. 수동적 업무 태도. 개선 계획 지원.
REV0684,EMP153,2023 H2,B,기본 목표 달성. 평균 수준 성과. 기술 역량 보완 필요.
REV0685,EMP153,2024 H1,A,반기 목표 113% 달성. 전문성을 바탕으로 한 성과. 승진 후보 검토.
REV0686,EMP154,2022 H1,D,심각한 수준의 저성과. 적합성 검토 필요. PIP 즉시 적용.
REV0687,EMP154,2022 H2,B,평균적 성과. 성장 정체 우려. 교육 기회 지원.
REV0688,EMP154,2023 H1,B,평균적 성과. 프로세스 개선 기여도 낮음. 멘토 배정 지원.
REV0689,EMP154,2023 H2,B,평범한 수준. 더 높은 목표 설정 권장 필요.
REV0690,EMP154,2024 H1,A,우수한 성과. 리더십 역량 개발 시 S등급 도약 가능. 경력 개발 계획 수립.
REV0691,EMP155,2024 H1,B,기본 목표 달성. 무난한 업무 처리. 주도성 강화 필요.
REV0692,EMP156,2022 H1,D,심각한 수준의 저성과. 역량 재평가 필요. PIP 즉시 적용.
REV0693,EMP156,2022 H2,C,반복적 실수. 3개월 내 태도 변화 없으면 추가 조치.
REV0694,EMP156,2023 H1,A,반기 목표 116% 달성. 팀 목표 달성에 기여. 리더십 기회 제공 검토.
REV0695,EMP156,2023 H2,B,평균적 성과. 수동적 업무 태도. 교육 기회 지원.
REV0696,EMP156,2024 H1,A,책임감과 실행력 우수. 역량 확장 지원.
REV0697,EMP157,2022 H1,C,목표 달성률 60%. 우선순위 오류 파악. 집중 육성 시급.
REV0698,EMP157,2022 H2,A,협업 및 소통 역량 우수. 보상 인센티브.
REV0699,EMP157,2023 H1,B,평균적 성과. 프로세스 개선 기여도 낮음. 교육 기회 지원.
REV0700,EMP157,2023 H2,B,기본 목표 달성. 품질 기준 충족. 효율성 제고 필요.
REV0701,EMP157,2024 H1,S,기대를 크게 상회하는 성과. 프로젝트 수주 기여. 회사의 미래를 책임질 핵심 인재.
REV0702,EMP158,2022 H1,B,기본 목표 달성. 평균 수준 성과. 효율성 제고 필요.
REV0703,EMP158,2022 H2,B,맡은 일은 하나 확장성 없음. 적극성 제고 필요.
REV0704,EMP158,2023 H1,A,우수한 성과. 혁신 역량 개발 시 S등급 도약 가능. 교육 투자 예정.
REV0705,EMP158,2023 H2,B,평범한 수준. 자기주도적 개선 필요.
REV0706,EMP158,2024 H1,B,평균적 성과. 혁신 시도 미흡. 교육 기회 지원.
REV0707,EMP159,2022 H1,D,심각한 수준의 저성과. 즉시 개선 조치 필요. 고용 유지 재검토.
REV0708,EMP159,2022 H2,B,안정적이나 도전 부족. 적극성 제고 필요.
REV0709,EMP159,2023 H1,C,반복적 실수. 3개월 내 역량 향상 없으면 추가 조치.
REV0710,EMP159,2023 H2,C,목표 달성률 71%. 태도 문제 파악. PIP 수립 시급.
REV0711,EMP159,2024 H1,C,목표 달성률 68%. 태도 문제 파악. 멘토링 강화 시급.
REV0712,EMP160,2022 H1,S,반기 목표 139% 달성으로 탁월한 성과. 기술적 난제 해결로 회사 발전 기여. 승진 적극 추천.
REV0713,EMP160,2022 H2,B,기대치 수준. 자기주도적 개선 필요.
REV0714,EMP160,2023 H1,B,기본 목표 달성. 무난한 업무 처리. 커뮤니케이션 개선 필요.
REV0715,EMP160,2023 H2,D,심각한 수준의 저성과. 근본 원인 파악 필요. 전문가 코칭.
REV0716,EMP160,2024 H1,C,개선 미흡. 3개월 내 구체적 발전 없으면 재배치 검토.
REV0717,EMP161,2022 H1,C,반복적 실수. 3개월 내 역량 향상 없으면 재배치 검토.
REV0718,EMP161,2022 H2,B,맡은 일은 하나 확장성 없음. 자기주도적 개선 필요.
REV0719,EMP161,2023 H1,B,평균적 성과. 수동적 업무 태도. 1:1 코칭 지원.
REV0720,EMP161,2023 H2,A,협업 및 소통 역량 우수. 역량 확장 지원.
REV0721,EMP161,2024 H1,B,기본 목표 달성. 품질 기준 충족. 기술 역량 보완 필요.
REV0722,EMP162,2022 H1,B,맡은 일은 하나 확장성 없음. 시야 확대 필요.
REV0723,EMP162,2022 H2,B,기본 목표 달성. 평균 수준 성과. 효율성 제고 필요.
REV0724,EMP162,2023 H1,B,평균적 성과. 혁신 시도 미흡. 교육 기회 지원.
REV0725,EMP162,2023 H2,A,프로젝트 수행 능력 우수. 역량 확장 지원.
REV0726,EMP162,2024 H1,A,책임감과 실행력 우수. 지속적 성장 기대.
REV0727,EMP163,2022 H1,B,안정적이나 도전 부족. 더 높은 목표 설정 권장 필요.
REV0728,EMP163,2022 H2,B,기본 목표 달성. 평균 수준 성과. 기술 역량 보완 필요.
REV0729,EMP163,2023 H1,C,목표 달성률 73%. 협업 어려움 파악. 업무 재배치 시급.
REV0730,EMP163,2023 H2,C,목표 달성률 73%. 태도 문제 파악. 집중 육성 시급.
REV0731,EMP163,2024 H1,B,평범한 수준. 적극성 제고 필요.
REV0732,EMP164,2022 H1,S,탁월한 실행력으로 조직에 큰 가치 창출. 차세대 리더 육성 대상.
REV0733,EMP164,2022 H2,B,기본 목표 달성. 무난한 업무 처리. 주도성 강화 필요.
REV0734,EMP164,2023 H1,D,심각한 수준의 저성과. 적합성 검토 필요. 업무 전환.
REV0735,EMP164,2023 H2,B,평균적 성과. 혁신 시도 미흡. 1:1 코칭 지원.
REV0736,EMP164,2024 H1,C,기대 이하 성과. 3개월 내 명확한 개선 없으면 진로 상담.
REV0737,EMP166,2022 H1,B,기본 목표 달성. 무난한 업무 처리. 효율성 제고 필요.
REV0738,EMP166,2022 H2,B,기대치 수준. 더 높은 목표 설정 권장 필요.
REV0739,EMP166,2023 H1,B,기본 목표 달성. 무난한 업무 처리. 기술 역량 보완 필요.
REV0740,EMP166,2023 H2,B,기본 목표 달성. 평균 수준 성과. 기술 역량 보완 필요.
REV0741,EMP166,2024 H1,B,평균적 성과. 성장 정체 우려. 교육 기회 지원.
REV0742,EMP167,2022 H1,D,심각한 수준의 저성과. 근본 원인 파악 필요. 고용 유지 재검토.
REV0743,EMP167,2022 H2,C,목표 달성률 73%. 협업 어려움 파악. 업무 재배치 시급.
REV0744,EMP167,2023 H1,A,반기 목표 112% 달성. 전문성을 바탕으로 한 성과. 리더십 기회 제공 검토.
REV0745,EMP167,2023 H2,C,개선 미흡. 3개월 내 구체적 발전 없으면 진로 상담.
REV0746,EMP167,2024 H1,B,평균적 성과. 성장 정체 우려. 교육 기회 지원.
REV0747,EMP168,2022 H1,S,뛰어난 리더십으로 조직에 큰 가치 창출. 보상 패키지 재검토.
REV0748,EMP168,2022 H2,A,프로젝트 수행 능력 우수. 보상 인센티브.
REV0749,EMP168,2023 H1,A,우수한 성과. 리더십 역량 개발 시 S등급 도약 가능. 해외 연수 검토.
REV0750,EMP168,2023 H2,B,평균적 성과. 프로세스 개선 기여도 낮음. 개선 계획 지원.
REV0751,EMP168,2024 H1,A,반기 목표 111% 달성. 기대에 부응하는 기여. 리더십 기회 제공 검토.
REV0752,EMP169,2022 H1,A,책임감과 실행력 우수. 핵심 프로젝트 투입.
REV0753,EMP169,2022 H2,B,기본 목표 달성. 품질 기준 충족. 커뮤니케이션 개선 필요.
REV0754,EMP169,2023 H1,A,반기 목표 108% 달성. 안정적이고 우수한 성과. 승진 후보 검토.
REV0755,EMP169,2023 H2,B,안정적이나 도전 부족. 시야 확대 필요.
REV0756,EMP169,2024 H1,C,목표 달성률 61%. 우선순위 오류 파악. 멘토링 강화 시급.
REV0757,EMP170,2022 H1,B,기본 목표 달성. 품질 기준 충족. 주도성 강화 필요.
REV0758,EMP170,2022 H2,A,협업 및 소통 역량 우수. 지속적 성장 기대.
REV0759,EMP170,2023 H1,C,반복적 실수. 3개월 내 구체적 발전 없으면 재배치 검토.
REV0760,EMP170,2023 H2,B,평균적 성과. 혁신 시도 미흡. 멘토 배정 지원.
REV0761,EMP170,2024 H1,D,심각한 수준의 저성과. 즉시 개선 조치 필요. PIP 즉시 적용.
REV0762,EMP171,2022 H1,C,개선 미흡. 3개월 내 명확한 개선 없으면 추가 조치.
REV0763,EMP171,2022 H2,B,기본 목표 달성. 일부 지연 발생. 효율성 제고 필요.
REV0764,EMP171,2023 H1,A,반기 목표 110% 달성. 기대에 부응하는 기여. 전문가 트랙 육성.
REV0765,EMP171,2023 H2,A,반기 목표 111% 달성. 전문성을 바탕으로 한 성과. 승진 후보 검토.
REV0766,EMP171,2024 H1,C,목표 달성률 66%. 협업 어려움 파악. PIP 수립 시급.
REV0767,EMP172,2022 H1,A,우수한 성과. 전략적 사고 개발 시 S등급 도약 가능. 교육 투자 예정.
REV0768,EMP172,2022 H2,A,우수한 성과. 전략적 사고 개발 시 S등급 도약 가능. 멘토링 프로그램.
REV0769,EMP172,2023 H1,S,창의적 문제 해결으로 조직에 큰 가치 창출. 차세대 리더 육성 대상.
REV0770,EMP172,2023 H2,A,우수한 성과. 글로벌 마인드 개발 시 S등급 도약 가능. 해외 연수 검토.
REV0771,EMP172,2024 H1,C,목표 달성률 73%. 협업 어려움 파악. 멘토링 강화 시급.
REV0772,EMP173,2022 H1,C,목표 달성률 62%. 협업 어려움 파악. 집중 육성 시급.
REV0773,EMP173,2022 H2,C,개선 미흡. 3개월 내 태도 변화 없으면 추가 조치.
REV0774,EMP173,2023 H1,A,우수한 성과. 전략적 사고 개발 시 S등급 도약 가능. 해외 연수 검토.
REV0775,EMP173,2023 H2,C,목표 달성률 61%. 역량 부족 파악. 멘토링 강화 시급.
REV0776,EMP173,2024 H1,A,기술적 전문성 우수. 지속적 성장 기대.
REV0777,EMP174,2022 H1,B,기본 목표 달성. 평균 수준 성과. 효율성 제고 필요.
REV0778,EMP174,2022 H2,C,목표 달성률 75%. 우선순위 오류 파악. 집중 육성 시급.
REV0779,EMP174,2023 H1,A,우수한 성과. 글로벌 마인드 개발 시 S등급 도약 가능. 해외 연수 검토.
REV0780,EMP174,2023 H2,C,반복적 실수. 3개월 내 역량 향상 없으면 계약 갱신 논의.
REV0781,EMP174,2024 H1,C,개선 미흡. 3개월 내 역량 향상 없으면 추가 조치.
REV0782,EMP175,2022 H1,B,평균적 성과. 프로세스 개선 기여도 낮음. 멘토 배정 지원.
REV0783,EMP175,2022 H2,C,반복적 실수. 3개월 내 태도 변화 없으면 추가 조치.
REV0784,EMP175,2023 H1,B,맡은 일은 하나 확장성 없음. 적극성 제고 필요.
REV0785,EMP175,2023 H2,B,안정적이나 도전 부족. 자기주도적 개선 필요.
REV0786,EMP175,2024 H1,C,기대 이하 성과. 3개월 내 역량 향상 없으면 계약 갱신 논의.
REV0787,EMP176,2022 H1,S,탁월한 실행력으로 조직에 큰 가치 창출. 보상 패키지 재검토.
REV0788,EMP176,2022 H2,C,목표 달성률 68%. 협업 어려움 파악. PIP 수립 시급.
REV0789,EMP176,2023 H1,A,우수한 성과. 리더십 역량 개발 시 S등급 도약 가능. 경력 개발 계획 수립.
REV0790,EMP176,2023 H2,A,우수한 성과. 전략적 사고 개발 시 S등급 도약 가능. 해외 연수 검토.
REV0791,EMP176,2024 H1,A,반기 목표 110% 달성. 팀 목표 달성에 기여. 승진 후보 검토.
REV0792,EMP177,2024 H1,A,책임감과 실행력 우수. 지속적 성장 기대.
REV0793,EMP178,2024 H1,S,반기 목표 132% 달성으로 탁월한 성과. 팀 전체 성과 향상에 기여. 보상 상향 필요.
REV0794,EMP179,2022 H1,B,평균적 성과. 혁신 시도 미흡. 1:1 코칭 지원.
REV0795,EMP179,2022 H2,B,평균적 성과. 프로세스 개선 기여도 낮음. 멘토 배정 지원.
REV0796,EMP179,2023 H1,D,심각한 수준의 저성과. 근본 원인 파악 필요. 업무 전환.
REV0797,EMP179,2023 H2,B,기대치 수준. 더 높은 목표 설정 권장 필요.
REV0798,EMP179,2024 H1,C,목표 이해 부족. 3개월 내 역량 향상 없으면 계약 갱신 논의.
REV0799,EMP180,2022 H1,S,기대를 크게 상회하는 성과. 고객사로부터 극찬. 회사의 미래를 책임질 핵심 인재.
REV0800,EMP180,2022 H2,A,기술적 전문성 우수. 보상 인센티브.
REV0801,EMP180,2023 H1,A,반기 목표 118% 달성. 팀 목표 달성에 기여. 전문가 트랙 육성.
REV0802,EMP180,2023 H2,B,맡은 일은 하나 확장성 없음. 적극성 제고 필요.
REV0803,EMP180,2024 H1,D,심각한 수준의 저성과. 근본 원인 파악 필요. 전문가 코칭.
REV0804,EMP181,2022 H1,S,반기 목표 134% 달성으로 탁월한 성과. 혁신적 아이디어로 비즈니스 임팩트. 핵심인재로 관리.
REV0805,EMP181,2022 H2,D,심각한 수준의 저성과. 적합성 검토 필요. 업무 전환.
REV0806,EMP181,2023 H1,C,목표 달성률 70%. 역량 부족 파악. 집중 육성 시급.
REV0807,EMP181,2023 H2,C,목표 달성률 71%. 태도 문제 파악. PIP 수립 시급.
REV0808,EMP181,2024 H1,B,평균적 성과. 프로세스 개선 기여도 낮음. 멘토 배정 지원.
REV0809,EMP182,2022 H1,B,기본 목표 달성. 무난한 업무 처리. 기술 역량 보완 필요.
REV0810,EMP182,2022 H2,B,평범한 수준. 자기주도적 개선 필요.
REV0811,EMP182,2023 H1,B,기본 목표 달성. 품질 기준 충족. 기술 역량 보완 필요.
REV0812,EMP182,2023 H2,A,프로젝트 수행 능력 우수. 보상 인센티브.
REV0813,EMP182,2024 H1,C,개선 미흡. 3개월 내 명확한 개선 없으면 재배치 검토.
REV0814,EMP183,2022 H1,B,기본 목표 달성. 평균 수준 성과. 기술 역량 보완 필요.
REV0815,EMP183,2022 H2,D,심각한 수준의 저성과. 근본 원인 파악 필요. PIP 즉시 적용.
REV0816,EMP183,2023 H1,A,반기 목표 114% 달성. 안정적이고 우수한 성과. 도전적 과제 부여.
REV0817,EMP183,2023 H2,B,평범한 수준. 시야 확대 필요.
REV0818,EMP183,2024 H1,D,심각한 수준의 저성과. 적합성 검토 필요. 전문가 코칭.
REV0819,EMP184,2022 H1,B,평균적 성과. 프로세스 개선 기여도 낮음. 개선 계획 지원.
REV0820,EMP184,2022 H2,A,협업 및 소통 역량 우수. 역량 확장 지원.
REV0821,EMP184,2023 H1,D,심각한 수준의 저성과. 즉시 개선 조치 필요. PIP 즉시 적용.
REV0822,EMP184,2023 H2,B,기본 목표 달성. 품질 기준 충족. 효율성 제고 필요.
REV0823,EMP184,2024 H1,A,반기 목표 119% 달성. 안정적이고 우수한 성과. 승진 후보 검토.
REV0824,EMP185,2022 H1,B,평균적 성과. 프로세스 개선 기여도 낮음. 교육 기회 지원.
REV0825,EMP185,2022 H2,A,우수한 성과. 글로벌 마인드 개발 시 S등급 도약 가능. 멘토링 프로그램.
REV0826,EMP185,2023 H1,B,평균적 성과. 성장 정체 우려. 개선 계획 지원.
REV0827,EMP185,2023 H2,C,반복적 실수. 3개월 내 구체적 발전 없으면 추가 조치.
REV0828,EMP185,2024 H1,A,우수한 성과. 혁신 역량 개발 시 S등급 도약 가능. 멘토링 프로그램.
REV0829,EMP186,2022 H1,A,협업 및 소통 역량 우수. 역량 확장 지원.
REV0830,EMP186,2022 H2,D,심각한 수준의 저성과. 역량 재평가 필요. 고용 유지 재검토.
REV0831,EMP186,2023 H1,B,안정적이나 도전 부족. 시야 확대 필요.
REV0832,EMP186,2023 H2,D,심각한 수준의 저성과. 역량 재평가 필요. 고용 유지 재검토.
REV0833,EMP186,2024 H1,B,기본 목표 달성. 일부 지연 발생. 주도성 강화 필요.
REV0834,EMP189,2022 H1,B,기본 목표 달성. 무난한 업무 처리. 커뮤니케이션 개선 필요.
REV0835,EMP189,2022 H2,D,심각한 수준의 저성과. 근본 원인 파악 필요. 고용 유지 재검토.
REV0836,EMP189,2023 H1,S,탁월한 실행력으로 조직에 큰 가치 창출. 장기 유지 전략 필요.
REV0837,EMP189,2023 H2,B,기본 목표 달성. 일부 지연 발생. 주도성 강화 필요.
REV0838,EMP189,2024 H1,B,기본 목표 달성. 평균 수준 성과. 기술 역량 보완 필요.
REV0839,EMP190,2022 H2,S,창의적 문제 해결으로 조직에 큰 가치 창출. 차세대 리더 육성 대상.
REV0840,EMP190,2023 H1,C,개선 미흡. 3개월 내 명확한 개선 없으면 재배치 검토.
REV0841,EMP190,2023 H2,B,안정적이나 도전 부족. 적극성 제고 필요.
REV0842,EMP190,2024 H1,B,평균적 성과. 성장 정체 우려. 1:1 코칭 지원.
REV0843,EMP192,2022 H1,B,기대치 수준. 더 높은 목표 설정 권장 필요.
REV0844,EMP192,2022 H2,B,기대치 수준. 시야 확대 필요.
REV0845,EMP192,2023 H1,A,협업 및 소통 역량 우수. 보상 인센티브.
REV0846,EMP192,2023 H2,C,기대 이하 성과. 3개월 내 명확한 개선 없으면 재배치 검토.
REV0847,EMP192,2024 H1,B,기대치 수준. 자기주도적 개선 필요.
REV0848,EMP195,2022 H1,A,반기 목표 118% 달성. 기대에 부응하는 기여. 리더십 기회 제공 검토.
REV0849,EMP195,2022 H2,B,기본 목표 달성. 일부 지연 발생. 주도성 강화 필요.
REV0850,EMP195,2023 H1,A,우수한 성과. 글로벌 마인드 개발 시 S등급 도약 가능. 경력 개발 계획 수립.
REV0851,EMP195,2023 H2,A,반기 목표 111% 달성. 팀 목표 달성에 기여. 승진 후보 검토.
REV0852,EMP195,2024 H1,A,반기 목표 118% 달성. 기대에 부응하는 기여. 도전적 과제 부여.
REV0853,EMP196,2022 H1,A,반기 목표 118% 달성. 기대에 부응하는 기여. 도전적 과제 부여.
REV0854,EMP196,2022 H2,B,기본 목표 달성. 품질 기준 충족. 효율성 제고 필요.
REV0855,EMP196,2023 H1,C,목표 달성률 72%. 우선순위 오류 파악. 멘토링 강화 시급.
REV0856,EMP196,2023 H2,D,심각한 수준의 저성과. 적합성 검토 필요. 전문가 코칭.
REV0857,EMP196,2024 H1,A,우수한 성과. 혁신 역량 개발 시 S등급 도약 가능. 멘토링 프로그램.
