survey_id,employee_id,org_id,org_name,division_name,survey_year,survey_date,q_psychological_safety,q_trust_in_leadership,q_collaboration,q_innovation_encouragement,q_work_life_balance,q_recognition,q_fairness,overall_team_satisfaction,qualitative_comment,would_recommend_team
TCULTURE00001,EMP000,ORG000,넥스트젠 테크놀로지스,대표이사,2023,2023-10-08,3.0,4.6,3.3,3.3,3.3,3.2,3.1,3.4,팀 분위기가 개선이 시급합니다. 핵심 인재 이탈로 인해 문화 혁신 시급 상황입니다.,3.2
TCULTURE00002,EMP000,ORG000,넥스트젠 테크놀로지스,대표이사,2024,2024-10-07,2.8,3.1,4.5,3.9,4.0,4.1,4.4,3.8,의사결정 과정이 불투명합니다. 역할과 책임 명확화이 필요합니다.,2.6
TCULTURE00003,DIV001,ORG100,경영지원본부,경영지원본부,2023,2023-10-25,2.9,3.1,3.3,3.3,3.3,3.6,3.5,3.3,불공정한 평가됩니다. 팀 문화 개선을 위한 HR 개입이 필요해 보입니다.,3.1
TCULTURE00004,DIV001,ORG100,경영지원본부,경영지원본부,2024,2024-10-11,2.4,3.0,3.2,3.4,2.9,3.3,2.9,3.0,업무 분배가 불균형하다고 느낍니다. 역할과 책임 명확화이 필요합니다.,3.4
TCULTURE00005,DIV002,ORG200,기술본부,기술본부,2023,2023-10-13,3.0,3.1,2.8,3.4,3.1,4.0,3.7,3.3,팀 분위기가 예전만 못합니다. 리더 신뢰 문제로 인해 구성원 의견 청취 상황입니다.,3.5
TCULTURE00006,DIV002,ORG200,기술본부,기술본부,2024,2024-10-18,3.1,3.7,3.8,3.6,4.3,3.7,4.0,3.7,팀 분위기가 예전만 못합니다. 핵심 인재 이탈로 인해 문화 혁신 시급 상황입니다.,3.6
TCULTURE00007,DIV003,ORG300,비즈니스본부,비즈니스본부,2023,2023-10-03,3.8,3.1,3.3,3.7,3.7,3.8,4.1,3.6,의사결정 과정이 불투명합니다. 리더의 적극적 소통이 필요합니다.,2.8
TCULTURE00008,DIV003,ORG300,비즈니스본부,비즈니스본부,2024,2024-11-15,3.0,3.6,3.1,5.0,3.8,3.5,3.2,3.6,성과 인정이 부족됩니다. 팀 문화 개선을 위한 솔직한 대화의 장이 필요해 보입니다.,3.3
TCULTURE00009,TL001,ORG101,HR팀,경영지원본부,2023,2023-10-09,4.0,4.0,3.8,3.9,4.5,4.6,4.1,4.1,"팀 분위기는 좋은 편입니다. 공정한 평가은 좋으나, 프로세스 개선 측면에서 개선 여지가 있습니다.",3.5
TCULTURE00010,TL001,ORG101,HR팀,경영지원본부,2024,2024-11-03,4.2,4.6,4.5,4.3,4.6,4.0,4.3,4.4,전반적으로 신뢰할 수 있는 팀입니다. 더 많은 도전 기회이 보완되면 excellent한 팀이 될 것입니다.,3.7
TCULTURE00011,TL002,ORG102,재무팀,경영지원본부,2023,2023-11-17,4.6,4.9,4.3,4.2,4.5,4.4,4.7,4.5,팀장님이 팀원의 성장을 진심으로 지원해주십니다. 성과는 공정하게 인정하고해주셔서 감사합니다.,4.4
TCULTURE00012,TL002,ORG102,재무팀,경영지원본부,2024,2024-10-08,5.0,4.1,4.9,4.3,4.0,4.6,4.4,4.5,팀장님이 공정하고 투명하게 의사결정해주십니다. 개인 사정도 배려해주셔서 감사합니다.,4.2
TCULTURE00013,TL003,ORG201,AI솔루션개발팀,기술본부,2023,2023-11-04,2.7,3.5,4.0,3.8,3.5,3.7,3.5,3.5,팀 비전이 명확하지 않습니다. 역할과 책임 명확화이 필요합니다.,2.8
TCULTURE00014,TL003,ORG201,AI솔루션개발팀,기술본부,2024,2024-10-10,2.8,3.4,3.4,3.9,3.9,3.8,3.4,3.5,팀 비전이 명확하지 않습니다. 리더의 적극적 소통이 필요합니다.,2.8
TCULTURE00015,TL004,ORG202,플랫폼개발팀,기술본부,2023,2023-10-27,3.7,3.8,2.3,3.1,3.2,3.6,3.1,3.3,의사결정 과정이 불투명합니다. 정기 팀 미팅 활성화이 필요합니다.,3.5
TCULTURE00016,TL004,ORG202,플랫폼개발팀,기술본부,2024,2024-10-07,3.4,3.4,3.1,3.2,3.0,3.7,3.8,3.4,업무 분배가 불균형하다고 느낍니다. 리더의 적극적 소통이 필요합니다.,3.1
TCULTURE00017,TL005,ORG203,데이터분석팀,기술본부,2023,2023-11-22,5.0,4.4,5.0,4.3,3.9,4.6,4.6,4.5,팀장님이 개개인의 강점을 살려 활용해주십니다. 실패해도 배움의 기회로 삼으며해주셔서 감사합니다.,4.5
TCULTURE00018,TL005,ORG203,데이터분석팀,기술본부,2024,2024-11-03,4.3,4.5,4.3,4.4,4.8,4.6,4.7,4.5,우리 팀은 상호 신뢰이 매우 잘 형성되어 있습니다. 함께 문제를 해결하는 분위기가 정착되어 있어 팀에 대한 자부심이 큽니다.,4.4
TCULTURE00019,TL006,ORG204,IT기획팀,기술본부,2023,2023-10-18,2.3,1.8,2.3,1.0,2.1,2.5,2.8,2.1,의견 제시하면 무시당함합니다. 이런 환경에서는 창의성 발휘 어려움. 근본적 변화 필요.,2.3
TCULTURE00020,TL006,ORG204,IT기획팀,기술본부,2024,2024-11-05,2.7,1.2,2.5,1.5,1.8,2.4,3.3,2.2,과도한 주말 근무과 성과 무시로 조직 신뢰 붕괴 상황. 즉각적인 개입 요청합니다.,2.7
TCULTURE00021,TL007,ORG205,UI/UX디자인팀,기술본부,2023,2023-11-09,2.5,2.5,2.1,2.2,2.8,1.7,2.9,2.4,팀장의 소통 부재으로 팀 전체가 분열 상태입니다. 다수 팀원이 이직 준비. 시급한 조치 필요.,2.3
TCULTURE00022,TL007,ORG205,UI/UX디자인팀,기술본부,2024,2024-11-25,3.0,3.1,1.5,2.2,2.0,1.4,1.9,2.2,팀 문화가 심각한 수준입니다. 팀원 간 경쟁만 부추기고 협업 없음가 만연합니다. 더 이상 견디기 어려움.,4.0
TCULTURE00023,TL008,ORG206,QA팀,기술본부,2023,2023-10-26,2.9,3.7,3.0,2.1,2.3,2.9,2.8,2.8,팀 문화가 심각한 수준입니다. 야근이 강요되며 휴가 사용 눈치가 만연합니다. 이직 준비 중.,2.2
TCULTURE00024,TL008,ORG206,QA팀,기술본부,2024,2024-11-04,1.6,4.5,2.4,2.3,2.6,2.4,2.6,2.6,과도한 주말 근무과 보상 불공정로 조직 신뢰 붕괴 상황. 즉각적인 개입 요청합니다.,3.3
TCULTURE00025,TL009,ORG301,마케팅팀,비즈니스본부,2023,2023-10-23,3.4,2.9,3.4,3.3,4.2,4.1,3.6,3.6,팀 분위기가 예전만 못합니다. 업무 동기 저하로 인해 리더십 교체 검토 상황입니다.,2.9
TCULTURE00026,TL009,ORG301,마케팅팀,비즈니스본부,2024,2024-11-19,2.9,3.5,3.7,3.3,3.3,3.2,3.5,3.3,의사결정 과정이 불투명합니다. 프로세스 개선이 필요합니다.,2.3
TCULTURE00027,TL010,ORG302,영업팀,비즈니스본부,2023,2023-11-24,2.9,3.2,4.1,3.1,3.6,3.6,4.1,3.5,팀 비전이 명확하지 않습니다. 프로세스 개선이 필요합니다.,4.1
TCULTURE00028,TL010,ORG302,영업팀,비즈니스본부,2024,2024-11-15,3.5,3.3,3.2,3.4,3.3,3.8,3.7,3.5,팀 분위기가 침체되어 있습니다. 핵심 인재 이탈로 인해 문화 혁신 시급 상황입니다.,3.8
TCULTURE00029,EMP001,ORG101,HR팀,경영지원본부,2023,2023-10-23,4.5,4.7,4.0,4.4,3.9,4.5,4.4,4.3,업무 환경에 만족하고 있습니다. 다만 의사결정 속도가 다소 개선되면 더 좋을 것 같습니다.,4.4
TCULTURE00030,EMP001,ORG101,HR팀,경영지원본부,2024,2024-10-21,4.0,3.7,3.4,4.0,4.6,3.9,4.3,4.0,"팀 분위기는 긍정적입니다. 동료 간 협업은 좋으나, 더 나은 소통 측면에서 개선 여지가 있습니다.",4.3
TCULTURE00031,EMP002,ORG101,HR팀,경영지원본부,2024,2024-10-18,3.9,4.5,2.8,3.5,3.6,3.7,4.1,3.7,전반적으로 안정적인 팀입니다. 워라밸 개선이 보완되면 excellent한 팀이 될 것입니다.,4.1
TCULTURE00032,EMP004,ORG101,HR팀,경영지원본부,2023,2023-10-24,4.2,4.2,3.6,3.5,4.2,3.7,3.4,3.8,전반적으로 성장할 수 있는 팀입니다. 명확한 경력 경로이 보완되면 excellent한 팀이 될 것입니다.,4.4
TCULTURE00033,EMP004,ORG101,HR팀,경영지원본부,2024,2024-10-19,4.6,4.6,4.1,4.3,4.5,3.7,4.4,4.3,업무 환경에 만족하고 있습니다. 다만 과도한 회의가 다소 개선되면 더 좋을 것 같습니다.,4.1
TCULTURE00034,EMP005,ORG101,HR팀,경영지원본부,2023,2023-10-12,4.4,4.1,4.5,4.1,3.4,4.6,3.6,4.1,"팀 분위기는 긍정적입니다. 리더의 지원은 좋으나, 프로세스 개선 측면에서 개선 여지가 있습니다.",4.5
TCULTURE00035,EMP005,ORG101,HR팀,경영지원본부,2024,2024-11-09,4.0,4.5,4.5,4.2,4.2,4.2,3.2,4.1,협업 문화에 만족하고 있습니다. 다만 불필요한 보고가 다소 개선되면 더 좋을 것 같습니다.,4.0
TCULTURE00036,EMP006,ORG101,HR팀,경영지원본부,2024,2024-11-14,3.6,4.1,3.5,3.5,4.6,4.4,4.0,4.0,전반적으로 성장할 수 있는 팀입니다. 명확한 경력 경로이 보완되면 excellent한 팀이 될 것입니다.,4.1
TCULTURE00037,EMP007,ORG101,HR팀,경영지원본부,2023,2023-10-19,3.9,4.2,3.7,4.4,3.9,3.8,4.0,4.0,"팀 분위기는 대체로 만족스럽습니다. 동료 간 협업은 좋으나, 업무량 조절 측면에서 개선 여지가 있습니다.",3.8
TCULTURE00038,EMP007,ORG101,HR팀,경영지원본부,2024,2024-10-17,4.1,3.8,4.2,4.5,3.7,3.9,4.2,4.1,전반적으로 함께 일하기 좋은 팀입니다. 더 많은 도전 기회이 보완되면 excellent한 팀이 될 것입니다.,3.8
TCULTURE00039,EMP008,ORG101,HR팀,경영지원본부,2023,2023-11-02,4.2,4.2,4.4,3.8,3.6,3.9,3.6,4.0,업무 환경에 만족하고 있습니다. 다만 업무 분배가 다소 개선되면 더 좋을 것 같습니다.,4.2
TCULTURE00040,EMP008,ORG101,HR팀,경영지원본부,2024,2024-10-21,3.5,4.9,4.5,4.0,4.3,3.3,5.0,4.2,리더십 스타일에 만족하고 있습니다. 다만 업무 분배가 다소 개선되면 더 좋을 것 같습니다.,3.8
TCULTURE00041,EMP009,ORG101,HR팀,경영지원본부,2023,2023-10-09,4.0,3.3,4.2,3.6,4.0,3.8,3.6,3.8,전반적으로 함께 일하기 좋은 팀입니다. 공정한 보상이 보완되면 excellent한 팀이 될 것입니다.,3.7
TCULTURE00042,EMP009,ORG101,HR팀,경영지원본부,2024,2024-11-17,4.1,3.5,3.7,4.3,5.0,4.2,3.6,4.1,전반적으로 안정적인 팀입니다. 공정한 보상이 보완되면 excellent한 팀이 될 것입니다.,3.9
TCULTURE00043,EMP010,ORG101,HR팀,경영지원본부,2023,2023-11-26,4.0,3.9,4.4,4.1,4.4,3.9,4.5,4.2,리더십 스타일에 만족하고 있습니다. 다만 과도한 회의가 다소 개선되면 더 좋을 것 같습니다.,3.9
TCULTURE00044,EMP010,ORG101,HR팀,경영지원본부,2024,2024-11-09,3.6,4.9,3.3,3.7,3.7,5.0,4.7,4.1,"팀 분위기는 긍정적입니다. 리더의 지원은 좋으나, 업무량 조절 측면에서 개선 여지가 있습니다.",4.6
TCULTURE00045,EMP011,ORG101,HR팀,경영지원본부,2023,2023-10-27,3.9,5.0,4.1,4.4,4.1,4.0,3.9,4.2,"팀 분위기는 긍정적입니다. 동료 간 협업은 좋으나, 업무량 조절 측면에서 개선 여지가 있습니다.",3.9
TCULTURE00046,EMP011,ORG101,HR팀,경영지원본부,2024,2024-10-20,4.2,4.1,4.0,4.6,2.8,4.2,4.3,4.0,리더십 스타일에 만족하고 있습니다. 다만 과도한 회의가 다소 개선되면 더 좋을 것 같습니다.,4.5
TCULTURE00047,EMP012,ORG102,재무팀,경영지원본부,2023,2023-11-14,4.5,4.6,4.8,4.9,4.4,4.6,5.0,4.7,팀원 모두가 긍정적 에너지를 만들어가고 있습니다. 이 팀에서 최고의 경험입니다.,3.9
TCULTURE00048,EMP012,ORG102,재무팀,경영지원본부,2024,2024-10-25,4.3,4.9,4.8,4.7,4.4,4.2,4.3,4.5,팀장님이 팀원의 성장을 진심으로 지원해주십니다. 실패해도 배움의 기회로 삼으며해주셔서 감사합니다.,5.0
TCULTURE00049,EMP013,ORG102,재무팀,경영지원본부,2023,2023-11-24,4.3,4.5,4.3,4.8,4.3,4.5,4.0,4.4,팀원 모두가 서로 돕는 문화를 만들어가고 있습니다. 어려운 프로젝트도 함께라면 해낼 수 있다는 믿음입니다.,4.0
TCULTURE00050,EMP013,ORG102,재무팀,경영지원본부,2024,2024-10-28,4.5,4.1,5.0,3.9,4.3,4.5,4.4,4.4,팀원 모두가 긍정적 에너지를 만들어가고 있습니다. 어려운 프로젝트도 함께라면 해낼 수 있다는 믿음입니다.,4.2
TCULTURE00051,EMP014,ORG102,재무팀,경영지원본부,2023,2023-11-24,4.2,4.2,4.4,5.0,4.5,4.9,4.7,4.6,팀원 모두가 지식 공유를 만들어가고 있습니다. 어려운 프로젝트도 함께라면 해낼 수 있다는 믿음입니다.,4.8
TCULTURE00052,EMP014,ORG102,재무팀,경영지원본부,2024,2024-11-17,3.7,4.4,4.9,4.3,5.0,4.9,4.4,4.5,팀원 모두가 긍정적 에너지를 만들어가고 있습니다. 어려운 프로젝트도 함께라면 해낼 수 있다는 믿음입니다.,4.3
TCULTURE00053,EMP015,ORG102,재무팀,경영지원본부,2023,2023-10-19,4.2,4.3,4.1,4.6,4.1,4.7,4.7,4.4,팀장님이 개개인의 강점을 살려 활용해주십니다. 실패해도 배움의 기회로 삼으며해주셔서 감사합니다.,4.0
TCULTURE00054,EMP015,ORG102,재무팀,경영지원본부,2024,2024-11-20,5.0,4.7,4.7,4.3,4.7,4.8,4.5,4.7,우리 팀은 협력 문화이 매우 잘 형성되어 있습니다. 함께 문제를 해결하는 분위기가 정착되어 있어 팀에 대한 자부심이 큽니다.,5.0
TCULTURE00055,EMP016,ORG102,재무팀,경영지원본부,2023,2023-11-10,4.5,4.8,4.6,4.7,4.0,4.6,4.3,4.5,팀원 모두가 건설적 피드백를 만들어가고 있습니다. 이 팀에서 최고의 경험입니다.,4.2
TCULTURE00056,EMP016,ORG102,재무팀,경영지원본부,2024,2024-10-22,5.0,4.4,4.2,4.4,4.1,4.9,4.3,4.5,우리 팀은 심리적 안전감이 매우 잘 형성되어 있습니다. 실패를 두려워하지 않고 도전하는 분위기가 정착되어 있어 업무 만족도가 높습니다.,4.7
TCULTURE00057,EMP017,ORG102,재무팀,경영지원본부,2023,2023-11-03,4.9,4.3,4.7,4.2,5.0,4.8,4.4,4.6,팀원 모두가 긍정적 에너지를 만들어가고 있습니다. 이 팀에서 최고의 경험입니다.,4.3
TCULTURE00058,EMP017,ORG102,재무팀,경영지원본부,2024,2024-10-10,4.5,4.4,5.0,4.1,4.5,4.5,4.5,4.5,우리 팀은 심리적 안전감이 매우 잘 형성되어 있습니다. 서로 존중하며 성장하는 분위기가 정착되어 있어 팀에 대한 자부심이 큽니다.,4.5
TCULTURE00059,EMP018,ORG102,재무팀,경영지원본부,2023,2023-11-19,4.5,4.8,4.7,4.6,3.6,4.6,4.0,4.4,팀원 모두가 긍정적 에너지를 만들어가고 있습니다. 타 부서 동료들이 부러워하는 팀입니다.,4.7
TCULTURE00060,EMP018,ORG102,재무팀,경영지원본부,2024,2024-11-12,4.9,4.2,4.4,4.3,4.9,4.5,5.0,4.6,팀장님이 권한을 적절히 위임하고 신뢰해주십니다. 성과는 공정하게 인정하고해주셔서 감사합니다.,4.6
TCULTURE00061,EMP019,ORG102,재무팀,경영지원본부,2023,2023-10-17,4.6,4.5,4.7,4.0,4.5,4.5,4.7,4.5,팀장님이 공정하고 투명하게 의사결정해주십니다. 정기적인 1:1 미팅에서 커리어 고민을 함께 나누고해주셔서 감사합니다.,4.4
TCULTURE00062,EMP019,ORG102,재무팀,경영지원본부,2024,2024-10-20,4.2,4.5,4.2,3.9,4.7,4.7,4.6,4.4,팀원 모두가 지식 공유를 만들어가고 있습니다. 어려운 프로젝트도 함께라면 해낼 수 있다는 믿음입니다.,4.9
TCULTURE00063,EMP020,ORG102,재무팀,경영지원본부,2023,2023-10-11,4.3,4.1,4.5,4.4,4.2,4.5,4.3,4.3,팀원 모두가 지식 공유를 만들어가고 있습니다. 동료들과 함께 성장하는 느낌입니다.,3.9
TCULTURE00064,EMP020,ORG102,재무팀,경영지원본부,2024,2024-10-16,4.4,4.2,4.6,4.3,4.8,5.0,4.7,4.6,우리 팀은 개방적 소통이 매우 잘 형성되어 있습니다. 자유롭게 의견을 나누며 혁신하는 분위기가 정착되어 있어 업무 만족도가 높습니다.,4.0
TCULTURE00065,EMP021,ORG201,AI솔루션개발팀,기술본부,2023,2023-10-04,4.3,4.3,3.5,4.2,3.2,2.6,3.1,3.6,성과 인정이 부족됩니다. 팀 문화 개선을 위한 팀 워크샵이 필요해 보입니다.,4.4
TCULTURE00066,EMP021,ORG201,AI솔루션개발팀,기술본부,2024,2024-11-12,2.8,3.5,3.5,3.2,3.3,3.5,3.2,3.3,불공정한 평가됩니다. 팀 문화 개선을 위한 솔직한 대화의 장이 필요해 보입니다.,2.8
TCULTURE00067,EMP022,ORG201,AI솔루션개발팀,기술본부,2023,2023-11-12,3.6,4.0,3.9,3.1,2.9,3.4,4.3,3.6,팀 비전이 명확하지 않습니다. 역할과 책임 명확화이 필요합니다.,3.8
TCULTURE00068,EMP022,ORG201,AI솔루션개발팀,기술본부,2024,2024-10-16,3.9,3.9,3.7,3.6,3.8,3.2,2.8,3.6,불공정한 평가됩니다. 팀 문화 개선을 위한 HR 개입이 필요해 보입니다.,3.9
TCULTURE00069,EMP023,ORG201,AI솔루션개발팀,기술본부,2023,2023-11-10,4.1,2.9,3.9,4.3,3.5,3.1,3.6,3.6,의사결정 과정이 불투명합니다. 리더의 적극적 소통이 필요합니다.,3.2
TCULTURE00070,EMP023,ORG201,AI솔루션개발팀,기술본부,2024,2024-11-07,3.2,3.7,2.7,2.8,3.5,3.5,3.7,3.3,팀 분위기가 침체되어 있습니다. 업무 동기 저하로 인해 조직 개편 필요 상황입니다.,4.4
TCULTURE00071,EMP024,ORG201,AI솔루션개발팀,기술본부,2023,2023-10-26,3.6,3.8,3.0,3.9,3.2,3.5,3.4,3.5,성장 기회가 제한적됩니다. 팀 문화 개선을 위한 리더십 변화이 필요해 보입니다.,4.0
TCULTURE00072,EMP024,ORG201,AI솔루션개발팀,기술본부,2024,2024-11-16,2.8,2.4,3.4,3.7,3.6,4.1,3.7,3.4,의사결정 과정이 불투명합니다. 프로세스 개선이 필요합니다.,3.2
TCULTURE00073,EMP025,ORG201,AI솔루션개발팀,기술본부,2023,2023-11-17,2.3,3.4,4.0,3.3,3.5,3.7,3.0,3.3,성장 기회가 제한적됩니다. 팀 문화 개선을 위한 리더십 변화이 필요해 보입니다.,3.8
TCULTURE00074,EMP025,ORG201,AI솔루션개발팀,기술본부,2024,2024-10-07,4.3,3.4,2.9,3.5,2.4,3.7,3.7,3.4,업무 분배가 불균형하다고 느낍니다. 정기 팀 미팅 활성화이 필요합니다.,4.3
TCULTURE00075,EMP026,ORG201,AI솔루션개발팀,기술본부,2023,2023-11-22,3.4,3.7,3.1,3.3,2.7,3.4,3.3,3.3,팀 내 소통이 원활하지 않을 때가 있습니다. 역할과 책임 명확화이 필요합니다.,3.6
TCULTURE00076,EMP026,ORG201,AI솔루션개발팀,기술본부,2024,2024-10-17,3.2,3.5,3.3,3.3,3.5,3.5,3.9,3.5,팀 분위기가 예전만 못합니다. 리더 신뢰 문제로 인해 문화 혁신 시급 상황입니다.,3.4
TCULTURE00077,EMP027,ORG201,AI솔루션개발팀,기술본부,2023,2023-10-10,3.3,3.4,3.1,3.3,4.5,3.0,3.4,3.4,업무량이 과도하여 번아웃 우려됩니다. 팀 문화 개선을 위한 팀 워크샵이 필요해 보입니다.,3.3
TCULTURE00078,EMP027,ORG201,AI솔루션개발팀,기술본부,2024,2024-11-03,3.4,3.3,3.6,2.6,4.0,3.8,2.9,3.4,성장 기회가 제한적됩니다. 팀 문화 개선을 위한 솔직한 대화의 장이 필요해 보입니다.,2.4
TCULTURE00079,EMP028,ORG201,AI솔루션개발팀,기술본부,2023,2023-10-11,3.0,3.4,4.8,3.8,2.6,3.2,3.5,3.5,성장 기회가 제한적됩니다. 팀 문화 개선을 위한 리더십 변화이 필요해 보입니다.,3.6
TCULTURE00080,EMP028,ORG201,AI솔루션개발팀,기술본부,2024,2024-10-28,2.8,3.4,3.1,2.9,3.6,3.9,3.9,3.4,팀 비전이 명확하지 않습니다. 역할과 책임 명확화이 필요합니다.,3.8
TCULTURE00081,EMP029,ORG201,AI솔루션개발팀,기술본부,2023,2023-11-21,3.3,3.9,3.7,3.6,3.2,3.3,3.5,3.5,팀 분위기가 점점 악화되는 느낌. 업무 동기 저하로 인해 리더십 교체 검토 상황입니다.,4.7
TCULTURE00082,EMP029,ORG201,AI솔루션개발팀,기술본부,2024,2024-10-08,3.7,3.2,3.1,3.3,4.6,3.3,4.0,3.6,성장 기회가 제한적됩니다. 팀 문화 개선을 위한 솔직한 대화의 장이 필요해 보입니다.,3.3
TCULTURE00083,EMP030,ORG201,AI솔루션개발팀,기술본부,2023,2023-10-12,3.6,3.9,3.2,3.2,4.3,4.0,3.9,3.7,팀 분위기가 점점 악화되는 느낌. 리더 신뢰 문제로 인해 구성원 의견 청취 상황입니다.,3.9
TCULTURE00084,EMP030,ORG201,AI솔루션개발팀,기술본부,2024,2024-11-08,3.7,4.5,3.5,3.8,2.8,3.1,2.9,3.5,업무량이 과도하여 번아웃 우려됩니다. 팀 문화 개선을 위한 팀 워크샵이 필요해 보입니다.,4.1
TCULTURE00085,EMP031,ORG201,AI솔루션개발팀,기술본부,2023,2023-11-21,2.2,3.3,2.0,3.1,3.3,4.2,3.7,3.1,불공정한 평가됩니다. 팀 문화 개선을 위한 리더십 변화이 필요해 보입니다.,3.1
TCULTURE00086,EMP031,ORG201,AI솔루션개발팀,기술본부,2024,2024-10-16,4.0,3.5,3.5,2.9,3.0,3.1,3.5,3.4,팀 분위기가 침체되어 있습니다. 리더 신뢰 문제로 인해 리더십 교체 검토 상황입니다.,3.5
TCULTURE00087,EMP032,ORG201,AI솔루션개발팀,기술본부,2023,2023-11-26,4.3,3.7,2.1,3.6,2.8,3.0,3.1,3.2,불공정한 평가됩니다. 팀 문화 개선을 위한 리더십 변화이 필요해 보입니다.,3.2
TCULTURE00088,EMP032,ORG201,AI솔루션개발팀,기술본부,2024,2024-10-27,2.8,3.6,2.8,3.7,4.6,2.8,3.4,3.4,팀 분위기가 예전만 못합니다. 리더 신뢰 문제로 인해 구성원 의견 청취 상황입니다.,2.2
TCULTURE00089,EMP033,ORG201,AI솔루션개발팀,기술본부,2023,2023-11-04,3.3,3.8,3.9,3.5,3.9,4.8,4.4,3.9,팀 분위기가 점점 악화되는 느낌. 팀 내 갈등로 인해 조직 개편 필요 상황입니다.,3.2
TCULTURE00090,EMP033,ORG201,AI솔루션개발팀,기술본부,2024,2024-10-07,2.8,3.3,3.0,3.7,2.9,3.5,3.9,3.3,성장 기회가 제한적됩니다. 팀 문화 개선을 위한 팀 워크샵이 필요해 보입니다.,3.4
TCULTURE00091,EMP034,ORG201,AI솔루션개발팀,기술본부,2023,2023-10-21,3.0,4.1,2.6,3.3,3.5,3.5,3.6,3.4,의사결정 과정이 불투명합니다. 정기 팀 미팅 활성화이 필요합니다.,3.8
TCULTURE00092,EMP034,ORG201,AI솔루션개발팀,기술본부,2024,2024-11-23,3.5,3.3,3.3,3.2,3.9,3.2,3.9,3.5,불공정한 평가됩니다. 팀 문화 개선을 위한 리더십 변화이 필요해 보입니다.,3.5
TCULTURE00093,EMP035,ORG201,AI솔루션개발팀,기술본부,2023,2023-11-18,3.2,3.8,3.1,3.8,3.6,3.2,3.8,3.5,성장 기회가 제한적됩니다. 팀 문화 개선을 위한 솔직한 대화의 장이 필요해 보입니다.,3.8
TCULTURE00094,EMP035,ORG201,AI솔루션개발팀,기술본부,2024,2024-11-02,4.1,4.0,3.7,2.9,4.7,2.8,4.0,3.7,의사결정 과정이 불투명합니다. 정기 팀 미팅 활성화이 필요합니다.,3.7
TCULTURE00095,EMP036,ORG201,AI솔루션개발팀,기술본부,2023,2023-10-06,2.9,3.4,3.5,4.2,3.1,3.4,2.3,3.3,의사결정 과정이 불투명합니다. 프로세스 개선이 필요합니다.,4.4
TCULTURE00096,EMP036,ORG201,AI솔루션개발팀,기술본부,2024,2024-11-23,3.0,3.7,3.4,3.5,3.9,4.3,3.6,3.6,업무 분배가 불균형하다고 느낍니다. 리더의 적극적 소통이 필요합니다.,3.8
TCULTURE00097,EMP037,ORG201,AI솔루션개발팀,기술본부,2023,2023-11-14,3.7,4.0,3.3,4.0,4.1,4.0,3.2,3.8,성장 기회가 제한적됩니다. 팀 문화 개선을 위한 리더십 변화이 필요해 보입니다.,3.4
TCULTURE00098,EMP037,ORG201,AI솔루션개발팀,기술본부,2024,2024-11-07,3.6,2.8,4.3,3.5,3.6,3.2,2.8,3.4,팀 분위기가 점점 악화되는 느낌. 리더 신뢰 문제로 인해 리더십 교체 검토 상황입니다.,3.2
TCULTURE00099,EMP038,ORG201,AI솔루션개발팀,기술본부,2023,2023-11-01,3.6,3.8,3.6,3.7,3.3,3.7,4.2,3.7,성장 기회가 제한적됩니다. 팀 문화 개선을 위한 팀 워크샵이 필요해 보입니다.,3.9
TCULTURE00100,EMP038,ORG201,AI솔루션개발팀,기술본부,2024,2024-10-16,3.9,3.6,2.7,3.0,3.7,3.5,3.7,3.4,성과 인정이 부족됩니다. 팀 문화 개선을 위한 HR 개입이 필요해 보입니다.,4.3
TCULTURE00101,EMP039,ORG201,AI솔루션개발팀,기술본부,2023,2023-11-20,3.9,4.1,3.5,3.1,3.5,3.1,4.3,3.6,불공정한 평가됩니다. 팀 문화 개선을 위한 팀 워크샵이 필요해 보입니다.,3.9
TCULTURE00102,EMP039,ORG201,AI솔루션개발팀,기술본부,2024,2024-10-28,3.8,4.1,2.5,3.8,2.8,3.5,3.3,3.4,팀 분위기가 침체되어 있습니다. 리더 신뢰 문제로 인해 리더십 교체 검토 상황입니다.,3.8
TCULTURE00103,EMP040,ORG201,AI솔루션개발팀,기술본부,2023,2023-11-07,3.6,4.2,3.2,3.9,3.6,2.7,3.0,3.5,의사결정 과정이 불투명합니다. 역할과 책임 명확화이 필요합니다.,3.4
TCULTURE00104,EMP040,ORG201,AI솔루션개발팀,기술본부,2024,2024-10-20,4.1,3.7,2.9,3.4,4.5,3.6,3.3,3.6,팀 내 소통이 원활하지 않을 때가 있습니다. 리더의 적극적 소통이 필요합니다.,3.7
TCULTURE00105,EMP041,ORG201,AI솔루션개발팀,기술본부,2023,2023-10-25,3.9,3.3,3.8,3.3,3.9,3.6,3.7,3.6,업무 분배가 불균형하다고 느낍니다. 프로세스 개선이 필요합니다.,3.1
TCULTURE00106,EMP041,ORG201,AI솔루션개발팀,기술본부,2024,2024-11-07,3.1,4.0,3.5,3.6,3.3,3.9,3.2,3.5,팀 분위기가 점점 악화되는 느낌. 팀 내 갈등로 인해 리더십 교체 검토 상황입니다.,3.4
TCULTURE00107,EMP042,ORG201,AI솔루션개발팀,기술본부,2023,2023-10-11,3.9,4.1,3.2,4.5,3.7,3.0,3.7,3.7,업무 분배가 불균형하다고 느낍니다. 정기 팀 미팅 활성화이 필요합니다.,3.3
TCULTURE00108,EMP042,ORG201,AI솔루션개발팀,기술본부,2024,2024-10-24,3.7,3.5,3.5,3.0,4.0,2.9,2.9,3.4,업무 분배가 불균형하다고 느낍니다. 역할과 책임 명확화이 필요합니다.,3.7
TCULTURE00109,EMP043,ORG201,AI솔루션개발팀,기술본부,2023,2023-10-11,4.3,3.3,3.9,4.0,3.9,3.3,3.0,3.7,업무 분배가 불균형하다고 느낍니다. 역할과 책임 명확화이 필요합니다.,2.4
TCULTURE00110,EMP043,ORG201,AI솔루션개발팀,기술본부,2024,2024-10-09,3.4,4.1,2.9,3.9,3.0,3.6,3.9,3.5,팀 분위기가 예전만 못합니다. 리더 신뢰 문제로 인해 구성원 의견 청취 상황입니다.,3.2
TCULTURE00111,EMP045,ORG201,AI솔루션개발팀,기술본부,2023,2023-11-11,3.6,3.3,3.9,3.6,3.5,4.3,3.8,3.7,업무 분배가 불균형하다고 느낍니다. 역할과 책임 명확화이 필요합니다.,3.2
TCULTURE00112,EMP045,ORG201,AI솔루션개발팀,기술본부,2024,2024-10-01,3.5,3.5,3.5,4.8,3.7,2.5,3.2,3.5,팀 비전이 명확하지 않습니다. 역할과 책임 명확화이 필요합니다.,2.5
TCULTURE00113,EMP046,ORG201,AI솔루션개발팀,기술본부,2023,2023-11-11,3.3,2.5,3.1,2.7,3.7,3.5,3.7,3.2,업무 분배가 불균형하다고 느낍니다. 프로세스 개선이 필요합니다.,3.4
TCULTURE00114,EMP046,ORG201,AI솔루션개발팀,기술본부,2024,2024-11-15,2.8,3.8,4.5,3.7,3.3,2.8,3.0,3.4,팀 분위기가 점점 악화되는 느낌. 업무 동기 저하로 인해 리더십 교체 검토 상황입니다.,3.7
TCULTURE00115,EMP047,ORG201,AI솔루션개발팀,기술본부,2023,2023-10-10,4.0,3.6,3.9,3.9,3.8,3.2,3.6,3.7,팀 분위기가 점점 악화되는 느낌. 핵심 인재 이탈로 인해 문화 혁신 시급 상황입니다.,3.1
TCULTURE00116,EMP047,ORG201,AI솔루션개발팀,기술본부,2024,2024-11-13,3.5,3.7,4.3,2.8,3.7,4.2,3.9,3.7,팀 내 소통이 원활하지 않을 때가 있습니다. 역할과 책임 명확화이 필요합니다.,3.9
TCULTURE00117,EMP048,ORG202,플랫폼개발팀,기술본부,2024,2024-11-14,3.8,4.1,3.0,2.8,3.5,2.4,4.1,3.4,업무 분배가 불균형하다고 느낍니다. 정기 팀 미팅 활성화이 필요합니다.,4.1
TCULTURE00118,EMP049,ORG202,플랫폼개발팀,기술본부,2023,2023-10-20,3.3,3.3,3.5,3.5,3.6,3.8,3.4,3.5,성과 인정이 부족됩니다. 팀 문화 개선을 위한 솔직한 대화의 장이 필요해 보입니다.,4.0
TCULTURE00119,EMP049,ORG202,플랫폼개발팀,기술본부,2024,2024-10-13,3.7,3.2,4.2,2.8,3.5,4.0,3.1,3.5,팀 분위기가 침체되어 있습니다. 팀 내 갈등로 인해 문화 혁신 시급 상황입니다.,3.7
TCULTURE00120,EMP050,ORG202,플랫폼개발팀,기술본부,2023,2023-10-17,3.8,3.1,3.5,3.4,3.2,4.7,3.1,3.5,팀 분위기가 점점 악화되는 느낌. 업무 동기 저하로 인해 문화 혁신 시급 상황입니다.,4.0
TCULTURE00121,EMP050,ORG202,플랫폼개발팀,기술본부,2024,2024-10-14,3.3,3.0,3.6,3.8,4.0,4.3,5.0,3.9,팀 분위기가 예전만 못합니다. 핵심 인재 이탈로 인해 조직 개편 필요 상황입니다.,3.6
TCULTURE00122,EMP051,ORG202,플랫폼개발팀,기술본부,2023,2023-10-28,3.2,3.7,3.4,4.0,2.9,4.7,3.9,3.7,팀 분위기가 예전만 못합니다. 업무 동기 저하로 인해 문화 혁신 시급 상황입니다.,2.7
TCULTURE00123,EMP051,ORG202,플랫폼개발팀,기술본부,2024,2024-10-24,3.1,3.9,4.1,2.9,3.9,2.5,3.5,3.4,팀 비전이 명확하지 않습니다. 정기 팀 미팅 활성화이 필요합니다.,4.1
TCULTURE00124,EMP052,ORG202,플랫폼개발팀,기술본부,2023,2023-10-27,3.2,2.7,3.6,3.2,3.8,3.1,3.1,3.2,팀 분위기가 예전만 못합니다. 핵심 인재 이탈로 인해 리더십 교체 검토 상황입니다.,2.5
TCULTURE00125,EMP052,ORG202,플랫폼개발팀,기술본부,2024,2024-10-21,3.6,3.4,2.9,3.6,4.0,3.4,3.6,3.5,성장 기회가 제한적됩니다. 팀 문화 개선을 위한 리더십 변화이 필요해 보입니다.,3.6
TCULTURE00126,EMP053,ORG202,플랫폼개발팀,기술본부,2023,2023-10-27,2.9,4.5,3.3,3.8,3.9,3.4,3.8,3.7,업무량이 과도하여 번아웃 우려됩니다. 팀 문화 개선을 위한 솔직한 대화의 장이 필요해 보입니다.,3.6
TCULTURE00127,EMP053,ORG202,플랫폼개발팀,기술본부,2024,2024-11-27,2.8,3.3,3.2,3.3,2.8,4.1,4.3,3.4,성과 인정이 부족됩니다. 팀 문화 개선을 위한 HR 개입이 필요해 보입니다.,4.0
TCULTURE00128,EMP055,ORG202,플랫폼개발팀,기술본부,2023,2023-10-05,4.1,3.3,3.2,3.1,3.8,3.6,3.5,3.5,팀 비전이 명확하지 않습니다. 리더의 적극적 소통이 필요합니다.,4.1
TCULTURE00129,EMP055,ORG202,플랫폼개발팀,기술본부,2024,2024-11-27,3.7,3.1,3.2,3.8,4.0,3.8,4.4,3.7,성과 인정이 부족됩니다. 팀 문화 개선을 위한 HR 개입이 필요해 보입니다.,4.3
TCULTURE00130,EMP056,ORG202,플랫폼개발팀,기술본부,2023,2023-11-25,3.7,3.1,2.8,3.3,3.9,4.4,3.7,3.6,성과 인정이 부족됩니다. 팀 문화 개선을 위한 팀 워크샵이 필요해 보입니다.,4.1
TCULTURE00131,EMP056,ORG202,플랫폼개발팀,기술본부,2024,2024-11-20,3.4,3.8,3.9,2.5,3.3,4.0,3.6,3.5,성과 인정이 부족됩니다. 팀 문화 개선을 위한 HR 개입이 필요해 보입니다.,2.9
TCULTURE00132,EMP057,ORG202,플랫폼개발팀,기술본부,2023,2023-11-21,2.3,3.3,3.5,3.1,3.6,3.8,3.8,3.3,성장 기회가 제한적됩니다. 팀 문화 개선을 위한 솔직한 대화의 장이 필요해 보입니다.,2.3
TCULTURE00133,EMP057,ORG202,플랫폼개발팀,기술본부,2024,2024-10-06,2.8,3.3,3.8,3.7,3.7,3.3,3.3,3.4,팀 분위기가 개선이 시급합니다. 팀 내 갈등로 인해 리더십 교체 검토 상황입니다.,3.1
TCULTURE00134,EMP058,ORG202,플랫폼개발팀,기술본부,2023,2023-11-03,3.9,3.0,3.9,3.6,3.5,3.2,2.8,3.4,팀 분위기가 개선이 시급합니다. 핵심 인재 이탈로 인해 구성원 의견 청취 상황입니다.,3.2
TCULTURE00135,EMP058,ORG202,플랫폼개발팀,기술본부,2024,2024-10-19,3.3,2.3,3.4,4.0,3.8,3.3,3.5,3.4,팀 분위기가 점점 악화되는 느낌. 업무 동기 저하로 인해 리더십 교체 검토 상황입니다.,3.2
TCULTURE00136,EMP059,ORG202,플랫폼개발팀,기술본부,2023,2023-11-01,3.6,4.3,4.0,3.8,3.3,3.9,2.7,3.7,업무량이 과도하여 번아웃 우려됩니다. 팀 문화 개선을 위한 리더십 변화이 필요해 보입니다.,3.4
TCULTURE00137,EMP059,ORG202,플랫폼개발팀,기술본부,2024,2024-11-04,3.8,3.9,3.8,3.6,3.4,3.8,3.0,3.6,팀 분위기가 개선이 시급합니다. 핵심 인재 이탈로 인해 문화 혁신 시급 상황입니다.,3.1
TCULTURE00138,EMP060,ORG202,플랫폼개발팀,기술본부,2023,2023-10-06,3.5,3.6,2.6,3.7,3.9,3.5,4.7,3.6,팀 분위기가 예전만 못합니다. 리더 신뢰 문제로 인해 리더십 교체 검토 상황입니다.,3.2
TCULTURE00139,EMP060,ORG202,플랫폼개발팀,기술본부,2024,2024-11-26,3.3,3.3,3.5,3.3,2.8,3.2,3.5,3.3,팀 비전이 명확하지 않습니다. 리더의 적극적 소통이 필요합니다.,4.1
TCULTURE00140,EMP061,ORG202,플랫폼개발팀,기술본부,2023,2023-10-18,4.6,4.2,3.1,3.2,3.4,4.4,3.4,3.8,팀 분위기가 예전만 못합니다. 팀 내 갈등로 인해 조직 개편 필요 상황입니다.,2.8
TCULTURE00141,EMP061,ORG202,플랫폼개발팀,기술본부,2024,2024-10-10,3.2,3.9,3.8,3.4,3.8,2.4,3.6,3.4,불공정한 평가됩니다. 팀 문화 개선을 위한 솔직한 대화의 장이 필요해 보입니다.,3.9
TCULTURE00142,EMP062,ORG202,플랫폼개발팀,기술본부,2023,2023-10-25,3.1,3.1,2.6,4.3,3.1,3.6,3.8,3.4,불공정한 평가됩니다. 팀 문화 개선을 위한 솔직한 대화의 장이 필요해 보입니다.,4.3
TCULTURE00143,EMP062,ORG202,플랫폼개발팀,기술본부,2024,2024-11-03,3.4,3.2,3.6,4.1,3.4,3.0,2.7,3.3,업무량이 과도하여 번아웃 우려됩니다. 팀 문화 개선을 위한 HR 개입이 필요해 보입니다.,2.9
TCULTURE00144,EMP063,ORG202,플랫폼개발팀,기술본부,2023,2023-10-05,3.9,3.3,3.2,3.1,3.5,3.4,3.4,3.4,업무량이 과도하여 번아웃 우려됩니다. 팀 문화 개선을 위한 팀 워크샵이 필요해 보입니다.,4.2
TCULTURE00145,EMP063,ORG202,플랫폼개발팀,기술본부,2024,2024-10-15,4.3,2.7,3.7,3.1,3.4,3.7,3.4,3.5,성과 인정이 부족됩니다. 팀 문화 개선을 위한 HR 개입이 필요해 보입니다.,3.6
TCULTURE00146,EMP064,ORG202,플랫폼개발팀,기술본부,2023,2023-11-03,3.8,3.6,3.2,3.2,2.8,3.1,4.5,3.5,팀 분위기가 개선이 시급합니다. 팀 내 갈등로 인해 문화 혁신 시급 상황입니다.,3.1
TCULTURE00147,EMP064,ORG202,플랫폼개발팀,기술본부,2024,2024-11-15,2.9,3.7,3.4,3.4,4.2,3.8,3.2,3.5,의사결정 과정이 불투명합니다. 리더의 적극적 소통이 필요합니다.,3.3
TCULTURE00148,EMP065,ORG202,플랫폼개발팀,기술본부,2023,2023-11-25,3.2,3.9,3.3,2.6,3.5,2.7,4.6,3.4,팀 내 소통이 원활하지 않을 때가 있습니다. 역할과 책임 명확화이 필요합니다.,3.0
TCULTURE00149,EMP065,ORG202,플랫폼개발팀,기술본부,2024,2024-11-22,3.4,3.6,3.4,3.4,3.7,4.3,3.9,3.7,팀 분위기가 개선이 시급합니다. 리더 신뢰 문제로 인해 문화 혁신 시급 상황입니다.,4.2
TCULTURE00150,EMP066,ORG202,플랫폼개발팀,기술본부,2023,2023-10-06,3.0,3.7,3.6,3.7,4.2,3.4,3.3,3.6,업무 분배가 불균형하다고 느낍니다. 정기 팀 미팅 활성화이 필요합니다.,3.8
TCULTURE00151,EMP066,ORG202,플랫폼개발팀,기술본부,2024,2024-10-14,2.6,3.4,3.4,3.0,4.0,3.0,3.4,3.3,팀 내 소통이 원활하지 않을 때가 있습니다. 리더의 적극적 소통이 필요합니다.,3.6
TCULTURE00152,EMP067,ORG202,플랫폼개발팀,기술본부,2023,2023-10-11,4.2,3.5,4.0,3.9,3.6,3.0,2.8,3.6,업무량이 과도하여 번아웃 우려됩니다. 팀 문화 개선을 위한 HR 개입이 필요해 보입니다.,3.6
TCULTURE00153,EMP067,ORG202,플랫폼개발팀,기술본부,2024,2024-11-23,3.2,4.0,3.9,3.4,2.9,3.8,3.0,3.5,팀 내 소통이 원활하지 않을 때가 있습니다. 정기 팀 미팅 활성화이 필요합니다.,3.1
TCULTURE00154,EMP068,ORG202,플랫폼개발팀,기술본부,2023,2023-10-03,3.0,3.4,4.1,3.5,3.3,2.7,3.8,3.4,팀 분위기가 개선이 시급합니다. 핵심 인재 이탈로 인해 조직 개편 필요 상황입니다.,3.1
TCULTURE00155,EMP068,ORG202,플랫폼개발팀,기술본부,2024,2024-11-23,3.6,3.3,3.9,3.4,3.5,3.7,4.6,3.7,팀 분위기가 예전만 못합니다. 핵심 인재 이탈로 인해 문화 혁신 시급 상황입니다.,3.9
TCULTURE00156,EMP069,ORG202,플랫폼개발팀,기술본부,2023,2023-11-10,3.5,3.5,3.2,3.0,3.2,3.1,3.8,3.3,업무량이 과도하여 번아웃 우려됩니다. 팀 문화 개선을 위한 리더십 변화이 필요해 보입니다.,3.0
TCULTURE00157,EMP069,ORG202,플랫폼개발팀,기술본부,2024,2024-10-12,4.2,3.9,3.5,3.5,3.2,3.6,4.0,3.7,불공정한 평가됩니다. 팀 문화 개선을 위한 솔직한 대화의 장이 필요해 보입니다.,3.1
TCULTURE00158,EMP070,ORG202,플랫폼개발팀,기술본부,2023,2023-10-09,2.7,3.9,3.7,2.9,3.1,3.1,3.1,3.2,팀 분위기가 침체되어 있습니다. 핵심 인재 이탈로 인해 조직 개편 필요 상황입니다.,3.3
TCULTURE00159,EMP070,ORG202,플랫폼개발팀,기술본부,2024,2024-11-19,3.4,3.2,3.1,3.4,3.6,3.3,4.1,3.4,팀 분위기가 개선이 시급합니다. 업무 동기 저하로 인해 조직 개편 필요 상황입니다.,3.8
TCULTURE00160,EMP071,ORG202,플랫폼개발팀,기술본부,2023,2023-11-02,2.7,3.8,3.8,3.3,2.8,3.5,3.5,3.3,업무 분배가 불균형하다고 느낍니다. 리더의 적극적 소통이 필요합니다.,2.9
TCULTURE00161,EMP071,ORG202,플랫폼개발팀,기술본부,2024,2024-11-04,2.8,3.5,3.4,3.3,3.5,2.9,3.3,3.2,불공정한 평가됩니다. 팀 문화 개선을 위한 솔직한 대화의 장이 필요해 보입니다.,3.8
TCULTURE00162,EMP072,ORG202,플랫폼개발팀,기술본부,2023,2023-11-23,3.3,2.7,3.3,3.0,3.6,3.7,2.7,3.2,업무 분배가 불균형하다고 느낍니다. 리더의 적극적 소통이 필요합니다.,3.9
TCULTURE00163,EMP072,ORG202,플랫폼개발팀,기술본부,2024,2024-11-22,2.9,4.3,3.5,2.9,2.9,3.7,3.3,3.4,업무 분배가 불균형하다고 느낍니다. 역할과 책임 명확화이 필요합니다.,3.5
TCULTURE00164,EMP073,ORG202,플랫폼개발팀,기술본부,2023,2023-11-14,4.3,3.2,3.5,4.2,3.6,2.7,3.8,3.6,팀 분위기가 점점 악화되는 느낌. 핵심 인재 이탈로 인해 조직 개편 필요 상황입니다.,2.9
TCULTURE00165,EMP073,ORG202,플랫폼개발팀,기술본부,2024,2024-11-02,4.2,3.1,5.0,4.2,3.1,3.5,3.9,3.9,성과 인정이 부족됩니다. 팀 문화 개선을 위한 리더십 변화이 필요해 보입니다.,3.9
TCULTURE00166,EMP074,ORG202,플랫폼개발팀,기술본부,2023,2023-11-16,3.7,4.1,3.4,3.3,3.3,3.9,3.7,3.6,팀 분위기가 예전만 못합니다. 리더 신뢰 문제로 인해 문화 혁신 시급 상황입니다.,3.6
TCULTURE00167,EMP074,ORG202,플랫폼개발팀,기술본부,2024,2024-10-05,3.9,2.5,3.7,3.6,4.3,2.7,4.3,3.6,팀 분위기가 예전만 못합니다. 리더 신뢰 문제로 인해 구성원 의견 청취 상황입니다.,3.5
TCULTURE00168,EMP075,ORG202,플랫폼개발팀,기술본부,2023,2023-11-02,3.7,4.3,3.8,3.7,3.6,3.3,3.5,3.7,성과 인정이 부족됩니다. 팀 문화 개선을 위한 HR 개입이 필요해 보입니다.,3.1
TCULTURE00169,EMP075,ORG202,플랫폼개발팀,기술본부,2024,2024-10-21,3.5,2.3,3.7,3.4,3.3,3.6,2.8,3.2,팀 내 소통이 원활하지 않을 때가 있습니다. 역할과 책임 명확화이 필요합니다.,4.5
TCULTURE00170,EMP076,ORG202,플랫폼개발팀,기술본부,2023,2023-10-26,3.4,3.4,3.0,3.5,4.2,4.0,3.9,3.6,성장 기회가 제한적됩니다. 팀 문화 개선을 위한 리더십 변화이 필요해 보입니다.,3.8
TCULTURE00171,EMP076,ORG202,플랫폼개발팀,기술본부,2024,2024-11-23,3.3,2.8,3.4,3.4,4.0,3.7,4.3,3.6,팀 비전이 명확하지 않습니다. 프로세스 개선이 필요합니다.,4.1
TCULTURE00172,EMP077,ORG202,플랫폼개발팀,기술본부,2023,2023-11-19,3.3,2.6,4.2,4.2,2.8,4.3,3.7,3.6,업무 분배가 불균형하다고 느낍니다. 정기 팀 미팅 활성화이 필요합니다.,3.6
TCULTURE00173,EMP077,ORG202,플랫폼개발팀,기술본부,2024,2024-10-28,4.3,4.2,3.8,3.7,3.8,3.3,3.5,3.8,팀 분위기가 점점 악화되는 느낌. 업무 동기 저하로 인해 리더십 교체 검토 상황입니다.,3.0
TCULTURE00174,EMP078,ORG202,플랫폼개발팀,기술본부,2023,2023-10-14,3.3,3.3,3.2,3.6,3.3,3.8,2.7,3.3,팀 분위기가 침체되어 있습니다. 핵심 인재 이탈로 인해 리더십 교체 검토 상황입니다.,3.4
TCULTURE00175,EMP078,ORG202,플랫폼개발팀,기술본부,2024,2024-10-06,3.6,3.3,3.4,2.7,3.7,3.8,3.7,3.5,팀 분위기가 점점 악화되는 느낌. 팀 내 갈등로 인해 리더십 교체 검토 상황입니다.,4.0
TCULTURE00176,EMP079,ORG203,데이터분석팀,기술본부,2023,2023-11-21,4.6,4.6,4.5,4.7,4.0,4.2,5.0,4.5,우리 팀은 개방적 소통이 매우 잘 형성되어 있습니다. 실패를 두려워하지 않고 도전하는 분위기가 정착되어 있어 오래 함께하고 싶습니다.,3.8
TCULTURE00177,EMP079,ORG203,데이터분석팀,기술본부,2024,2024-10-15,4.5,4.9,4.5,4.4,4.5,4.4,4.5,4.5,우리 팀은 심리적 안전감이 매우 잘 형성되어 있습니다. 실패를 두려워하지 않고 도전하는 분위기가 정착되어 있어 최고의 팀이라 생각합니다.,4.3
TCULTURE00178,EMP080,ORG203,데이터분석팀,기술본부,2023,2023-11-19,4.8,4.9,4.5,4.1,4.3,4.4,4.7,4.5,팀원 모두가 건설적 피드백를 만들어가고 있습니다. 어려운 프로젝트도 함께라면 해낼 수 있다는 믿음입니다.,4.2
TCULTURE00179,EMP080,ORG203,데이터분석팀,기술본부,2024,2024-10-04,4.3,4.7,4.8,4.3,4.1,5.0,4.7,4.6,팀장님이 공정하고 투명하게 의사결정해주십니다. 정기적인 1:1 미팅에서 커리어 고민을 함께 나누고해주셔서 감사합니다.,4.4
TCULTURE00180,EMP081,ORG203,데이터분석팀,기술본부,2023,2023-10-07,4.8,4.5,4.8,4.5,4.5,4.5,4.1,4.5,우리 팀은 협력 문화이 매우 잘 형성되어 있습니다. 자유롭게 의견을 나누며 혁신하는 분위기가 정착되어 있어 최고의 팀이라 생각합니다.,5.0
TCULTURE00181,EMP081,ORG203,데이터분석팀,기술본부,2024,2024-11-10,4.2,4.1,4.4,4.2,4.5,4.7,4.8,4.4,팀장님이 공정하고 투명하게 의사결정해주십니다. 정기적인 1:1 미팅에서 커리어 고민을 함께 나누고해주셔서 감사합니다.,4.7
TCULTURE00182,EMP083,ORG203,데이터분석팀,기술본부,2024,2024-11-14,4.4,4.5,4.6,4.0,4.7,4.1,5.0,4.5,팀장님이 권한을 적절히 위임하고 신뢰해주십니다. 정기적인 1:1 미팅에서 커리어 고민을 함께 나누고해주셔서 감사합니다.,4.4
TCULTURE00183,EMP084,ORG203,데이터분석팀,기술본부,2023,2023-11-06,4.4,4.3,4.3,5.0,4.8,4.0,5.0,4.5,팀장님이 권한을 적절히 위임하고 신뢰해주십니다. 정기적인 1:1 미팅에서 커리어 고민을 함께 나누고해주셔서 감사합니다.,4.9
TCULTURE00184,EMP084,ORG203,데이터분석팀,기술본부,2024,2024-10-03,4.4,4.6,4.5,5.0,4.3,4.5,4.4,4.5,팀원 모두가 긍정적 에너지를 만들어가고 있습니다. 어려운 프로젝트도 함께라면 해낼 수 있다는 믿음입니다.,4.1
TCULTURE00185,EMP085,ORG203,데이터분석팀,기술본부,2023,2023-10-25,5.0,4.1,4.6,4.0,4.4,4.6,4.3,4.4,우리 팀은 개방적 소통이 매우 잘 형성되어 있습니다. 실패를 두려워하지 않고 도전하는 분위기가 정착되어 있어 팀에 대한 자부심이 큽니다.,4.7
TCULTURE00186,EMP085,ORG203,데이터분석팀,기술본부,2024,2024-11-27,4.4,4.8,4.9,4.3,4.5,4.6,4.7,4.6,팀원 모두가 서로 돕는 문화를 만들어가고 있습니다. 어려운 프로젝트도 함께라면 해낼 수 있다는 믿음입니다.,4.5
TCULTURE00187,EMP086,ORG203,데이터분석팀,기술본부,2023,2023-10-16,4.6,4.4,4.5,4.9,4.7,4.7,4.7,4.6,우리 팀은 심리적 안전감이 매우 잘 형성되어 있습니다. 함께 문제를 해결하는 분위기가 정착되어 있어 업무 만족도가 높습니다.,4.5
TCULTURE00188,EMP086,ORG203,데이터분석팀,기술본부,2024,2024-10-23,4.6,4.2,4.9,3.7,4.5,4.8,4.1,4.4,우리 팀은 상호 신뢰이 매우 잘 형성되어 있습니다. 서로 존중하며 성장하는 분위기가 정착되어 있어 업무 만족도가 높습니다.,4.6
TCULTURE00189,EMP087,ORG203,데이터분석팀,기술본부,2023,2023-10-20,4.3,4.4,4.8,4.6,3.9,4.2,4.8,4.4,팀장님이 개개인의 강점을 살려 활용해주십니다. 실패해도 배움의 기회로 삼으며해주셔서 감사합니다.,4.6
TCULTURE00190,EMP087,ORG203,데이터분석팀,기술본부,2024,2024-10-23,5.0,5.0,4.4,5.0,4.5,4.2,4.3,4.6,우리 팀은 협력 문화이 매우 잘 형성되어 있습니다. 자유롭게 의견을 나누며 혁신하는 분위기가 정착되어 있어 오래 함께하고 싶습니다.,3.8
TCULTURE00191,EMP088,ORG203,데이터분석팀,기술본부,2023,2023-10-08,5.0,5.0,4.2,4.4,4.5,4.2,4.0,4.5,팀원 모두가 건설적 피드백를 만들어가고 있습니다. 이 팀에서 최고의 경험입니다.,4.4
TCULTURE00192,EMP088,ORG203,데이터분석팀,기술본부,2024,2024-10-18,4.4,4.4,4.6,4.9,4.4,4.6,4.7,4.6,우리 팀은 심리적 안전감이 매우 잘 형성되어 있습니다. 서로 존중하며 성장하는 분위기가 정착되어 있어 최고의 팀이라 생각합니다.,4.7
TCULTURE00193,EMP089,ORG203,데이터분석팀,기술본부,2023,2023-10-09,4.3,4.5,4.7,4.2,4.9,4.9,4.3,4.5,팀원 모두가 지식 공유를 만들어가고 있습니다. 동료들과 함께 성장하는 느낌입니다.,4.6
TCULTURE00194,EMP089,ORG203,데이터분석팀,기술본부,2024,2024-10-16,4.7,4.3,4.6,4.5,4.1,4.6,4.2,4.4,우리 팀은 상호 신뢰이 매우 잘 형성되어 있습니다. 실패를 두려워하지 않고 도전하는 분위기가 정착되어 있어 팀에 대한 자부심이 큽니다.,4.8
TCULTURE00195,EMP090,ORG203,데이터분석팀,기술본부,2023,2023-10-11,4.3,4.5,4.9,4.6,4.2,4.2,4.3,4.4,팀원 모두가 긍정적 에너지를 만들어가고 있습니다. 타 부서 동료들이 부러워하는 팀입니다.,4.6
TCULTURE00196,EMP090,ORG203,데이터분석팀,기술본부,2024,2024-11-13,4.6,4.2,4.1,4.6,4.4,5.0,4.5,4.5,우리 팀은 개방적 소통이 매우 잘 형성되어 있습니다. 함께 문제를 해결하는 분위기가 정착되어 있어 팀에 대한 자부심이 큽니다.,5.0
TCULTURE00197,EMP091,ORG203,데이터분석팀,기술본부,2023,2023-11-03,4.1,4.0,4.2,4.9,5.0,4.3,4.4,4.4,팀장님이 개개인의 강점을 살려 활용해주십니다. 성과는 공정하게 인정하고해주셔서 감사합니다.,4.1
TCULTURE00198,EMP091,ORG203,데이터분석팀,기술본부,2024,2024-10-21,4.0,4.7,4.6,4.5,4.1,5.0,4.3,4.5,팀원 모두가 서로 돕는 문화를 만들어가고 있습니다. 어려운 프로젝트도 함께라면 해낼 수 있다는 믿음입니다.,4.7
TCULTURE00199,EMP094,ORG203,데이터분석팀,기술본부,2023,2023-11-28,4.1,4.4,4.6,4.6,4.5,4.6,4.2,4.4,팀장님이 개개인의 강점을 살려 활용해주십니다. 정기적인 1:1 미팅에서 커리어 고민을 함께 나누고해주셔서 감사합니다.,4.6
TCULTURE00200,EMP094,ORG203,데이터분석팀,기술본부,2024,2024-10-22,4.5,4.6,4.5,4.1,4.1,3.8,4.7,4.3,팀장님이 개개인의 강점을 살려 활용해주십니다. 개인 사정도 배려해주셔서 감사합니다.,4.7
TCULTURE00201,EMP095,ORG203,데이터분석팀,기술본부,2023,2023-11-04,4.8,4.6,3.9,4.2,4.6,4.5,4.4,4.4,팀원 모두가 서로 돕는 문화를 만들어가고 있습니다. 어려운 프로젝트도 함께라면 해낼 수 있다는 믿음입니다.,4.6
TCULTURE00202,EMP095,ORG203,데이터분석팀,기술본부,2024,2024-10-19,4.5,4.5,4.3,4.8,4.4,4.1,4.3,4.4,우리 팀은 개방적 소통이 매우 잘 형성되어 있습니다. 자유롭게 의견을 나누며 혁신하는 분위기가 정착되어 있어 오래 함께하고 싶습니다.,4.4
TCULTURE00203,EMP096,ORG203,데이터분석팀,기술본부,2023,2023-11-26,4.8,4.5,4.4,4.1,4.7,4.3,4.5,4.5,팀장님이 공정하고 투명하게 의사결정해주십니다. 성과는 공정하게 인정하고해주셔서 감사합니다.,4.9
TCULTURE00204,EMP096,ORG203,데이터분석팀,기술본부,2024,2024-11-14,4.7,4.0,4.0,4.5,4.1,4.7,4.5,4.4,팀원 모두가 지식 공유를 만들어가고 있습니다. 동료들과 함께 성장하는 느낌입니다.,4.5
TCULTURE00205,EMP097,ORG203,데이터분석팀,기술본부,2023,2023-11-25,4.3,5.0,5.0,4.4,4.6,4.5,4.4,4.6,팀원 모두가 건설적 피드백를 만들어가고 있습니다. 이 팀에서 최고의 경험입니다.,4.3
TCULTURE00206,EMP097,ORG203,데이터분석팀,기술본부,2024,2024-10-15,4.2,4.2,4.6,4.3,3.7,4.6,4.5,4.3,팀장님이 개개인의 강점을 살려 활용해주십니다. 개인 사정도 배려해주셔서 감사합니다.,4.9
TCULTURE00207,EMP100,ORG203,데이터분석팀,기술본부,2023,2023-10-07,4.6,4.1,3.8,4.3,4.3,4.8,4.5,4.3,팀원 모두가 건설적 피드백를 만들어가고 있습니다. 동료들과 함께 성장하는 느낌입니다.,4.8
TCULTURE00208,EMP100,ORG203,데이터분석팀,기술본부,2024,2024-10-03,4.1,4.8,4.7,3.9,4.9,4.5,4.6,4.5,우리 팀은 개방적 소통이 매우 잘 형성되어 있습니다. 자유롭게 의견을 나누며 혁신하는 분위기가 정착되어 있어 팀에 대한 자부심이 큽니다.,4.2
TCULTURE00209,EMP101,ORG203,데이터분석팀,기술본부,2023,2023-10-11,4.9,4.1,4.7,4.7,4.2,5.0,4.6,4.6,팀장님이 개개인의 강점을 살려 활용해주십니다. 개인 사정도 배려해주셔서 감사합니다.,4.7
TCULTURE00210,EMP101,ORG203,데이터분석팀,기술본부,2024,2024-11-20,4.0,5.0,4.1,4.8,4.2,4.3,4.7,4.4,팀원 모두가 긍정적 에너지를 만들어가고 있습니다. 이 팀에서 최고의 경험입니다.,4.8
TCULTURE00211,EMP102,ORG204,IT기획팀,기술본부,2023,2023-10-05,1.7,3.2,3.1,1.9,3.5,1.6,2.1,2.4,팀 문화가 심각한 수준입니다. 리더가 일방적으로 지시만 하고 피드백 무시가 만연합니다. 이직 준비 중.,2.8
TCULTURE00212,EMP102,ORG204,IT기획팀,기술본부,2024,2024-10-28,2.0,2.7,2.6,2.4,3.0,2.4,2.6,2.5,팀 문화가 심각한 수준입니다. 불공정한 평가와 편애가 만연합니다. HR 면담 요청 예정.,3.2
TCULTURE00213,EMP103,ORG204,IT기획팀,기술본부,2023,2023-11-26,3.0,3.0,1.8,2.8,2.0,1.7,2.5,2.4,팀장의 역량 부족으로 팀 전체가 불신 상태입니다. 집단 민원 검토. 시급한 조치 필요.,2.0
TCULTURE00214,EMP103,ORG204,IT기획팀,기술본부,2024,2024-11-11,3.0,3.0,1.4,2.0,1.6,2.2,2.8,2.3,팀장의 구시대적 관리 방식으로 팀 전체가 불신 상태입니다. 집단 민원 검토. 시급한 조치 필요.,2.4
TCULTURE00215,EMP104,ORG204,IT기획팀,기술본부,2023,2023-10-08,2.1,3.3,1.1,3.2,2.2,2.5,2.2,2.4,팀장의 역량 부족으로 팀 전체가 번아웃 상태입니다. 다수 팀원이 이직 준비. 시급한 조치 필요.,3.4
TCULTURE00216,EMP104,ORG204,IT기획팀,기술본부,2024,2024-11-16,1.8,2.5,2.8,1.5,1.9,2.4,2.0,2.1,팀 문화가 심각한 수준입니다. 불공정한 평가와 편애가 만연합니다. 더 이상 견디기 어려움.,2.0
TCULTURE00217,EMP105,ORG204,IT기획팀,기술본부,2023,2023-11-16,2.3,2.9,2.3,3.1,1.9,1.7,3.7,2.6,심리적 안전감 전무합니다. 이런 환경에서는 창의성 발휘 어려움. 근본적 변화 필요.,2.1
TCULTURE00218,EMP105,ORG204,IT기획팀,기술본부,2024,2024-11-24,1.7,1.5,3.1,2.3,2.3,2.4,3.1,2.3,과도한 야근과 보상 불공정로 조직 신뢰 붕괴 상황. 즉각적인 개입 요청합니다.,2.4
TCULTURE00219,EMP106,ORG204,IT기획팀,기술본부,2023,2023-10-12,3.9,2.6,3.1,3.0,2.5,2.1,2.7,2.8,팀 문화가 심각한 수준입니다. 리더가 일방적으로 지시만 하고 피드백 무시가 만연합니다. 조직 개편 없으면 퇴사 고려.,2.8
TCULTURE00220,EMP106,ORG204,IT기획팀,기술본부,2024,2024-10-23,2.2,2.6,3.2,3.7,3.0,3.6,2.1,2.9,팀 문화가 심각한 수준입니다. 불공정한 평가와 편애가 만연합니다. 조직 개편 없으면 퇴사 고려.,2.9
TCULTURE00221,EMP107,ORG204,IT기획팀,기술본부,2023,2023-10-12,3.3,2.0,2.2,3.5,1.9,1.7,3.4,2.6,팀장의 구시대적 관리 방식으로 팀 전체가 번아웃 상태입니다. 다수 팀원이 이직 준비. 시급한 조치 필요.,3.2
TCULTURE00222,EMP107,ORG204,IT기획팀,기술본부,2024,2024-10-08,2.8,2.5,2.2,2.7,3.4,2.6,3.8,2.9,팀장의 편파적 태도으로 팀 전체가 불신 상태입니다. 집단 민원 검토. 시급한 조치 필요.,2.0
TCULTURE00223,EMP108,ORG204,IT기획팀,기술본부,2023,2023-11-16,2.5,2.3,1.8,2.4,2.8,2.8,3.8,2.6,과도한 업무량과 경력 개발 기회 차단로 프로젝트 실패 반복 상황. 즉각적인 개입 요청합니다.,2.8
TCULTURE00224,EMP108,ORG204,IT기획팀,기술본부,2024,2024-11-24,3.2,2.5,3.5,3.9,2.8,1.9,2.2,2.9,과도한 불필요한 회의과 경력 개발 기회 차단로 조직 신뢰 붕괴 상황. 즉각적인 개입 요청합니다.,2.7
TCULTURE00225,EMP109,ORG204,IT기획팀,기술본부,2023,2023-11-14,2.8,2.9,2.8,2.5,2.1,2.7,3.6,2.8,과도한 업무량과 성과 무시로 조직 신뢰 붕괴 상황. 즉각적인 개입 요청합니다.,3.1
TCULTURE00226,EMP109,ORG204,IT기획팀,기술본부,2024,2024-10-26,2.8,3.1,2.3,2.2,2.1,2.4,2.2,2.4,과도한 야근과 성과 무시로 팀 사기 최저 상황. 즉각적인 개입 요청합니다.,3.2
TCULTURE00227,EMP110,ORG204,IT기획팀,기술본부,2024,2024-11-24,2.2,2.0,3.7,2.2,2.6,2.8,1.8,2.5,과도한 불필요한 회의과 보상 불공정로 팀 사기 최저 상황. 즉각적인 개입 요청합니다.,3.2
TCULTURE00228,EMP111,ORG204,IT기획팀,기술본부,2023,2023-11-26,2.9,3.4,2.1,2.6,2.5,2.7,1.6,2.5,팀 문화가 심각한 수준입니다. 팀원 간 경쟁만 부추기고 협업 없음가 만연합니다. 조직 개편 없으면 퇴사 고려.,2.6
TCULTURE00229,EMP111,ORG204,IT기획팀,기술본부,2024,2024-11-12,1.6,2.7,1.2,1.4,3.0,2.2,1.9,2.0,팀 문화가 심각한 수준입니다. 불공정한 평가와 편애가 만연합니다. 더 이상 견디기 어려움.,3.3
TCULTURE00230,EMP112,ORG204,IT기획팀,기술본부,2023,2023-11-25,2.7,3.0,2.4,4.1,2.1,3.5,2.5,2.9,"성과는 리더 공, 실패는 팀원 책임합니다. 이런 환경에서는 장기 근무 의사 없음. 근본적 변화 필요.",1.5
TCULTURE00231,EMP112,ORG204,IT기획팀,기술본부,2024,2024-11-01,2.8,2.7,1.9,1.9,2.5,2.7,1.0,2.2,과도한 주말 근무과 경력 개발 기회 차단로 프로젝트 실패 반복 상황. 즉각적인 개입 요청합니다.,3.1
TCULTURE00232,EMP113,ORG204,IT기획팀,기술본부,2023,2023-11-01,2.2,1.7,3.1,2.5,3.2,2.8,2.5,2.6,의견 제시하면 무시당함합니다. 이런 환경에서는 창의성 발휘 어려움. 근본적 변화 필요.,2.4
TCULTURE00233,EMP113,ORG204,IT기획팀,기술본부,2024,2024-10-20,2.8,2.3,2.0,2.9,2.4,2.5,3.2,2.6,팀장의 구시대적 관리 방식으로 팀 전체가 불신 상태입니다. 다수 팀원이 이직 준비. 시급한 조치 필요.,2.4
TCULTURE00234,EMP114,ORG204,IT기획팀,기술본부,2023,2023-11-04,2.5,2.1,2.8,2.7,3.0,2.2,2.2,2.5,과도한 주말 근무과 보상 불공정로 프로젝트 실패 반복 상황. 즉각적인 개입 요청합니다.,3.0
TCULTURE00235,EMP114,ORG204,IT기획팀,기술본부,2024,2024-11-10,2.7,2.0,3.3,1.5,3.0,1.7,3.6,2.5,과도한 야근과 소통 단절로 우수 인재 대거 이탈 상황. 즉각적인 개입 요청합니다.,1.6
TCULTURE00236,EMP115,ORG204,IT기획팀,기술본부,2023,2023-10-26,3.2,2.5,2.3,2.6,2.9,2.0,2.0,2.5,팀장의 편파적 태도으로 팀 전체가 분열 상태입니다. 집단 민원 검토. 시급한 조치 필요.,2.9
TCULTURE00237,EMP115,ORG204,IT기획팀,기술본부,2024,2024-11-16,1.5,2.1,4.3,1.9,3.2,2.1,2.8,2.6,과도한 불필요한 회의과 성과 무시로 프로젝트 실패 반복 상황. 즉각적인 개입 요청합니다.,2.9
TCULTURE00238,EMP116,ORG204,IT기획팀,기술본부,2023,2023-10-10,3.2,2.4,3.7,2.1,2.6,2.6,1.8,2.6,팀 문화가 심각한 수준입니다. 불공정한 평가와 편애가 만연합니다. 조직 개편 없으면 퇴사 고려.,2.3
TCULTURE00239,EMP116,ORG204,IT기획팀,기술본부,2024,2024-11-16,2.6,2.2,4.0,2.0,3.2,3.0,2.5,2.8,팀 문화가 심각한 수준입니다. 불공정한 평가와 편애가 만연합니다. 더 이상 견디기 어려움.,2.0
TCULTURE00240,EMP117,ORG204,IT기획팀,기술본부,2023,2023-11-23,2.0,2.2,1.4,1.9,1.6,3.3,2.9,2.2,의견 제시하면 무시당함합니다. 이런 환경에서는 장기 근무 의사 없음. 근본적 변화 필요.,3.0
TCULTURE00241,EMP117,ORG204,IT기획팀,기술본부,2024,2024-10-09,2.9,2.6,3.4,2.1,2.6,2.9,1.7,2.6,과도한 주말 근무과 보상 불공정로 팀 사기 최저 상황. 즉각적인 개입 요청합니다.,4.4
TCULTURE00242,EMP119,ORG204,IT기획팀,기술본부,2023,2023-10-27,2.5,2.6,3.3,3.0,2.5,2.6,1.6,2.6,팀장의 역량 부족으로 팀 전체가 분열 상태입니다. 팀 재편 논의 중. 시급한 조치 필요.,2.2
TCULTURE00243,EMP119,ORG204,IT기획팀,기술본부,2024,2024-10-11,2.8,2.8,3.2,2.4,1.7,3.1,3.4,2.8,과도한 야근과 소통 단절로 우수 인재 대거 이탈 상황. 즉각적인 개입 요청합니다.,3.0
TCULTURE00244,EMP120,ORG204,IT기획팀,기술본부,2023,2023-10-09,2.4,3.1,4.6,2.6,1.7,2.1,2.9,2.8,팀장의 역량 부족으로 팀 전체가 불신 상태입니다. 팀 재편 논의 중. 시급한 조치 필요.,1.5
TCULTURE00245,EMP120,ORG204,IT기획팀,기술본부,2024,2024-11-04,2.6,2.7,3.4,3.3,3.0,1.2,3.1,2.8,심리적 안전감 전무합니다. 이런 환경에서는 팀 애정 사라짐. 근본적 변화 필요.,2.9
TCULTURE00246,EMP121,ORG205,UI/UX디자인팀,기술본부,2023,2023-10-04,2.7,1.5,2.0,1.8,1.3,2.5,2.0,2.0,의견 제시하면 무시당함합니다. 이런 환경에서는 장기 근무 의사 없음. 근본적 변화 필요.,4.1
TCULTURE00247,EMP121,ORG205,UI/UX디자인팀,기술본부,2024,2024-11-24,2.4,3.3,1.6,2.2,2.6,2.0,2.2,2.3,팀장의 소통 부재으로 팀 전체가 분열 상태입니다. 본부장 면담 요청. 시급한 조치 필요.,2.4
TCULTURE00248,EMP123,ORG205,UI/UX디자인팀,기술본부,2023,2023-10-10,2.4,3.6,2.7,2.8,2.8,2.9,2.5,2.8,의견 제시하면 무시당함합니다. 이런 환경에서는 성장 불가능. 근본적 변화 필요.,2.3
TCULTURE00249,EMP123,ORG205,UI/UX디자인팀,기술본부,2024,2024-10-11,2.6,3.2,3.2,2.4,3.0,2.4,2.5,2.8,팀장의 구시대적 관리 방식으로 팀 전체가 불신 상태입니다. 집단 민원 검토. 시급한 조치 필요.,2.2
TCULTURE00250,EMP124,ORG205,UI/UX디자인팀,기술본부,2023,2023-10-12,2.4,3.3,2.6,2.6,1.6,2.3,2.4,2.5,팀장의 소통 부재으로 팀 전체가 번아웃 상태입니다. 다수 팀원이 이직 준비. 시급한 조치 필요.,2.0
TCULTURE00251,EMP124,ORG205,UI/UX디자인팀,기술본부,2024,2024-10-19,2.5,2.2,2.5,2.6,1.9,2.3,2.5,2.4,팀 문화가 심각한 수준입니다. 야근이 강요되며 휴가 사용 눈치가 만연합니다. 조직 개편 없으면 퇴사 고려.,3.2
TCULTURE00252,EMP125,ORG205,UI/UX디자인팀,기술본부,2023,2023-10-01,2.7,2.1,2.7,3.5,3.1,2.8,2.9,2.8,과도한 업무량과 경력 개발 기회 차단로 팀 사기 최저 상황. 즉각적인 개입 요청합니다.,3.4
TCULTURE00253,EMP125,ORG205,UI/UX디자인팀,기술본부,2024,2024-11-20,3.1,2.8,3.1,1.9,1.6,2.6,2.5,2.5,팀장의 역량 부족으로 팀 전체가 불신 상태입니다. 팀 재편 논의 중. 시급한 조치 필요.,2.2
TCULTURE00254,EMP126,ORG205,UI/UX디자인팀,기술본부,2023,2023-10-07,3.0,1.4,2.2,2.2,1.5,3.4,1.7,2.2,의견 제시하면 무시당함합니다. 이런 환경에서는 장기 근무 의사 없음. 근본적 변화 필요.,2.1
TCULTURE00255,EMP126,ORG205,UI/UX디자인팀,기술본부,2024,2024-10-19,3.0,2.9,1.8,2.9,2.7,3.9,2.7,2.8,팀 문화가 심각한 수준입니다. 불공정한 평가와 편애가 만연합니다. 이직 준비 중.,2.4
TCULTURE00256,EMP127,ORG205,UI/UX디자인팀,기술본부,2024,2024-11-24,2.0,2.1,2.0,3.3,2.5,2.8,3.4,2.6,팀 문화가 심각한 수준입니다. 불공정한 평가와 편애가 만연합니다. 조직 개편 없으면 퇴사 고려.,1.1
TCULTURE00257,EMP128,ORG205,UI/UX디자인팀,기술본부,2023,2023-10-24,3.3,2.5,2.8,2.0,2.0,2.8,3.9,2.8,팀 문화가 심각한 수준입니다. 팀원 간 경쟁만 부추기고 협업 없음가 만연합니다. HR 면담 요청 예정.,3.1
TCULTURE00258,EMP128,ORG205,UI/UX디자인팀,기술본부,2024,2024-10-03,3.3,2.4,2.1,2.0,2.2,1.3,2.1,2.2,팀장의 편파적 태도으로 팀 전체가 분열 상태입니다. 본부장 면담 요청. 시급한 조치 필요.,2.2
TCULTURE00259,EMP129,ORG205,UI/UX디자인팀,기술본부,2023,2023-11-21,2.4,2.6,2.7,2.5,2.2,1.3,2.2,2.3,과도한 업무량과 성과 무시로 조직 신뢰 붕괴 상황. 즉각적인 개입 요청합니다.,1.9
TCULTURE00260,EMP129,ORG205,UI/UX디자인팀,기술본부,2024,2024-10-11,2.8,3.0,3.1,3.0,2.4,2.2,2.1,2.7,팀장의 구시대적 관리 방식으로 팀 전체가 좌절 상태입니다. 집단 민원 검토. 시급한 조치 필요.,1.6
TCULTURE00261,EMP130,ORG205,UI/UX디자인팀,기술본부,2023,2023-11-10,3.1,2.4,1.8,2.0,2.0,2.5,3.1,2.4,팀 문화가 심각한 수준입니다. 리더가 일방적으로 지시만 하고 피드백 무시가 만연합니다. HR 면담 요청 예정.,2.3
TCULTURE00262,EMP130,ORG205,UI/UX디자인팀,기술본부,2024,2024-11-20,1.1,2.4,2.4,2.4,2.1,2.6,2.5,2.2,"성과는 리더 공, 실패는 팀원 책임합니다. 이런 환경에서는 창의성 발휘 어려움. 근본적 변화 필요.",2.5
TCULTURE00263,EMP131,ORG205,UI/UX디자인팀,기술본부,2023,2023-10-26,2.7,2.2,2.2,3.3,2.8,3.0,3.2,2.8,실수하면 공개적으로 질책합니다. 이런 환경에서는 성장 불가능. 근본적 변화 필요.,2.8
TCULTURE00264,EMP131,ORG205,UI/UX디자인팀,기술본부,2024,2024-11-11,3.1,1.6,2.6,2.4,3.5,3.1,2.1,2.6,과도한 불필요한 회의과 소통 단절로 프로젝트 실패 반복 상황. 즉각적인 개입 요청합니다.,2.7
TCULTURE00265,EMP133,ORG205,UI/UX디자인팀,기술본부,2023,2023-10-01,2.6,2.8,1.9,2.7,2.4,2.7,2.1,2.5,"성과는 리더 공, 실패는 팀원 책임합니다. 이런 환경에서는 팀 애정 사라짐. 근본적 변화 필요.",2.1
TCULTURE00266,EMP133,ORG205,UI/UX디자인팀,기술본부,2024,2024-10-11,3.2,1.9,1.9,2.5,2.0,2.0,2.6,2.3,과도한 주말 근무과 경력 개발 기회 차단로 프로젝트 실패 반복 상황. 즉각적인 개입 요청합니다.,1.6
TCULTURE00267,EMP134,ORG205,UI/UX디자인팀,기술본부,2024,2024-10-17,1.9,3.7,2.8,2.1,2.8,2.8,3.1,2.7,팀 문화가 심각한 수준입니다. 팀원 간 경쟁만 부추기고 협업 없음가 만연합니다. 이직 준비 중.,2.4
TCULTURE00268,EMP135,ORG205,UI/UX디자인팀,기술본부,2023,2023-10-12,3.1,1.3,1.9,2.6,2.7,2.0,2.7,2.3,팀장의 역량 부족으로 팀 전체가 불신 상태입니다. 집단 민원 검토. 시급한 조치 필요.,2.1
TCULTURE00269,EMP135,ORG205,UI/UX디자인팀,기술본부,2024,2024-11-18,2.3,3.1,3.0,1.9,1.9,2.3,2.5,2.4,팀 문화가 심각한 수준입니다. 팀원 간 경쟁만 부추기고 협업 없음가 만연합니다. 조직 개편 없으면 퇴사 고려.,2.1
TCULTURE00270,EMP136,ORG206,QA팀,기술본부,2024,2024-10-07,3.1,2.7,2.7,1.7,3.2,1.0,3.0,2.5,의견 제시하면 무시당함합니다. 이런 환경에서는 성장 불가능. 근본적 변화 필요.,3.1
TCULTURE00271,EMP137,ORG206,QA팀,기술본부,2023,2023-11-19,2.2,3.3,2.5,2.5,2.7,4.4,3.3,3.0,팀 문화가 심각한 수준입니다. 야근이 강요되며 휴가 사용 눈치가 만연합니다. 더 이상 견디기 어려움.,2.9
TCULTURE00272,EMP137,ORG206,QA팀,기술본부,2024,2024-10-17,2.0,2.6,2.0,3.0,2.6,1.8,2.5,2.4,팀 문화가 심각한 수준입니다. 불공정한 평가와 편애가 만연합니다. HR 면담 요청 예정.,2.0
TCULTURE00273,EMP138,ORG206,QA팀,기술본부,2023,2023-10-21,2.6,2.0,2.5,3.0,2.5,2.3,2.6,2.5,팀장의 구시대적 관리 방식으로 팀 전체가 번아웃 상태입니다. 다수 팀원이 이직 준비. 시급한 조치 필요.,2.9
TCULTURE00274,EMP138,ORG206,QA팀,기술본부,2024,2024-10-20,1.8,2.7,3.3,2.8,2.5,2.9,2.8,2.7,팀장의 구시대적 관리 방식으로 팀 전체가 좌절 상태입니다. 집단 민원 검토. 시급한 조치 필요.,3.0
TCULTURE00275,EMP139,ORG206,QA팀,기술본부,2023,2023-11-07,1.3,1.6,3.1,1.6,2.7,2.3,1.9,2.1,"성과는 리더 공, 실패는 팀원 책임합니다. 이런 환경에서는 장기 근무 의사 없음. 근본적 변화 필요.",2.7
TCULTURE00276,EMP139,ORG206,QA팀,기술본부,2024,2024-10-26,2.6,3.8,2.1,3.4,2.7,2.1,3.0,2.8,실수하면 공개적으로 질책합니다. 이런 환경에서는 팀 애정 사라짐. 근본적 변화 필요.,2.8
TCULTURE00277,EMP140,ORG206,QA팀,기술본부,2024,2024-11-17,2.5,2.7,2.1,2.0,3.0,2.4,2.5,2.5,과도한 업무량과 경력 개발 기회 차단로 우수 인재 대거 이탈 상황. 즉각적인 개입 요청합니다.,2.7
TCULTURE00278,EMP141,ORG206,QA팀,기술본부,2023,2023-11-03,2.7,1.6,3.3,2.6,2.4,2.8,2.6,2.6,팀장의 편파적 태도으로 팀 전체가 좌절 상태입니다. 다수 팀원이 이직 준비. 시급한 조치 필요.,3.0
TCULTURE00279,EMP141,ORG206,QA팀,기술본부,2024,2024-10-06,2.8,2.9,3.3,3.0,2.4,1.8,3.5,2.8,의견 제시하면 무시당함합니다. 이런 환경에서는 팀 애정 사라짐. 근본적 변화 필요.,2.4
TCULTURE00280,EMP142,ORG206,QA팀,기술본부,2023,2023-10-03,2.2,1.5,2.7,2.6,1.6,2.8,2.2,2.2,팀장의 역량 부족으로 팀 전체가 번아웃 상태입니다. 집단 민원 검토. 시급한 조치 필요.,4.1
TCULTURE00281,EMP142,ORG206,QA팀,기술본부,2024,2024-11-17,2.2,2.2,2.0,3.3,2.3,2.1,2.9,2.4,과도한 주말 근무과 성과 무시로 팀 사기 최저 상황. 즉각적인 개입 요청합니다.,1.7
TCULTURE00282,EMP143,ORG206,QA팀,기술본부,2023,2023-10-16,2.9,3.6,2.8,2.9,3.0,3.5,3.2,3.1,팀 문화가 심각한 수준입니다. 불공정한 평가와 편애가 만연합니다. 조직 개편 없으면 퇴사 고려.,2.8
TCULTURE00283,EMP143,ORG206,QA팀,기술본부,2024,2024-11-01,3.0,2.0,3.0,1.9,2.3,1.0,2.7,2.3,심리적 안전감 전무합니다. 이런 환경에서는 창의성 발휘 어려움. 근본적 변화 필요.,2.1
TCULTURE00284,EMP144,ORG206,QA팀,기술본부,2023,2023-11-04,3.2,2.7,3.2,1.8,3.1,3.8,3.0,3.0,팀장의 구시대적 관리 방식으로 팀 전체가 분열 상태입니다. 팀 재편 논의 중. 시급한 조치 필요.,3.0
TCULTURE00285,EMP144,ORG206,QA팀,기술본부,2024,2024-10-14,2.6,2.2,3.0,1.6,2.2,1.4,2.1,2.2,팀장의 역량 부족으로 팀 전체가 불신 상태입니다. 본부장 면담 요청. 시급한 조치 필요.,2.9
TCULTURE00286,EMP145,ORG206,QA팀,기술본부,2023,2023-11-23,2.8,2.5,2.6,1.4,2.3,2.1,2.1,2.3,팀 문화가 심각한 수준입니다. 불공정한 평가와 편애가 만연합니다. 조직 개편 없으면 퇴사 고려.,2.9
TCULTURE00287,EMP145,ORG206,QA팀,기술본부,2024,2024-10-22,2.0,2.1,1.2,2.3,1.8,2.5,1.9,2.0,팀장의 구시대적 관리 방식으로 팀 전체가 분열 상태입니다. 본부장 면담 요청. 시급한 조치 필요.,2.6
TCULTURE00288,EMP146,ORG206,QA팀,기술본부,2023,2023-11-08,2.4,3.5,2.8,1.4,1.7,2.5,1.9,2.3,팀 문화가 심각한 수준입니다. 팀원 간 경쟁만 부추기고 협업 없음가 만연합니다. 조직 개편 없으면 퇴사 고려.,1.0
TCULTURE00289,EMP146,ORG206,QA팀,기술본부,2024,2024-11-28,3.3,2.9,2.8,2.1,2.8,2.1,2.6,2.7,과도한 불필요한 회의과 경력 개발 기회 차단로 팀 사기 최저 상황. 즉각적인 개입 요청합니다.,1.9
TCULTURE00290,EMP147,ORG206,QA팀,기술본부,2023,2023-10-05,3.4,1.6,3.2,2.5,2.2,2.6,2.9,2.6,팀장의 역량 부족으로 팀 전체가 번아웃 상태입니다. 본부장 면담 요청. 시급한 조치 필요.,3.3
TCULTURE00291,EMP147,ORG206,QA팀,기술본부,2024,2024-10-04,2.7,2.0,2.5,3.6,3.3,3.0,3.0,2.9,"성과는 리더 공, 실패는 팀원 책임합니다. 이런 환경에서는 창의성 발휘 어려움. 근본적 변화 필요.",2.9
TCULTURE00292,EMP148,ORG206,QA팀,기술본부,2023,2023-10-12,3.2,2.2,1.7,2.5,2.0,1.9,2.1,2.2,의견 제시하면 무시당함합니다. 이런 환경에서는 창의성 발휘 어려움. 근본적 변화 필요.,4.0
TCULTURE00293,EMP148,ORG206,QA팀,기술본부,2024,2024-11-20,2.6,2.7,1.8,1.4,2.0,3.4,2.7,2.4,과도한 야근과 보상 불공정로 프로젝트 실패 반복 상황. 즉각적인 개입 요청합니다.,2.9
TCULTURE00294,EMP149,ORG206,QA팀,기술본부,2023,2023-11-19,2.9,2.1,3.3,2.1,3.3,2.8,1.4,2.6,과도한 야근과 경력 개발 기회 차단로 팀 사기 최저 상황. 즉각적인 개입 요청합니다.,2.1
TCULTURE00295,EMP149,ORG206,QA팀,기술본부,2024,2024-10-13,1.4,3.2,2.5,1.2,2.7,2.2,1.6,2.1,의견 제시하면 무시당함합니다. 이런 환경에서는 성장 불가능. 근본적 변화 필요.,3.5
TCULTURE00296,EMP150,ORG206,QA팀,기술본부,2023,2023-10-05,2.6,2.3,2.3,1.6,1.7,3.3,2.2,2.3,의견 제시하면 무시당함합니다. 이런 환경에서는 창의성 발휘 어려움. 근본적 변화 필요.,2.5
TCULTURE00297,EMP150,ORG206,QA팀,기술본부,2024,2024-10-19,1.3,1.7,2.9,2.7,3.6,3.3,2.4,2.6,실수하면 공개적으로 질책합니다. 이런 환경에서는 성장 불가능. 근본적 변화 필요.,2.8
TCULTURE00298,EMP151,ORG206,QA팀,기술본부,2023,2023-11-06,2.3,3.7,3.2,2.6,2.6,3.4,2.8,2.9,팀 문화가 심각한 수준입니다. 불공정한 평가와 편애가 만연합니다. 조직 개편 없으면 퇴사 고려.,3.4
TCULTURE00299,EMP151,ORG206,QA팀,기술본부,2024,2024-10-25,1.2,2.8,2.2,3.6,3.4,2.5,3.4,2.7,팀장의 편파적 태도으로 팀 전체가 좌절 상태입니다. 다수 팀원이 이직 준비. 시급한 조치 필요.,3.6
TCULTURE00300,EMP152,ORG206,QA팀,기술본부,2023,2023-11-23,2.5,4.0,2.5,2.4,3.0,2.3,2.6,2.8,팀 문화가 심각한 수준입니다. 리더가 일방적으로 지시만 하고 피드백 무시가 만연합니다. 이직 준비 중.,3.3
TCULTURE00301,EMP152,ORG206,QA팀,기술본부,2024,2024-10-24,2.5,1.5,2.7,2.1,3.0,2.9,3.4,2.6,과도한 불필요한 회의과 소통 단절로 프로젝트 실패 반복 상황. 즉각적인 개입 요청합니다.,3.0
TCULTURE00302,EMP153,ORG301,마케팅팀,비즈니스본부,2023,2023-11-19,4.0,3.2,3.9,4.5,3.2,4.4,3.2,3.8,팀 분위기가 예전만 못합니다. 핵심 인재 이탈로 인해 구성원 의견 청취 상황입니다.,3.1
TCULTURE00303,EMP153,ORG301,마케팅팀,비즈니스본부,2024,2024-10-27,3.6,3.9,4.0,3.0,3.7,3.2,2.8,3.5,의사결정 과정이 불투명합니다. 역할과 책임 명확화이 필요합니다.,3.0
TCULTURE00304,EMP154,ORG301,마케팅팀,비즈니스본부,2023,2023-10-08,3.1,3.8,4.1,2.8,3.7,2.9,3.8,3.5,불공정한 평가됩니다. 팀 문화 개선을 위한 HR 개입이 필요해 보입니다.,3.2
TCULTURE00305,EMP154,ORG301,마케팅팀,비즈니스본부,2024,2024-11-02,3.0,3.9,3.2,3.3,2.4,4.0,3.9,3.4,업무 분배가 불균형하다고 느낍니다. 프로세스 개선이 필요합니다.,3.5
TCULTURE00306,EMP155,ORG301,마케팅팀,비즈니스본부,2024,2024-10-01,2.7,4.1,3.2,3.3,4.7,3.1,3.9,3.6,팀 분위기가 예전만 못합니다. 리더 신뢰 문제로 인해 리더십 교체 검토 상황입니다.,3.8
TCULTURE00307,EMP156,ORG301,마케팅팀,비즈니스본부,2023,2023-11-11,3.7,3.6,3.7,3.6,3.5,4.3,2.8,3.6,업무량이 과도하여 번아웃 우려됩니다. 팀 문화 개선을 위한 리더십 변화이 필요해 보입니다.,4.0
TCULTURE00308,EMP156,ORG301,마케팅팀,비즈니스본부,2024,2024-11-18,3.9,3.8,4.1,3.5,2.6,3.5,3.0,3.5,팀 분위기가 예전만 못합니다. 팀 내 갈등로 인해 리더십 교체 검토 상황입니다.,3.1
TCULTURE00309,EMP157,ORG301,마케팅팀,비즈니스본부,2023,2023-10-20,2.9,3.3,3.2,2.3,3.9,4.6,3.8,3.4,불공정한 평가됩니다. 팀 문화 개선을 위한 리더십 변화이 필요해 보입니다.,3.4
TCULTURE00310,EMP157,ORG301,마케팅팀,비즈니스본부,2024,2024-10-27,3.5,3.3,3.5,3.5,3.1,4.3,2.8,3.4,팀 분위기가 침체되어 있습니다. 팀 내 갈등로 인해 문화 혁신 시급 상황입니다.,3.9
TCULTURE00311,EMP158,ORG301,마케팅팀,비즈니스본부,2023,2023-11-04,3.4,4.5,3.7,3.3,3.4,3.5,2.9,3.5,업무 분배가 불균형하다고 느낍니다. 프로세스 개선이 필요합니다.,3.1
TCULTURE00312,EMP158,ORG301,마케팅팀,비즈니스본부,2024,2024-10-21,2.6,3.0,3.5,3.7,2.5,3.4,3.8,3.2,성장 기회가 제한적됩니다. 팀 문화 개선을 위한 솔직한 대화의 장이 필요해 보입니다.,3.4
TCULTURE00313,EMP159,ORG301,마케팅팀,비즈니스본부,2023,2023-11-07,3.2,3.3,3.2,3.2,3.6,4.7,3.1,3.5,불공정한 평가됩니다. 팀 문화 개선을 위한 솔직한 대화의 장이 필요해 보입니다.,3.3
TCULTURE00314,EMP159,ORG301,마케팅팀,비즈니스본부,2024,2024-11-15,3.5,3.2,4.0,2.3,3.2,3.9,3.4,3.4,팀 분위기가 개선이 시급합니다. 핵심 인재 이탈로 인해 구성원 의견 청취 상황입니다.,3.1
TCULTURE00315,EMP160,ORG301,마케팅팀,비즈니스본부,2023,2023-10-17,3.7,4.0,3.6,3.1,3.7,3.3,3.9,3.6,팀 분위기가 점점 악화되는 느낌. 업무 동기 저하로 인해 리더십 교체 검토 상황입니다.,4.2
TCULTURE00316,EMP160,ORG301,마케팅팀,비즈니스본부,2024,2024-10-19,2.2,3.6,2.6,4.7,3.3,3.9,3.5,3.4,성과 인정이 부족됩니다. 팀 문화 개선을 위한 팀 워크샵이 필요해 보입니다.,3.1
TCULTURE00317,EMP161,ORG301,마케팅팀,비즈니스본부,2023,2023-11-03,3.0,4.3,4.0,4.5,3.5,3.6,3.4,3.8,팀 분위기가 예전만 못합니다. 팀 내 갈등로 인해 구성원 의견 청취 상황입니다.,3.4
TCULTURE00318,EMP161,ORG301,마케팅팀,비즈니스본부,2024,2024-11-10,3.0,3.5,3.1,3.7,3.6,3.6,4.3,3.5,성장 기회가 제한적됩니다. 팀 문화 개선을 위한 팀 워크샵이 필요해 보입니다.,3.5
TCULTURE00319,EMP162,ORG301,마케팅팀,비즈니스본부,2023,2023-10-04,3.9,4.5,4.2,4.1,3.3,3.6,2.8,3.8,팀 분위기가 개선이 시급합니다. 핵심 인재 이탈로 인해 문화 혁신 시급 상황입니다.,3.7
TCULTURE00320,EMP162,ORG301,마케팅팀,비즈니스본부,2024,2024-11-21,3.6,3.5,4.0,2.9,4.3,4.0,3.5,3.7,팀 분위기가 침체되어 있습니다. 업무 동기 저하로 인해 문화 혁신 시급 상황입니다.,3.4
TCULTURE00321,EMP163,ORG301,마케팅팀,비즈니스본부,2023,2023-11-20,3.7,4.3,3.6,3.6,3.5,4.4,3.3,3.8,성장 기회가 제한적됩니다. 팀 문화 개선을 위한 리더십 변화이 필요해 보입니다.,3.5
TCULTURE00322,EMP163,ORG301,마케팅팀,비즈니스본부,2024,2024-11-02,4.2,3.6,4.1,3.0,3.4,4.2,3.2,3.7,팀 분위기가 점점 악화되는 느낌. 업무 동기 저하로 인해 문화 혁신 시급 상황입니다.,3.4
TCULTURE00323,EMP164,ORG301,마케팅팀,비즈니스본부,2023,2023-10-26,3.6,3.0,3.3,3.6,3.5,4.1,4.3,3.6,업무 분배가 불균형하다고 느낍니다. 역할과 책임 명확화이 필요합니다.,3.1
TCULTURE00324,EMP164,ORG301,마케팅팀,비즈니스본부,2024,2024-11-25,3.6,3.8,4.3,3.9,3.6,3.8,3.8,3.8,성장 기회가 제한적됩니다. 팀 문화 개선을 위한 팀 워크샵이 필요해 보입니다.,3.0
TCULTURE00325,EMP166,ORG301,마케팅팀,비즈니스본부,2023,2023-11-08,3.6,4.2,3.4,3.6,3.4,2.3,3.5,3.4,업무량이 과도하여 번아웃 우려됩니다. 팀 문화 개선을 위한 솔직한 대화의 장이 필요해 보입니다.,3.7
TCULTURE00326,EMP166,ORG301,마케팅팀,비즈니스본부,2024,2024-10-26,3.2,2.9,3.1,3.9,4.5,4.2,2.8,3.5,업무 분배가 불균형하다고 느낍니다. 리더의 적극적 소통이 필요합니다.,3.9
TCULTURE00327,EMP167,ORG301,마케팅팀,비즈니스본부,2023,2023-11-13,3.2,3.2,3.3,3.9,4.0,3.5,3.5,3.5,팀 분위기가 침체되어 있습니다. 팀 내 갈등로 인해 조직 개편 필요 상황입니다.,3.7
TCULTURE00328,EMP167,ORG301,마케팅팀,비즈니스본부,2024,2024-10-03,3.8,4.1,2.9,3.5,3.0,3.5,3.4,3.5,업무량이 과도하여 번아웃 우려됩니다. 팀 문화 개선을 위한 HR 개입이 필요해 보입니다.,3.5
TCULTURE00329,EMP168,ORG301,마케팅팀,비즈니스본부,2023,2023-10-25,3.1,2.8,2.5,3.4,3.3,3.2,4.2,3.2,의사결정 과정이 불투명합니다. 정기 팀 미팅 활성화이 필요합니다.,3.1
TCULTURE00330,EMP168,ORG301,마케팅팀,비즈니스본부,2024,2024-10-07,4.2,4.3,2.5,3.5,3.3,2.0,2.8,3.2,팀 분위기가 예전만 못합니다. 리더 신뢰 문제로 인해 구성원 의견 청취 상황입니다.,3.9
TCULTURE00331,EMP169,ORG301,마케팅팀,비즈니스본부,2023,2023-11-05,4.5,4.0,3.7,3.5,4.3,4.6,3.2,4.0,팀 분위기가 개선이 시급합니다. 팀 내 갈등로 인해 문화 혁신 시급 상황입니다.,2.5
TCULTURE00332,EMP169,ORG301,마케팅팀,비즈니스본부,2024,2024-11-03,2.5,4.2,3.5,3.6,2.6,3.1,3.4,3.3,불공정한 평가됩니다. 팀 문화 개선을 위한 팀 워크샵이 필요해 보입니다.,3.6
TCULTURE00333,EMP170,ORG301,마케팅팀,비즈니스본부,2023,2023-10-10,3.3,3.0,3.1,4.1,3.6,3.8,3.1,3.4,의사결정 과정이 불투명합니다. 프로세스 개선이 필요합니다.,2.0
TCULTURE00334,EMP170,ORG301,마케팅팀,비즈니스본부,2024,2024-10-12,3.2,3.1,3.7,5.0,3.8,4.9,3.8,3.9,업무량이 과도하여 번아웃 우려됩니다. 팀 문화 개선을 위한 팀 워크샵이 필요해 보입니다.,3.2
TCULTURE00335,EMP171,ORG301,마케팅팀,비즈니스본부,2023,2023-10-09,3.7,4.4,4.4,3.2,3.6,2.8,3.9,3.7,팀 분위기가 예전만 못합니다. 팀 내 갈등로 인해 조직 개편 필요 상황입니다.,4.3
TCULTURE00336,EMP171,ORG301,마케팅팀,비즈니스본부,2024,2024-10-16,3.5,3.2,3.7,3.7,3.5,3.6,3.4,3.5,팀 분위기가 개선이 시급합니다. 핵심 인재 이탈로 인해 문화 혁신 시급 상황입니다.,4.0
TCULTURE00337,EMP172,ORG302,영업팀,비즈니스본부,2023,2023-11-10,3.9,3.0,3.0,3.4,3.9,3.6,3.2,3.4,팀 분위기가 예전만 못합니다. 리더 신뢰 문제로 인해 리더십 교체 검토 상황입니다.,3.6
TCULTURE00338,EMP172,ORG302,영업팀,비즈니스본부,2024,2024-10-03,3.3,3.9,3.7,3.3,3.6,4.2,3.2,3.6,팀 분위기가 점점 악화되는 느낌. 업무 동기 저하로 인해 리더십 교체 검토 상황입니다.,3.7
TCULTURE00339,EMP173,ORG302,영업팀,비즈니스본부,2023,2023-10-11,3.5,3.7,3.2,3.6,4.1,3.0,2.8,3.4,팀 분위기가 예전만 못합니다. 팀 내 갈등로 인해 문화 혁신 시급 상황입니다.,2.9
TCULTURE00340,EMP173,ORG302,영업팀,비즈니스본부,2024,2024-11-06,2.9,3.8,2.8,3.4,3.8,3.7,3.3,3.4,팀 분위기가 개선이 시급합니다. 팀 내 갈등로 인해 조직 개편 필요 상황입니다.,3.6
TCULTURE00341,EMP174,ORG302,영업팀,비즈니스본부,2023,2023-11-14,3.6,3.4,3.4,4.6,3.9,4.7,3.3,3.8,의사결정 과정이 불투명합니다. 역할과 책임 명확화이 필요합니다.,3.5
TCULTURE00342,EMP174,ORG302,영업팀,비즈니스본부,2024,2024-11-13,2.8,3.1,4.5,3.2,4.5,2.9,3.0,3.4,의사결정 과정이 불투명합니다. 역할과 책임 명확화이 필요합니다.,3.3
TCULTURE00343,EMP175,ORG302,영업팀,비즈니스본부,2023,2023-10-07,3.5,4.0,3.7,3.3,3.4,3.3,3.0,3.5,업무 분배가 불균형하다고 느낍니다. 역할과 책임 명확화이 필요합니다.,3.1
TCULTURE00344,EMP175,ORG302,영업팀,비즈니스본부,2024,2024-11-19,4.0,2.6,4.3,3.3,3.1,3.9,4.2,3.6,성과 인정이 부족됩니다. 팀 문화 개선을 위한 솔직한 대화의 장이 필요해 보입니다.,4.1
TCULTURE00345,EMP176,ORG302,영업팀,비즈니스본부,2023,2023-11-11,3.8,4.0,2.6,3.2,3.0,4.1,3.3,3.4,업무량이 과도하여 번아웃 우려됩니다. 팀 문화 개선을 위한 솔직한 대화의 장이 필요해 보입니다.,3.9
TCULTURE00346,EMP176,ORG302,영업팀,비즈니스본부,2024,2024-10-23,3.8,3.1,3.2,4.1,3.1,3.6,3.1,3.4,팀 분위기가 예전만 못합니다. 팀 내 갈등로 인해 구성원 의견 청취 상황입니다.,3.3
TCULTURE00347,EMP177,ORG302,영업팀,비즈니스본부,2024,2024-11-02,3.5,3.1,3.0,3.6,3.1,3.1,3.0,3.2,성장 기회가 제한적됩니다. 팀 문화 개선을 위한 솔직한 대화의 장이 필요해 보입니다.,3.5
TCULTURE00348,EMP178,ORG302,영업팀,비즈니스본부,2024,2024-10-18,4.0,4.3,3.1,4.6,3.0,4.0,3.1,3.7,불공정한 평가됩니다. 팀 문화 개선을 위한 HR 개입이 필요해 보입니다.,3.1
TCULTURE00349,EMP179,ORG302,영업팀,비즈니스본부,2023,2023-11-26,3.1,3.5,3.8,3.8,3.0,3.0,3.0,3.3,팀 분위기가 침체되어 있습니다. 핵심 인재 이탈로 인해 리더십 교체 검토 상황입니다.,3.4
TCULTURE00350,EMP179,ORG302,영업팀,비즈니스본부,2024,2024-10-21,3.4,3.0,3.6,4.6,3.2,3.3,3.8,3.6,업무량이 과도하여 번아웃 우려됩니다. 팀 문화 개선을 위한 HR 개입이 필요해 보입니다.,3.2
TCULTURE00351,EMP180,ORG302,영업팀,비즈니스본부,2023,2023-10-19,3.8,3.1,4.4,3.7,3.2,3.2,3.2,3.5,팀 분위기가 예전만 못합니다. 핵심 인재 이탈로 인해 조직 개편 필요 상황입니다.,4.2
TCULTURE00352,EMP180,ORG302,영업팀,비즈니스본부,2024,2024-10-18,2.9,3.2,3.2,3.5,3.4,2.8,3.3,3.2,팀 분위기가 침체되어 있습니다. 업무 동기 저하로 인해 리더십 교체 검토 상황입니다.,3.5
TCULTURE00353,EMP181,ORG302,영업팀,비즈니스본부,2023,2023-11-11,3.2,3.8,4.0,3.5,3.6,2.4,3.3,3.4,팀 분위기가 점점 악화되는 느낌. 팀 내 갈등로 인해 구성원 의견 청취 상황입니다.,4.0
TCULTURE00354,EMP181,ORG302,영업팀,비즈니스본부,2024,2024-10-13,3.3,3.1,4.6,4.4,3.7,4.1,2.4,3.7,팀 내 소통이 원활하지 않을 때가 있습니다. 리더의 적극적 소통이 필요합니다.,3.1
TCULTURE00355,EMP182,ORG302,영업팀,비즈니스본부,2023,2023-11-22,3.3,3.4,3.3,2.2,3.7,3.8,4.3,3.4,성과 인정이 부족됩니다. 팀 문화 개선을 위한 팀 워크샵이 필요해 보입니다.,3.1
TCULTURE00356,EMP182,ORG302,영업팀,비즈니스본부,2024,2024-10-07,3.1,2.2,3.4,4.0,3.2,4.6,3.4,3.4,불공정한 평가됩니다. 팀 문화 개선을 위한 팀 워크샵이 필요해 보입니다.,3.6
TCULTURE00357,EMP183,ORG302,영업팀,비즈니스본부,2023,2023-11-18,2.8,3.6,2.5,3.8,3.9,4.2,3.0,3.4,팀 비전이 명확하지 않습니다. 리더의 적극적 소통이 필요합니다.,3.6
TCULTURE00358,EMP183,ORG302,영업팀,비즈니스본부,2024,2024-11-12,3.8,3.7,3.1,2.3,3.7,3.4,3.2,3.3,팀 내 소통이 원활하지 않을 때가 있습니다. 프로세스 개선이 필요합니다.,3.9
TCULTURE00359,EMP184,ORG302,영업팀,비즈니스본부,2023,2023-10-23,3.5,2.8,2.5,2.9,4.7,3.9,3.6,3.4,팀 분위기가 점점 악화되는 느낌. 팀 내 갈등로 인해 리더십 교체 검토 상황입니다.,3.4
TCULTURE00360,EMP184,ORG302,영업팀,비즈니스본부,2024,2024-10-05,3.4,4.1,3.3,3.8,3.3,4.5,3.9,3.8,성과 인정이 부족됩니다. 팀 문화 개선을 위한 HR 개입이 필요해 보입니다.,4.1
TCULTURE00361,EMP185,ORG302,영업팀,비즈니스본부,2023,2023-10-19,3.2,4.0,3.3,3.6,4.3,3.0,3.6,3.6,불공정한 평가됩니다. 팀 문화 개선을 위한 HR 개입이 필요해 보입니다.,3.7
TCULTURE00362,EMP185,ORG302,영업팀,비즈니스본부,2024,2024-10-24,3.8,3.3,4.5,2.9,4.2,4.1,4.5,3.9,불공정한 평가됩니다. 팀 문화 개선을 위한 리더십 변화이 필요해 보입니다.,2.7
TCULTURE00363,EMP186,ORG302,영업팀,비즈니스본부,2023,2023-11-12,3.1,4.2,2.6,2.7,3.3,3.6,4.3,3.4,업무량이 과도하여 번아웃 우려됩니다. 팀 문화 개선을 위한 팀 워크샵이 필요해 보입니다.,3.4
TCULTURE00364,EMP186,ORG302,영업팀,비즈니스본부,2024,2024-10-15,3.2,3.7,3.7,3.7,3.4,2.5,3.0,3.3,의사결정 과정이 불투명합니다. 프로세스 개선이 필요합니다.,4.2
TCULTURE00365,EMP187,ORG302,영업팀,비즈니스본부,2024,2024-11-21,3.6,3.3,4.1,2.9,3.4,3.6,3.3,3.5,팀 내 소통이 원활하지 않을 때가 있습니다. 정기 팀 미팅 활성화이 필요합니다.,3.6
TCULTURE00366,EMP188,ORG302,영업팀,비즈니스본부,2024,2024-11-17,3.4,2.8,3.6,2.8,3.6,4.2,3.4,3.4,팀 분위기가 개선이 시급합니다. 업무 동기 저하로 인해 조직 개편 필요 상황입니다.,2.9
TCULTURE00367,EMP189,ORG302,영업팀,비즈니스본부,2023,2023-10-04,3.4,3.1,3.8,3.4,4.4,4.1,3.4,3.7,팀 분위기가 개선이 시급합니다. 팀 내 갈등로 인해 구성원 의견 청취 상황입니다.,3.9
TCULTURE00368,EMP189,ORG302,영업팀,비즈니스본부,2024,2024-10-19,3.3,3.5,3.3,3.9,4.2,3.9,4.0,3.7,팀 내 소통이 원활하지 않을 때가 있습니다. 프로세스 개선이 필요합니다.,4.0
TCULTURE00369,EMP190,ORG302,영업팀,비즈니스본부,2023,2023-11-07,3.8,2.9,4.4,4.4,3.4,3.3,3.8,3.7,성과 인정이 부족됩니다. 팀 문화 개선을 위한 HR 개입이 필요해 보입니다.,3.8
TCULTURE00370,EMP190,ORG302,영업팀,비즈니스본부,2024,2024-10-24,3.4,2.9,3.7,3.8,3.9,3.7,3.4,3.5,성과 인정이 부족됩니다. 팀 문화 개선을 위한 팀 워크샵이 필요해 보입니다.,4.0
TCULTURE00371,EMP192,ORG302,영업팀,비즈니스본부,2023,2023-10-01,3.5,3.3,3.4,2.6,3.4,3.8,3.7,3.4,의사결정 과정이 불투명합니다. 리더의 적극적 소통이 필요합니다.,4.3
TCULTURE00372,EMP192,ORG302,영업팀,비즈니스본부,2024,2024-11-21,3.4,3.7,3.9,4.7,3.6,3.0,3.9,3.7,팀 내 소통이 원활하지 않을 때가 있습니다. 정기 팀 미팅 활성화이 필요합니다.,4.4
TCULTURE00373,EMP195,ORG302,영업팀,비즈니스본부,2023,2023-10-24,3.3,3.9,4.1,4.0,3.6,3.2,3.5,3.7,팀 분위기가 개선이 시급합니다. 팀 내 갈등로 인해 구성원 의견 청취 상황입니다.,3.7
TCULTURE00374,EMP195,ORG302,영업팀,비즈니스본부,2024,2024-11-27,4.0,3.7,3.3,3.8,3.9,3.7,3.1,3.6,불공정한 평가됩니다. 팀 문화 개선을 위한 팀 워크샵이 필요해 보입니다.,3.4
TCULTURE00375,EMP196,ORG302,영업팀,비즈니스본부,2023,2023-10-11,4.0,2.8,2.5,4.3,3.8,3.8,3.0,3.5,의사결정 과정이 불투명합니다. 리더의 적극적 소통이 필요합니다.,3.9
TCULTURE00376,EMP196,ORG302,영업팀,비즈니스본부,2024,2024-11-05,3.6,2.7,4.2,3.6,3.3,3.3,2.5,3.3,성과 인정이 부족됩니다. 팀 문화 개선을 위한 솔직한 대화의 장이 필요해 보입니다.,3.8
