review_id,leader_employee_id,review_year,rater_relationship,metric_code,score
L360_0001,EMP000,2022,Boss,LEAD_001,4.6
L360_0002,EMP000,2022,Direct Report,LEAD_001,4.8
L360_0003,EMP000,2022,Peer,LEAD_001,3.4
L360_0004,EMP000,2022,Boss,LEAD_002,3.7
L360_0005,EMP000,2022,Direct Report,LEAD_002,3.4
L360_0006,EMP000,2022,Peer,LEAD_002,4.2
L360_0007,EMP000,2022,Boss,LEAD_003,4.4
L360_0008,EMP000,2022,Direct Report,LEAD_003,2.4
L360_0009,EMP000,2022,Peer,LEAD_003,3.8
L360_0010,EMP000,2022,Boss,LEAD_004,3.0
L360_0011,EMP000,2022,Direct Report,LEAD_004,4.6
L360_0012,EMP000,2022,Peer,LEAD_004,3.8
L360_0013,EMP000,2022,Boss,LEAD_005,3.3
L360_0014,EMP000,2022,Direct Report,LEAD_005,3.4
L360_0015,EMP000,2022,Peer,LEAD_005,3.5
L360_0016,EMP000,2022,Boss,LEAD_006,4.0
L360_0017,EMP000,2022,Direct Report,LEAD_006,4.1
L360_0018,EMP000,2022,Peer,LEAD_006,3.0
L360_0019,EMP000,2022,Boss,LEAD_007,4.6
L360_0020,EMP000,2022,Direct Report,LEAD_007,4.5
L360_0021,EMP000,2022,Peer,LEAD_007,3.2
L360_0022,EMP000,2023,Boss,LEAD_001,3.7
L360_0023,EMP000,2023,Direct Report,LEAD_001,4.5
L360_0024,EMP000,2023,Peer,LEAD_001,4.2
L360_0025,EMP000,2023,Boss,LEAD_002,3.5
L360_0026,EMP000,2023,Direct Report,LEAD_002,4.0
L360_0027,EMP000,2023,Peer,LEAD_002,5.0
L360_0028,EMP000,2023,Boss,LEAD_003,3.8
L360_0029,EMP000,2023,Direct Report,LEAD_003,3.1
L360_0030,EMP000,2023,Peer,LEAD_003,3.7
L360_0031,EMP000,2023,Boss,LEAD_004,3.8
L360_0032,EMP000,2023,Direct Report,LEAD_004,3.2
L360_0033,EMP000,2023,Peer,LEAD_004,3.8
L360_0034,EMP000,2023,Boss,LEAD_005,3.1
L360_0035,EMP000,2023,Direct Report,LEAD_005,3.1
L360_0036,EMP000,2023,Peer,LEAD_005,4.0
L360_0037,EMP000,2023,Boss,LEAD_006,2.8
L360_0038,EMP000,2023,Direct Report,LEAD_006,4.0
L360_0039,EMP000,2023,Peer,LEAD_006,2.6
L360_0040,EMP000,2023,Boss,LEAD_007,2.8
L360_0041,EMP000,2023,Direct Report,LEAD_007,3.2
L360_0042,EMP000,2023,Peer,LEAD_007,3.7
L360_0043,EMP000,2024,Boss,LEAD_001,4.4
L360_0044,EMP000,2024,Direct Report,LEAD_001,3.5
L360_0045,EMP000,2024,Peer,LEAD_001,3.5
L360_0046,EMP000,2024,Boss,LEAD_002,4.0
L360_0047,EMP000,2024,Direct Report,LEAD_002,3.0
L360_0048,EMP000,2024,Peer,LEAD_002,3.7
L360_0049,EMP000,2024,Boss,LEAD_003,3.1
L360_0050,EMP000,2024,Direct Report,LEAD_003,3.5
L360_0051,EMP000,2024,Peer,LEAD_003,3.5
L360_0052,EMP000,2024,Boss,LEAD_004,3.3
L360_0053,EMP000,2024,Direct Report,LEAD_004,3.6
L360_0054,EMP000,2024,Peer,LEAD_004,3.7
L360_0055,EMP000,2024,Boss,LEAD_005,4.3
L360_0056,EMP000,2024,Direct Report,LEAD_005,2.5
L360_0057,EMP000,2024,Peer,LEAD_005,3.6
L360_0058,EMP000,2024,Boss,LEAD_006,3.3
L360_0059,EMP000,2024,Direct Report,LEAD_006,4.0
L360_0060,EMP000,2024,Peer,LEAD_006,4.0
L360_0061,EMP000,2024,Boss,LEAD_007,4.0
L360_0062,EMP000,2024,Direct Report,LEAD_007,3.1
L360_0063,EMP000,2024,Peer,LEAD_007,4.0
L360_0064,DIV001,2022,Boss,LEAD_001,2.9
L360_0065,DIV001,2022,Direct Report,LEAD_001,2.5
L360_0066,DIV001,2022,Peer,LEAD_001,3.0
L360_0067,DIV001,2022,Boss,LEAD_002,3.7
L360_0068,DIV001,2022,Direct Report,LEAD_002,3.9
L360_0069,DIV001,2022,Peer,LEAD_002,2.1
L360_0070,DIV001,2022,Boss,LEAD_003,4.4
L360_0071,DIV001,2022,Direct Report,LEAD_003,3.6
L360_0072,DIV001,2022,Peer,LEAD_003,2.8
L360_0073,DIV001,2022,Boss,LEAD_004,3.8
L360_0074,DIV001,2022,Direct Report,LEAD_004,4.2
L360_0075,DIV001,2022,Peer,LEAD_004,3.9
L360_0076,DIV001,2022,Boss,LEAD_005,4.2
L360_0077,DIV001,2022,Direct Report,LEAD_005,2.7
L360_0078,DIV001,2022,Peer,LEAD_005,3.4
L360_0079,DIV001,2022,Boss,LEAD_006,3.2
L360_0080,DIV001,2022,Direct Report,LEAD_006,4.5
L360_0081,DIV001,2022,Peer,LEAD_006,3.9
L360_0082,DIV001,2022,Boss,LEAD_007,5.0
L360_0083,DIV001,2022,Direct Report,LEAD_007,3.2
L360_0084,DIV001,2022,Peer,LEAD_007,3.2
L360_0085,DIV001,2023,Boss,LEAD_001,3.6
L360_0086,DIV001,2023,Direct Report,LEAD_001,4.3
L360_0087,DIV001,2023,Peer,LEAD_001,3.4
L360_0088,DIV001,2023,Boss,LEAD_002,3.8
L360_0089,DIV001,2023,Direct Report,LEAD_002,3.6
L360_0090,DIV001,2023,Peer,LEAD_002,3.6
L360_0091,DIV001,2023,Boss,LEAD_003,3.4
L360_0092,DIV001,2023,Direct Report,LEAD_003,3.4
L360_0093,DIV001,2023,Peer,LEAD_003,3.5
L360_0094,DIV001,2023,Boss,LEAD_004,3.7
L360_0095,DIV001,2023,Direct Report,LEAD_004,4.1
L360_0096,DIV001,2023,Peer,LEAD_004,4.5
L360_0097,DIV001,2023,Boss,LEAD_005,3.3
L360_0098,DIV001,2023,Direct Report,LEAD_005,3.3
L360_0099,DIV001,2023,Peer,LEAD_005,3.2
L360_0100,DIV001,2023,Boss,LEAD_006,3.8
L360_0101,DIV001,2023,Direct Report,LEAD_006,3.2
L360_0102,DIV001,2023,Peer,LEAD_006,3.7
L360_0103,DIV001,2023,Boss,LEAD_007,4.3
L360_0104,DIV001,2023,Direct Report,LEAD_007,2.0
L360_0105,DIV001,2023,Peer,LEAD_007,3.8
L360_0106,DIV001,2024,Boss,LEAD_001,3.5
L360_0107,DIV001,2024,Direct Report,LEAD_001,3.8
L360_0108,DIV001,2024,Peer,LEAD_001,3.2
L360_0109,DIV001,2024,Boss,LEAD_002,4.3
L360_0110,DIV001,2024,Direct Report,LEAD_002,4.0
L360_0111,DIV001,2024,Peer,LEAD_002,3.9
L360_0112,DIV001,2024,Boss,LEAD_003,4.1
L360_0113,DIV001,2024,Direct Report,LEAD_003,3.1
L360_0114,DIV001,2024,Peer,LEAD_003,3.3
L360_0115,DIV001,2024,Boss,LEAD_004,4.1
L360_0116,DIV001,2024,Direct Report,LEAD_004,3.0
L360_0117,DIV001,2024,Peer,LEAD_004,4.3
L360_0118,DIV001,2024,Boss,LEAD_005,3.5
L360_0119,DIV001,2024,Direct Report,LEAD_005,3.8
L360_0120,DIV001,2024,Peer,LEAD_005,4.6
L360_0121,DIV001,2024,Boss,LEAD_006,3.3
L360_0122,DIV001,2024,Direct Report,LEAD_006,3.5
L360_0123,DIV001,2024,Peer,LEAD_006,4.1
L360_0124,DIV001,2024,Boss,LEAD_007,4.2
L360_0125,DIV001,2024,Direct Report,LEAD_007,3.3
L360_0126,DIV001,2024,Peer,LEAD_007,3.3
L360_0127,DIV002,2022,Boss,LEAD_001,3.6
L360_0128,DIV002,2022,Direct Report,LEAD_001,4.4
L360_0129,DIV002,2022,Peer,LEAD_001,3.5
L360_0130,DIV002,2022,Boss,LEAD_002,3.7
L360_0131,DIV002,2022,Direct Report,LEAD_002,3.2
L360_0132,DIV002,2022,Peer,LEAD_002,4.0
L360_0133,DIV002,2022,Boss,LEAD_003,3.8
L360_0134,DIV002,2022,Direct Report,LEAD_003,2.9
L360_0135,DIV002,2022,Peer,LEAD_003,3.1
L360_0136,DIV002,2022,Boss,LEAD_004,2.7
L360_0137,DIV002,2022,Direct Report,LEAD_004,3.0
L360_0138,DIV002,2022,Peer,LEAD_004,4.0
L360_0139,DIV002,2022,Boss,LEAD_005,4.4
L360_0140,DIV002,2022,Direct Report,LEAD_005,3.9
L360_0141,DIV002,2022,Peer,LEAD_005,3.9
L360_0142,DIV002,2022,Boss,LEAD_006,3.6
L360_0143,DIV002,2022,Direct Report,LEAD_006,4.0
L360_0144,DIV002,2022,Peer,LEAD_006,3.7
L360_0145,DIV002,2022,Boss,LEAD_007,4.6
L360_0146,DIV002,2022,Direct Report,LEAD_007,3.4
L360_0147,DIV002,2022,Peer,LEAD_007,4.3
L360_0148,DIV002,2023,Boss,LEAD_001,4.1
L360_0149,DIV002,2023,Direct Report,LEAD_001,3.9
L360_0150,DIV002,2023,Peer,LEAD_001,2.6
L360_0151,DIV002,2023,Boss,LEAD_002,4.2
L360_0152,DIV002,2023,Direct Report,LEAD_002,3.4
L360_0153,DIV002,2023,Peer,LEAD_002,3.4
L360_0154,DIV002,2023,Boss,LEAD_003,3.0
L360_0155,DIV002,2023,Direct Report,LEAD_003,3.5
L360_0156,DIV002,2023,Peer,LEAD_003,3.6
L360_0157,DIV002,2023,Boss,LEAD_004,3.0
L360_0158,DIV002,2023,Direct Report,LEAD_004,2.6
L360_0159,DIV002,2023,Peer,LEAD_004,3.8
L360_0160,DIV002,2023,Boss,LEAD_005,4.1
L360_0161,DIV002,2023,Direct Report,LEAD_005,3.6
L360_0162,DIV002,2023,Peer,LEAD_005,4.2
L360_0163,DIV002,2023,Boss,LEAD_006,3.7
L360_0164,DIV002,2023,Direct Report,LEAD_006,3.5
L360_0165,DIV002,2023,Peer,LEAD_006,3.1
L360_0166,DIV002,2023,Boss,LEAD_007,2.9
L360_0167,DIV002,2023,Direct Report,LEAD_007,4.6
L360_0168,DIV002,2023,Peer,LEAD_007,4.2
L360_0169,DIV002,2024,Boss,LEAD_001,3.0
L360_0170,DIV002,2024,Direct Report,LEAD_001,3.6
L360_0171,DIV002,2024,Peer,LEAD_001,3.5
L360_0172,DIV002,2024,Boss,LEAD_002,3.6
L360_0173,DIV002,2024,Direct Report,LEAD_002,3.3
L360_0174,DIV002,2024,Peer,LEAD_002,3.8
L360_0175,DIV002,2024,Boss,LEAD_003,4.1
L360_0176,DIV002,2024,Direct Report,LEAD_003,3.7
L360_0177,DIV002,2024,Peer,LEAD_003,3.5
L360_0178,DIV002,2024,Boss,LEAD_004,3.6
L360_0179,DIV002,2024,Direct Report,LEAD_004,4.1
L360_0180,DIV002,2024,Peer,LEAD_004,3.8
L360_0181,DIV002,2024,Boss,LEAD_005,3.7
L360_0182,DIV002,2024,Direct Report,LEAD_005,3.5
L360_0183,DIV002,2024,Peer,LEAD_005,3.8
L360_0184,DIV002,2024,Boss,LEAD_006,3.5
L360_0185,DIV002,2024,Direct Report,LEAD_006,4.0
L360_0186,DIV002,2024,Peer,LEAD_006,3.1
L360_0187,DIV002,2024,Boss,LEAD_007,3.5
L360_0188,DIV002,2024,Direct Report,LEAD_007,3.9
L360_0189,DIV002,2024,Peer,LEAD_007,3.0
L360_0190,DIV003,2022,Boss,LEAD_001,2.9
L360_0191,DIV003,2022,Direct Report,LEAD_001,3.5
L360_0192,DIV003,2022,Peer,LEAD_001,2.8
L360_0193,DIV003,2022,Boss,LEAD_002,3.1
L360_0194,DIV003,2022,Direct Report,LEAD_002,4.0
L360_0195,DIV003,2022,Peer,LEAD_002,3.5
L360_0196,DIV003,2022,Boss,LEAD_003,4.3
L360_0197,DIV003,2022,Direct Report,LEAD_003,2.8
L360_0198,DIV003,2022,Peer,LEAD_003,3.6
L360_0199,DIV003,2022,Boss,LEAD_004,3.9
L360_0200,DIV003,2022,Direct Report,LEAD_004,2.8
L360_0201,DIV003,2022,Peer,LEAD_004,4.1
L360_0202,DIV003,2022,Boss,LEAD_005,4.0
L360_0203,DIV003,2022,Direct Report,LEAD_005,2.5
L360_0204,DIV003,2022,Peer,LEAD_005,3.6
L360_0205,DIV003,2022,Boss,LEAD_006,3.9
L360_0206,DIV003,2022,Direct Report,LEAD_006,3.1
L360_0207,DIV003,2022,Peer,LEAD_006,2.9
L360_0208,DIV003,2022,Boss,LEAD_007,3.8
L360_0209,DIV003,2022,Direct Report,LEAD_007,4.8
L360_0210,DIV003,2022,Peer,LEAD_007,3.4
L360_0211,DIV003,2023,Boss,LEAD_001,4.5
L360_0212,DIV003,2023,Direct Report,LEAD_001,3.0
L360_0213,DIV003,2023,Peer,LEAD_001,3.7
L360_0214,DIV003,2023,Boss,LEAD_002,4.1
L360_0215,DIV003,2023,Direct Report,LEAD_002,3.5
L360_0216,DIV003,2023,Peer,LEAD_002,3.5
L360_0217,DIV003,2023,Boss,LEAD_003,4.1
L360_0218,DIV003,2023,Direct Report,LEAD_003,4.6
L360_0219,DIV003,2023,Peer,LEAD_003,3.8
L360_0220,DIV003,2023,Boss,LEAD_004,3.4
L360_0221,DIV003,2023,Direct Report,LEAD_004,3.4
L360_0222,DIV003,2023,Peer,LEAD_004,4.9
L360_0223,DIV003,2023,Boss,LEAD_005,3.8
L360_0224,DIV003,2023,Direct Report,LEAD_005,3.1
L360_0225,DIV003,2023,Peer,LEAD_005,3.0
L360_0226,DIV003,2023,Boss,LEAD_006,2.8
L360_0227,DIV003,2023,Direct Report,LEAD_006,3.7
L360_0228,DIV003,2023,Peer,LEAD_006,3.9
L360_0229,DIV003,2023,Boss,LEAD_007,3.5
L360_0230,DIV003,2023,Direct Report,LEAD_007,3.5
L360_0231,DIV003,2023,Peer,LEAD_007,3.0
L360_0232,DIV003,2024,Boss,LEAD_001,3.8
L360_0233,DIV003,2024,Direct Report,LEAD_001,3.8
L360_0234,DIV003,2024,Peer,LEAD_001,3.3
L360_0235,DIV003,2024,Boss,LEAD_002,4.5
L360_0236,DIV003,2024,Direct Report,LEAD_002,3.0
L360_0237,DIV003,2024,Peer,LEAD_002,3.7
L360_0238,DIV003,2024,Boss,LEAD_003,4.1
L360_0239,DIV003,2024,Direct Report,LEAD_003,3.5
L360_0240,DIV003,2024,Peer,LEAD_003,3.5
L360_0241,DIV003,2024,Boss,LEAD_004,3.0
L360_0242,DIV003,2024,Direct Report,LEAD_004,4.3
L360_0243,DIV003,2024,Peer,LEAD_004,3.5
L360_0244,DIV003,2024,Boss,LEAD_005,4.0
L360_0245,DIV003,2024,Direct Report,LEAD_005,3.9
L360_0246,DIV003,2024,Peer,LEAD_005,3.3
L360_0247,DIV003,2024,Boss,LEAD_006,3.6
L360_0248,DIV003,2024,Direct Report,LEAD_006,4.3
L360_0249,DIV003,2024,Peer,LEAD_006,3.0
L360_0250,DIV003,2024,Boss,LEAD_007,4.8
L360_0251,DIV003,2024,Direct Report,LEAD_007,3.1
L360_0252,DIV003,2024,Peer,LEAD_007,3.0
L360_0253,TL001,2022,Boss,LEAD_001,3.8
L360_0254,TL001,2022,Direct Report,LEAD_001,4.8
L360_0255,TL001,2022,Peer,LEAD_001,2.6
L360_0256,TL001,2022,Boss,LEAD_002,3.6
L360_0257,TL001,2022,Direct Report,LEAD_002,3.8
L360_0258,TL001,2022,Peer,LEAD_002,3.6
L360_0259,TL001,2022,Boss,LEAD_003,3.9
L360_0260,TL001,2022,Direct Report,LEAD_003,3.1
L360_0261,TL001,2022,Peer,LEAD_003,3.3
L360_0262,TL001,2022,Boss,LEAD_004,3.6
L360_0263,TL001,2022,Direct Report,LEAD_004,2.8
L360_0264,TL001,2022,Peer,LEAD_004,3.6
L360_0265,TL001,2022,Boss,LEAD_005,3.5
L360_0266,TL001,2022,Direct Report,LEAD_005,3.2
L360_0267,TL001,2022,Peer,LEAD_005,3.8
L360_0268,TL001,2022,Boss,LEAD_006,2.8
L360_0269,TL001,2022,Direct Report,LEAD_006,3.4
L360_0270,TL001,2022,Peer,LEAD_006,4.8
L360_0271,TL001,2022,Boss,LEAD_007,3.2
L360_0272,TL001,2022,Direct Report,LEAD_007,4.3
L360_0273,TL001,2022,Peer,LEAD_007,3.6
L360_0274,TL001,2023,Boss,LEAD_001,3.4
L360_0275,TL001,2023,Direct Report,LEAD_001,2.7
L360_0276,TL001,2023,Peer,LEAD_001,3.7
L360_0277,TL001,2023,Boss,LEAD_002,4.4
L360_0278,TL001,2023,Direct Report,LEAD_002,3.3
L360_0279,TL001,2023,Peer,LEAD_002,3.6
L360_0280,TL001,2023,Boss,LEAD_003,4.2
L360_0281,TL001,2023,Direct Report,LEAD_003,3.7
L360_0282,TL001,2023,Peer,LEAD_003,2.8
L360_0283,TL001,2023,Boss,LEAD_004,3.7
L360_0284,TL001,2023,Direct Report,LEAD_004,4.4
L360_0285,TL001,2023,Peer,LEAD_004,3.6
L360_0286,TL001,2023,Boss,LEAD_005,2.3
L360_0287,TL001,2023,Direct Report,LEAD_005,3.7
L360_0288,TL001,2023,Peer,LEAD_005,3.5
L360_0289,TL001,2023,Boss,LEAD_006,2.8
L360_0290,TL001,2023,Direct Report,LEAD_006,2.5
L360_0291,TL001,2023,Peer,LEAD_006,4.1
L360_0292,TL001,2023,Boss,LEAD_007,3.3
L360_0293,TL001,2023,Direct Report,LEAD_007,3.0
L360_0294,TL001,2023,Peer,LEAD_007,3.6
L360_0295,TL001,2024,Boss,LEAD_001,3.4
L360_0296,TL001,2024,Direct Report,LEAD_001,3.6
L360_0297,TL001,2024,Peer,LEAD_001,3.5
L360_0298,TL001,2024,Boss,LEAD_002,3.1
L360_0299,TL001,2024,Direct Report,LEAD_002,3.2
L360_0300,TL001,2024,Peer,LEAD_002,3.8
L360_0301,TL001,2024,Boss,LEAD_003,3.7
L360_0302,TL001,2024,Direct Report,LEAD_003,3.5
L360_0303,TL001,2024,Peer,LEAD_003,4.6
L360_0304,TL001,2024,Boss,LEAD_004,4.1
L360_0305,TL001,2024,Direct Report,LEAD_004,4.0
L360_0306,TL001,2024,Peer,LEAD_004,3.5
L360_0307,TL001,2024,Boss,LEAD_005,3.8
L360_0308,TL001,2024,Direct Report,LEAD_005,3.2
L360_0309,TL001,2024,Peer,LEAD_005,4.0
L360_0310,TL001,2024,Boss,LEAD_006,3.6
L360_0311,TL001,2024,Direct Report,LEAD_006,3.6
L360_0312,TL001,2024,Peer,LEAD_006,3.7
L360_0313,TL001,2024,Boss,LEAD_007,3.7
L360_0314,TL001,2024,Direct Report,LEAD_007,5.0
L360_0315,TL001,2024,Peer,LEAD_007,3.3
L360_0316,TL002,2022,Boss,LEAD_001,3.4
L360_0317,TL002,2022,Direct Report,LEAD_001,3.9
L360_0318,TL002,2022,Peer,LEAD_001,3.3
L360_0319,TL002,2022,Boss,LEAD_002,3.6
L360_0320,TL002,2022,Direct Report,LEAD_002,2.8
L360_0321,TL002,2022,Peer,LEAD_002,3.8
L360_0322,TL002,2022,Boss,LEAD_003,4.0
L360_0323,TL002,2022,Direct Report,LEAD_003,3.3
L360_0324,TL002,2022,Peer,LEAD_003,4.0
L360_0325,TL002,2022,Boss,LEAD_004,2.8
L360_0326,TL002,2022,Direct Report,LEAD_004,3.1
L360_0327,TL002,2022,Peer,LEAD_004,3.5
L360_0328,TL002,2022,Boss,LEAD_005,3.1
L360_0329,TL002,2022,Direct Report,LEAD_005,2.5
L360_0330,TL002,2022,Peer,LEAD_005,3.4
L360_0331,TL002,2022,Boss,LEAD_006,4.0
L360_0332,TL002,2022,Direct Report,LEAD_006,4.3
L360_0333,TL002,2022,Peer,LEAD_006,3.3
L360_0334,TL002,2022,Boss,LEAD_007,4.1
L360_0335,TL002,2022,Direct Report,LEAD_007,3.9
L360_0336,TL002,2022,Peer,LEAD_007,4.2
L360_0337,TL002,2023,Boss,LEAD_001,3.5
L360_0338,TL002,2023,Direct Report,LEAD_001,2.4
L360_0339,TL002,2023,Peer,LEAD_001,3.6
L360_0340,TL002,2023,Boss,LEAD_002,3.2
L360_0341,TL002,2023,Direct Report,LEAD_002,3.1
L360_0342,TL002,2023,Peer,LEAD_002,3.4
L360_0343,TL002,2023,Boss,LEAD_003,3.5
L360_0344,TL002,2023,Direct Report,LEAD_003,3.6
L360_0345,TL002,2023,Peer,LEAD_003,4.0
L360_0346,TL002,2023,Boss,LEAD_004,3.5
L360_0347,TL002,2023,Direct Report,LEAD_004,3.7
L360_0348,TL002,2023,Peer,LEAD_004,3.6
L360_0349,TL002,2023,Boss,LEAD_005,4.2
L360_0350,TL002,2023,Direct Report,LEAD_005,3.4
L360_0351,TL002,2023,Peer,LEAD_005,3.6
L360_0352,TL002,2023,Boss,LEAD_006,3.5
L360_0353,TL002,2023,Direct Report,LEAD_006,3.4
L360_0354,TL002,2023,Peer,LEAD_006,3.2
L360_0355,TL002,2023,Boss,LEAD_007,3.3
L360_0356,TL002,2023,Direct Report,LEAD_007,4.0
L360_0357,TL002,2023,Peer,LEAD_007,3.1
L360_0358,TL002,2024,Boss,LEAD_001,3.5
L360_0359,TL002,2024,Direct Report,LEAD_001,4.1
L360_0360,TL002,2024,Peer,LEAD_001,3.4
L360_0361,TL002,2024,Boss,LEAD_002,4.1
L360_0362,TL002,2024,Direct Report,LEAD_002,3.1
L360_0363,TL002,2024,Peer,LEAD_002,3.1
L360_0364,TL002,2024,Boss,LEAD_003,2.9
L360_0365,TL002,2024,Direct Report,LEAD_003,4.3
L360_0366,TL002,2024,Peer,LEAD_003,3.0
L360_0367,TL002,2024,Boss,LEAD_004,4.1
L360_0368,TL002,2024,Direct Report,LEAD_004,2.9
L360_0369,TL002,2024,Peer,LEAD_004,4.3
L360_0370,TL002,2024,Boss,LEAD_005,4.8
L360_0371,TL002,2024,Direct Report,LEAD_005,2.5
L360_0372,TL002,2024,Peer,LEAD_005,3.1
L360_0373,TL002,2024,Boss,LEAD_006,4.1
L360_0374,TL002,2024,Direct Report,LEAD_006,3.8
L360_0375,TL002,2024,Peer,LEAD_006,4.0
L360_0376,TL002,2024,Boss,LEAD_007,3.4
L360_0377,TL002,2024,Direct Report,LEAD_007,4.7
L360_0378,TL002,2024,Peer,LEAD_007,3.7
L360_0379,TL003,2022,Boss,LEAD_001,3.1
L360_0380,TL003,2022,Direct Report,LEAD_001,3.3
L360_0381,TL003,2022,Peer,LEAD_001,3.0
L360_0382,TL003,2022,Boss,LEAD_002,4.5
L360_0383,TL003,2022,Direct Report,LEAD_002,3.1
L360_0384,TL003,2022,Peer,LEAD_002,3.8
L360_0385,TL003,2022,Boss,LEAD_003,3.5
L360_0386,TL003,2022,Direct Report,LEAD_003,3.1
L360_0387,TL003,2022,Peer,LEAD_003,2.6
L360_0388,TL003,2022,Boss,LEAD_004,4.0
L360_0389,TL003,2022,Direct Report,LEAD_004,4.3
L360_0390,TL003,2022,Peer,LEAD_004,3.1
L360_0391,TL003,2022,Boss,LEAD_005,2.9
L360_0392,TL003,2022,Direct Report,LEAD_005,4.0
L360_0393,TL003,2022,Peer,LEAD_005,2.8
L360_0394,TL003,2022,Boss,LEAD_006,4.3
L360_0395,TL003,2022,Direct Report,LEAD_006,3.0
L360_0396,TL003,2022,Peer,LEAD_006,3.0
L360_0397,TL003,2022,Boss,LEAD_007,3.8
L360_0398,TL003,2022,Direct Report,LEAD_007,2.9
L360_0399,TL003,2022,Peer,LEAD_007,3.2
L360_0400,TL003,2023,Boss,LEAD_001,3.9
L360_0401,TL003,2023,Direct Report,LEAD_001,2.0
L360_0402,TL003,2023,Peer,LEAD_001,4.4
L360_0403,TL003,2023,Boss,LEAD_002,3.7
L360_0404,TL003,2023,Direct Report,LEAD_002,2.7
L360_0405,TL003,2023,Peer,LEAD_002,3.1
L360_0406,TL003,2023,Boss,LEAD_003,4.2
L360_0407,TL003,2023,Direct Report,LEAD_003,3.9
L360_0408,TL003,2023,Peer,LEAD_003,4.3
L360_0409,TL003,2023,Boss,LEAD_004,3.4
L360_0410,TL003,2023,Direct Report,LEAD_004,3.7
L360_0411,TL003,2023,Peer,LEAD_004,3.8
L360_0412,TL003,2023,Boss,LEAD_005,4.0
L360_0413,TL003,2023,Direct Report,LEAD_005,4.2
L360_0414,TL003,2023,Peer,LEAD_005,3.2
L360_0415,TL003,2023,Boss,LEAD_006,3.6
L360_0416,TL003,2023,Direct Report,LEAD_006,3.1
L360_0417,TL003,2023,Peer,LEAD_006,3.6
L360_0418,TL003,2023,Boss,LEAD_007,4.0
L360_0419,TL003,2023,Direct Report,LEAD_007,2.5
L360_0420,TL003,2023,Peer,LEAD_007,4.2
L360_0421,TL003,2024,Boss,LEAD_001,3.1
L360_0422,TL003,2024,Direct Report,LEAD_001,3.3
L360_0423,TL003,2024,Peer,LEAD_001,4.2
L360_0424,TL003,2024,Boss,LEAD_002,3.9
L360_0425,TL003,2024,Direct Report,LEAD_002,3.7
L360_0426,TL003,2024,Peer,LEAD_002,3.0
L360_0427,TL003,2024,Boss,LEAD_003,3.2
L360_0428,TL003,2024,Direct Report,LEAD_003,4.1
L360_0429,TL003,2024,Peer,LEAD_003,3.3
L360_0430,TL003,2024,Boss,LEAD_004,3.5
L360_0431,TL003,2024,Direct Report,LEAD_004,4.1
L360_0432,TL003,2024,Peer,LEAD_004,3.1
L360_0433,TL003,2024,Boss,LEAD_005,3.8
L360_0434,TL003,2024,Direct Report,LEAD_005,3.5
L360_0435,TL003,2024,Peer,LEAD_005,3.6
L360_0436,TL003,2024,Boss,LEAD_006,3.4
L360_0437,TL003,2024,Direct Report,LEAD_006,3.2
L360_0438,TL003,2024,Peer,LEAD_006,3.1
L360_0439,TL003,2024,Boss,LEAD_007,3.9
L360_0440,TL003,2024,Direct Report,LEAD_007,3.1
L360_0441,TL003,2024,Peer,LEAD_007,4.1
L360_0442,TL004,2022,Boss,LEAD_001,3.6
L360_0443,TL004,2022,Direct Report,LEAD_001,2.9
L360_0444,TL004,2022,Peer,LEAD_001,3.5
L360_0445,TL004,2022,Boss,LEAD_002,3.5
L360_0446,TL004,2022,Direct Report,LEAD_002,4.1
L360_0447,TL004,2022,Peer,LEAD_002,3.4
L360_0448,TL004,2022,Boss,LEAD_003,3.6
L360_0449,TL004,2022,Direct Report,LEAD_003,4.3
L360_0450,TL004,2022,Peer,LEAD_003,3.9
L360_0451,TL004,2022,Boss,LEAD_004,4.5
L360_0452,TL004,2022,Direct Report,LEAD_004,4.3
L360_0453,TL004,2022,Peer,LEAD_004,3.2
L360_0454,TL004,2022,Boss,LEAD_005,4.2
L360_0455,TL004,2022,Direct Report,LEAD_005,4.4
L360_0456,TL004,2022,Peer,LEAD_005,4.4
L360_0457,TL004,2022,Boss,LEAD_006,4.2
L360_0458,TL004,2022,Direct Report,LEAD_006,4.1
L360_0459,TL004,2022,Peer,LEAD_006,3.4
L360_0460,TL004,2022,Boss,LEAD_007,3.3
L360_0461,TL004,2022,Direct Report,LEAD_007,3.3
L360_0462,TL004,2022,Peer,LEAD_007,2.8
L360_0463,TL004,2023,Boss,LEAD_001,4.4
L360_0464,TL004,2023,Direct Report,LEAD_001,3.3
L360_0465,TL004,2023,Peer,LEAD_001,4.2
L360_0466,TL004,2023,Boss,LEAD_002,3.1
L360_0467,TL004,2023,Direct Report,LEAD_002,4.1
L360_0468,TL004,2023,Peer,LEAD_002,3.4
L360_0469,TL004,2023,Boss,LEAD_003,3.1
L360_0470,TL004,2023,Direct Report,LEAD_003,4.5
L360_0471,TL004,2023,Peer,LEAD_003,4.2
L360_0472,TL004,2023,Boss,LEAD_004,3.8
L360_0473,TL004,2023,Direct Report,LEAD_004,3.5
L360_0474,TL004,2023,Peer,LEAD_004,3.8
L360_0475,TL004,2023,Boss,LEAD_005,3.8
L360_0476,TL004,2023,Direct Report,LEAD_005,3.0
L360_0477,TL004,2023,Peer,LEAD_005,3.4
L360_0478,TL004,2023,Boss,LEAD_006,4.7
L360_0479,TL004,2023,Direct Report,LEAD_006,5.0
L360_0480,TL004,2023,Peer,LEAD_006,4.4
L360_0481,TL004,2023,Boss,LEAD_007,3.9
L360_0482,TL004,2023,Direct Report,LEAD_007,3.3
L360_0483,TL004,2023,Peer,LEAD_007,3.2
L360_0484,TL004,2024,Boss,LEAD_001,3.3
L360_0485,TL004,2024,Direct Report,LEAD_001,3.2
L360_0486,TL004,2024,Peer,LEAD_001,4.7
L360_0487,TL004,2024,Boss,LEAD_002,4.6
L360_0488,TL004,2024,Direct Report,LEAD_002,3.9
L360_0489,TL004,2024,Peer,LEAD_002,3.1
L360_0490,TL004,2024,Boss,LEAD_003,4.1
L360_0491,TL004,2024,Direct Report,LEAD_003,3.4
L360_0492,TL004,2024,Peer,LEAD_003,2.5
L360_0493,TL004,2024,Boss,LEAD_004,3.8
L360_0494,TL004,2024,Direct Report,LEAD_004,3.0
L360_0495,TL004,2024,Peer,LEAD_004,3.2
L360_0496,TL004,2024,Boss,LEAD_005,3.6
L360_0497,TL004,2024,Direct Report,LEAD_005,3.2
L360_0498,TL004,2024,Peer,LEAD_005,3.6
L360_0499,TL004,2024,Boss,LEAD_006,3.7
L360_0500,TL004,2024,Direct Report,LEAD_006,2.4
L360_0501,TL004,2024,Peer,LEAD_006,4.4
L360_0502,TL004,2024,Boss,LEAD_007,3.2
L360_0503,TL004,2024,Direct Report,LEAD_007,2.9
L360_0504,TL004,2024,Peer,LEAD_007,3.4
L360_0505,TL005,2022,Boss,LEAD_001,3.6
L360_0506,TL005,2022,Direct Report,LEAD_001,4.4
L360_0507,TL005,2022,Peer,LEAD_001,3.7
L360_0508,TL005,2022,Boss,LEAD_002,4.0
L360_0509,TL005,2022,Direct Report,LEAD_002,3.7
L360_0510,TL005,2022,Peer,LEAD_002,3.7
L360_0511,TL005,2022,Boss,LEAD_003,3.9
L360_0512,TL005,2022,Direct Report,LEAD_003,2.3
L360_0513,TL005,2022,Peer,LEAD_003,3.5
L360_0514,TL005,2022,Boss,LEAD_004,4.3
L360_0515,TL005,2022,Direct Report,LEAD_004,5.0
L360_0516,TL005,2022,Peer,LEAD_004,3.0
L360_0517,TL005,2022,Boss,LEAD_005,3.9
L360_0518,TL005,2022,Direct Report,LEAD_005,3.2
L360_0519,TL005,2022,Peer,LEAD_005,4.6
L360_0520,TL005,2022,Boss,LEAD_006,3.0
L360_0521,TL005,2022,Direct Report,LEAD_006,3.9
L360_0522,TL005,2022,Peer,LEAD_006,2.9
L360_0523,TL005,2022,Boss,LEAD_007,3.5
L360_0524,TL005,2022,Direct Report,LEAD_007,3.5
L360_0525,TL005,2022,Peer,LEAD_007,4.1
L360_0526,TL005,2023,Boss,LEAD_001,3.2
L360_0527,TL005,2023,Direct Report,LEAD_001,3.9
L360_0528,TL005,2023,Peer,LEAD_001,3.6
L360_0529,TL005,2023,Boss,LEAD_002,3.8
L360_0530,TL005,2023,Direct Report,LEAD_002,4.1
L360_0531,TL005,2023,Peer,LEAD_002,3.0
L360_0532,TL005,2023,Boss,LEAD_003,4.1
L360_0533,TL005,2023,Direct Report,LEAD_003,3.2
L360_0534,TL005,2023,Peer,LEAD_003,4.1
L360_0535,TL005,2023,Boss,LEAD_004,3.9
L360_0536,TL005,2023,Direct Report,LEAD_004,3.4
L360_0537,TL005,2023,Peer,LEAD_004,3.3
L360_0538,TL005,2023,Boss,LEAD_005,4.1
L360_0539,TL005,2023,Direct Report,LEAD_005,4.3
L360_0540,TL005,2023,Peer,LEAD_005,3.3
L360_0541,TL005,2023,Boss,LEAD_006,3.1
L360_0542,TL005,2023,Direct Report,LEAD_006,3.9
L360_0543,TL005,2023,Peer,LEAD_006,2.9
L360_0544,TL005,2023,Boss,LEAD_007,3.0
L360_0545,TL005,2023,Direct Report,LEAD_007,2.9
L360_0546,TL005,2023,Peer,LEAD_007,3.4
L360_0547,TL005,2024,Boss,LEAD_001,3.0
L360_0548,TL005,2024,Direct Report,LEAD_001,2.3
L360_0549,TL005,2024,Peer,LEAD_001,3.0
L360_0550,TL005,2024,Boss,LEAD_002,4.0
L360_0551,TL005,2024,Direct Report,LEAD_002,2.7
L360_0552,TL005,2024,Peer,LEAD_002,3.4
L360_0553,TL005,2024,Boss,LEAD_003,4.7
L360_0554,TL005,2024,Direct Report,LEAD_003,3.5
L360_0555,TL005,2024,Peer,LEAD_003,3.8
L360_0556,TL005,2024,Boss,LEAD_004,3.2
L360_0557,TL005,2024,Direct Report,LEAD_004,4.8
L360_0558,TL005,2024,Peer,LEAD_004,3.3
L360_0559,TL005,2024,Boss,LEAD_005,3.6
L360_0560,TL005,2024,Direct Report,LEAD_005,4.3
L360_0561,TL005,2024,Peer,LEAD_005,3.5
L360_0562,TL005,2024,Boss,LEAD_006,3.7
L360_0563,TL005,2024,Direct Report,LEAD_006,3.3
L360_0564,TL005,2024,Peer,LEAD_006,3.5
L360_0565,TL005,2024,Boss,LEAD_007,3.9
L360_0566,TL005,2024,Direct Report,LEAD_007,3.8
L360_0567,TL005,2024,Peer,LEAD_007,3.3
L360_0568,TL006,2022,Boss,LEAD_001,3.3
L360_0569,TL006,2022,Direct Report,LEAD_001,3.1
L360_0570,TL006,2022,Peer,LEAD_001,2.9
L360_0571,TL006,2022,Boss,LEAD_002,2.9
L360_0572,TL006,2022,Direct Report,LEAD_002,3.7
L360_0573,TL006,2022,Peer,LEAD_002,4.1
L360_0574,TL006,2022,Boss,LEAD_003,4.1
L360_0575,TL006,2022,Direct Report,LEAD_003,2.1
L360_0576,TL006,2022,Peer,LEAD_003,3.5
L360_0577,TL006,2022,Boss,LEAD_004,3.1
L360_0578,TL006,2022,Direct Report,LEAD_004,3.6
L360_0579,TL006,2022,Peer,LEAD_004,3.4
L360_0580,TL006,2022,Boss,LEAD_005,4.0
L360_0581,TL006,2022,Direct Report,LEAD_005,3.5
L360_0582,TL006,2022,Peer,LEAD_005,2.7
L360_0583,TL006,2022,Boss,LEAD_006,3.2
L360_0584,TL006,2022,Direct Report,LEAD_006,3.5
L360_0585,TL006,2022,Peer,LEAD_006,3.6
L360_0586,TL006,2022,Boss,LEAD_007,3.0
L360_0587,TL006,2022,Direct Report,LEAD_007,2.6
L360_0588,TL006,2022,Peer,LEAD_007,3.6
L360_0589,TL006,2023,Boss,LEAD_001,3.0
L360_0590,TL006,2023,Direct Report,LEAD_001,2.5
L360_0591,TL006,2023,Peer,LEAD_001,3.4
L360_0592,TL006,2023,Boss,LEAD_002,3.5
L360_0593,TL006,2023,Direct Report,LEAD_002,3.0
L360_0594,TL006,2023,Peer,LEAD_002,3.2
L360_0595,TL006,2023,Boss,LEAD_003,3.7
L360_0596,TL006,2023,Direct Report,LEAD_003,3.1
L360_0597,TL006,2023,Peer,LEAD_003,3.6
L360_0598,TL006,2023,Boss,LEAD_004,3.5
L360_0599,TL006,2023,Direct Report,LEAD_004,3.6
L360_0600,TL006,2023,Peer,LEAD_004,4.0
L360_0601,TL006,2023,Boss,LEAD_005,4.1
L360_0602,TL006,2023,Direct Report,LEAD_005,4.3
L360_0603,TL006,2023,Peer,LEAD_005,4.0
L360_0604,TL006,2023,Boss,LEAD_006,3.8
L360_0605,TL006,2023,Direct Report,LEAD_006,3.2
L360_0606,TL006,2023,Peer,LEAD_006,3.4
L360_0607,TL006,2023,Boss,LEAD_007,3.3
L360_0608,TL006,2023,Direct Report,LEAD_007,3.5
L360_0609,TL006,2023,Peer,LEAD_007,3.9
L360_0610,TL006,2024,Boss,LEAD_001,3.3
L360_0611,TL006,2024,Direct Report,LEAD_001,3.5
L360_0612,TL006,2024,Peer,LEAD_001,3.3
L360_0613,TL006,2024,Boss,LEAD_002,3.8
L360_0614,TL006,2024,Direct Report,LEAD_002,3.2
L360_0615,TL006,2024,Peer,LEAD_002,3.2
L360_0616,TL006,2024,Boss,LEAD_003,3.4
L360_0617,TL006,2024,Direct Report,LEAD_003,3.8
L360_0618,TL006,2024,Peer,LEAD_003,3.6
L360_0619,TL006,2024,Boss,LEAD_004,3.5
L360_0620,TL006,2024,Direct Report,LEAD_004,3.7
L360_0621,TL006,2024,Peer,LEAD_004,3.4
L360_0622,TL006,2024,Boss,LEAD_005,4.3
L360_0623,TL006,2024,Direct Report,LEAD_005,2.9
L360_0624,TL006,2024,Peer,LEAD_005,3.5
L360_0625,TL006,2024,Boss,LEAD_006,3.0
L360_0626,TL006,2024,Direct Report,LEAD_006,3.3
L360_0627,TL006,2024,Peer,LEAD_006,2.8
L360_0628,TL006,2024,Boss,LEAD_007,4.1
L360_0629,TL006,2024,Direct Report,LEAD_007,4.0
L360_0630,TL006,2024,Peer,LEAD_007,4.0
L360_0631,TL007,2022,Boss,LEAD_001,3.7
L360_0632,TL007,2022,Direct Report,LEAD_001,3.0
L360_0633,TL007,2022,Peer,LEAD_001,3.2
L360_0634,TL007,2022,Boss,LEAD_002,4.5
L360_0635,TL007,2022,Direct Report,LEAD_002,4.4
L360_0636,TL007,2022,Peer,LEAD_002,3.7
L360_0637,TL007,2022,Boss,LEAD_003,3.4
L360_0638,TL007,2022,Direct Report,LEAD_003,4.3
L360_0639,TL007,2022,Peer,LEAD_003,3.3
L360_0640,TL007,2022,Boss,LEAD_004,3.8
L360_0641,TL007,2022,Direct Report,LEAD_004,4.3
L360_0642,TL007,2022,Peer,LEAD_004,3.2
L360_0643,TL007,2022,Boss,LEAD_005,4.1
L360_0644,TL007,2022,Direct Report,LEAD_005,3.8
L360_0645,TL007,2022,Peer,LEAD_005,3.6
L360_0646,TL007,2022,Boss,LEAD_006,3.2
L360_0647,TL007,2022,Direct Report,LEAD_006,3.1
L360_0648,TL007,2022,Peer,LEAD_006,3.7
L360_0649,TL007,2022,Boss,LEAD_007,3.0
L360_0650,TL007,2022,Direct Report,LEAD_007,3.6
L360_0651,TL007,2022,Peer,LEAD_007,3.9
L360_0652,TL007,2023,Boss,LEAD_001,4.2
L360_0653,TL007,2023,Direct Report,LEAD_001,2.7
L360_0654,TL007,2023,Peer,LEAD_001,4.3
L360_0655,TL007,2023,Boss,LEAD_002,4.5
L360_0656,TL007,2023,Direct Report,LEAD_002,3.7
L360_0657,TL007,2023,Peer,LEAD_002,3.1
L360_0658,TL007,2023,Boss,LEAD_003,3.5
L360_0659,TL007,2023,Direct Report,LEAD_003,3.5
L360_0660,TL007,2023,Peer,LEAD_003,3.7
L360_0661,TL007,2023,Boss,LEAD_004,3.7
L360_0662,TL007,2023,Direct Report,LEAD_004,3.7
L360_0663,TL007,2023,Peer,LEAD_004,3.6
L360_0664,TL007,2023,Boss,LEAD_005,3.8
L360_0665,TL007,2023,Direct Report,LEAD_005,3.2
L360_0666,TL007,2023,Peer,LEAD_005,3.4
L360_0667,TL007,2023,Boss,LEAD_006,3.4
L360_0668,TL007,2023,Direct Report,LEAD_006,4.7
L360_0669,TL007,2023,Peer,LEAD_006,4.3
L360_0670,TL007,2023,Boss,LEAD_007,4.0
L360_0671,TL007,2023,Direct Report,LEAD_007,4.3
L360_0672,TL007,2023,Peer,LEAD_007,4.0
L360_0673,TL007,2024,Boss,LEAD_001,3.8
L360_0674,TL007,2024,Direct Report,LEAD_001,2.6
L360_0675,TL007,2024,Peer,LEAD_001,3.5
L360_0676,TL007,2024,Boss,LEAD_002,3.5
L360_0677,TL007,2024,Direct Report,LEAD_002,2.8
L360_0678,TL007,2024,Peer,LEAD_002,2.9
L360_0679,TL007,2024,Boss,LEAD_003,3.9
L360_0680,TL007,2024,Direct Report,LEAD_003,3.7
L360_0681,TL007,2024,Peer,LEAD_003,3.0
L360_0682,TL007,2024,Boss,LEAD_004,3.3
L360_0683,TL007,2024,Direct Report,LEAD_004,4.2
L360_0684,TL007,2024,Peer,LEAD_004,3.2
L360_0685,TL007,2024,Boss,LEAD_005,3.8
L360_0686,TL007,2024,Direct Report,LEAD_005,3.4
L360_0687,TL007,2024,Peer,LEAD_005,3.9
L360_0688,TL007,2024,Boss,LEAD_006,3.3
L360_0689,TL007,2024,Direct Report,LEAD_006,3.6
L360_0690,TL007,2024,Peer,LEAD_006,3.7
L360_0691,TL007,2024,Boss,LEAD_007,3.8
L360_0692,TL007,2024,Direct Report,LEAD_007,3.5
L360_0693,TL007,2024,Peer,LEAD_007,3.8
L360_0694,TL008,2022,Boss,LEAD_001,4.8
L360_0695,TL008,2022,Direct Report,LEAD_001,5.0
L360_0696,TL008,2022,Peer,LEAD_001,3.3
L360_0697,TL008,2022,Boss,LEAD_002,2.5
L360_0698,TL008,2022,Direct Report,LEAD_002,3.9
L360_0699,TL008,2022,Peer,LEAD_002,3.7
L360_0700,TL008,2022,Boss,LEAD_003,4.2
L360_0701,TL008,2022,Direct Report,LEAD_003,3.7
L360_0702,TL008,2022,Peer,LEAD_003,3.6
L360_0703,TL008,2022,Boss,LEAD_004,4.3
L360_0704,TL008,2022,Direct Report,LEAD_004,4.3
L360_0705,TL008,2022,Peer,LEAD_004,2.9
L360_0706,TL008,2022,Boss,LEAD_005,3.3
L360_0707,TL008,2022,Direct Report,LEAD_005,3.4
L360_0708,TL008,2022,Peer,LEAD_005,3.6
L360_0709,TL008,2022,Boss,LEAD_006,3.6
L360_0710,TL008,2022,Direct Report,LEAD_006,3.8
L360_0711,TL008,2022,Peer,LEAD_006,4.1
L360_0712,TL008,2022,Boss,LEAD_007,4.6
L360_0713,TL008,2022,Direct Report,LEAD_007,3.8
L360_0714,TL008,2022,Peer,LEAD_007,3.2
L360_0715,TL008,2023,Boss,LEAD_001,3.6
L360_0716,TL008,2023,Direct Report,LEAD_001,3.5
L360_0717,TL008,2023,Peer,LEAD_001,3.9
L360_0718,TL008,2023,Boss,LEAD_002,3.9
L360_0719,TL008,2023,Direct Report,LEAD_002,4.7
L360_0720,TL008,2023,Peer,LEAD_002,3.4
L360_0721,TL008,2023,Boss,LEAD_003,3.9
L360_0722,TL008,2023,Direct Report,LEAD_003,4.9
L360_0723,TL008,2023,Peer,LEAD_003,3.3
L360_0724,TL008,2023,Boss,LEAD_004,3.8
L360_0725,TL008,2023,Direct Report,LEAD_004,2.9
L360_0726,TL008,2023,Peer,LEAD_004,3.6
L360_0727,TL008,2023,Boss,LEAD_005,3.3
L360_0728,TL008,2023,Direct Report,LEAD_005,4.1
L360_0729,TL008,2023,Peer,LEAD_005,3.7
L360_0730,TL008,2023,Boss,LEAD_006,3.2
L360_0731,TL008,2023,Direct Report,LEAD_006,4.0
L360_0732,TL008,2023,Peer,LEAD_006,3.7
L360_0733,TL008,2023,Boss,LEAD_007,4.2
L360_0734,TL008,2023,Direct Report,LEAD_007,2.8
L360_0735,TL008,2023,Peer,LEAD_007,3.8
L360_0736,TL008,2024,Boss,LEAD_001,4.1
L360_0737,TL008,2024,Direct Report,LEAD_001,3.2
L360_0738,TL008,2024,Peer,LEAD_001,3.0
L360_0739,TL008,2024,Boss,LEAD_002,3.7
L360_0740,TL008,2024,Direct Report,LEAD_002,4.2
L360_0741,TL008,2024,Peer,LEAD_002,4.2
L360_0742,TL008,2024,Boss,LEAD_003,3.5
L360_0743,TL008,2024,Direct Report,LEAD_003,2.7
L360_0744,TL008,2024,Peer,LEAD_003,3.4
L360_0745,TL008,2024,Boss,LEAD_004,3.5
L360_0746,TL008,2024,Direct Report,LEAD_004,3.8
L360_0747,TL008,2024,Peer,LEAD_004,3.5
L360_0748,TL008,2024,Boss,LEAD_005,3.3
L360_0749,TL008,2024,Direct Report,LEAD_005,4.2
L360_0750,TL008,2024,Peer,LEAD_005,3.7
L360_0751,TL008,2024,Boss,LEAD_006,3.9
L360_0752,TL008,2024,Direct Report,LEAD_006,2.5
L360_0753,TL008,2024,Peer,LEAD_006,2.4
L360_0754,TL008,2024,Boss,LEAD_007,3.0
L360_0755,TL008,2024,Direct Report,LEAD_007,3.2
L360_0756,TL008,2024,Peer,LEAD_007,3.9
L360_0757,TL009,2022,Boss,LEAD_001,2.5
L360_0758,TL009,2022,Direct Report,LEAD_001,4.5
L360_0759,TL009,2022,Peer,LEAD_001,3.7
L360_0760,TL009,2022,Boss,LEAD_002,4.4
L360_0761,TL009,2022,Direct Report,LEAD_002,3.0
L360_0762,TL009,2022,Peer,LEAD_002,3.9
L360_0763,TL009,2022,Boss,LEAD_003,3.7
L360_0764,TL009,2022,Direct Report,LEAD_003,4.0
L360_0765,TL009,2022,Peer,LEAD_003,3.5
L360_0766,TL009,2022,Boss,LEAD_004,3.9
L360_0767,TL009,2022,Direct Report,LEAD_004,4.2
L360_0768,TL009,2022,Peer,LEAD_004,3.3
L360_0769,TL009,2022,Boss,LEAD_005,3.8
L360_0770,TL009,2022,Direct Report,LEAD_005,2.4
L360_0771,TL009,2022,Peer,LEAD_005,4.0
L360_0772,TL009,2022,Boss,LEAD_006,4.7
L360_0773,TL009,2022,Direct Report,LEAD_006,2.8
L360_0774,TL009,2022,Peer,LEAD_006,3.6
L360_0775,TL009,2022,Boss,LEAD_007,4.1
L360_0776,TL009,2022,Direct Report,LEAD_007,3.5
L360_0777,TL009,2022,Peer,LEAD_007,3.7
L360_0778,TL009,2023,Boss,LEAD_001,3.5
L360_0779,TL009,2023,Direct Report,LEAD_001,3.2
L360_0780,TL009,2023,Peer,LEAD_001,3.6
L360_0781,TL009,2023,Boss,LEAD_002,3.7
L360_0782,TL009,2023,Direct Report,LEAD_002,2.8
L360_0783,TL009,2023,Peer,LEAD_002,3.6
L360_0784,TL009,2023,Boss,LEAD_003,4.5
L360_0785,TL009,2023,Direct Report,LEAD_003,3.2
L360_0786,TL009,2023,Peer,LEAD_003,3.0
L360_0787,TL009,2023,Boss,LEAD_004,3.6
L360_0788,TL009,2023,Direct Report,LEAD_004,3.1
L360_0789,TL009,2023,Peer,LEAD_004,2.9
L360_0790,TL009,2023,Boss,LEAD_005,3.8
L360_0791,TL009,2023,Direct Report,LEAD_005,3.1
L360_0792,TL009,2023,Peer,LEAD_005,3.3
L360_0793,TL009,2023,Boss,LEAD_006,3.8
L360_0794,TL009,2023,Direct Report,LEAD_006,2.6
L360_0795,TL009,2023,Peer,LEAD_006,2.7
L360_0796,TL009,2023,Boss,LEAD_007,4.0
L360_0797,TL009,2023,Direct Report,LEAD_007,2.3
L360_0798,TL009,2023,Peer,LEAD_007,3.1
L360_0799,TL009,2024,Boss,LEAD_001,2.8
L360_0800,TL009,2024,Direct Report,LEAD_001,3.2
L360_0801,TL009,2024,Peer,LEAD_001,3.8
L360_0802,TL009,2024,Boss,LEAD_002,3.8
L360_0803,TL009,2024,Direct Report,LEAD_002,4.9
L360_0804,TL009,2024,Peer,LEAD_002,4.1
L360_0805,TL009,2024,Boss,LEAD_003,3.2
L360_0806,TL009,2024,Direct Report,LEAD_003,2.8
L360_0807,TL009,2024,Peer,LEAD_003,5.0
L360_0808,TL009,2024,Boss,LEAD_004,4.2
L360_0809,TL009,2024,Direct Report,LEAD_004,3.9
L360_0810,TL009,2024,Peer,LEAD_004,3.6
L360_0811,TL009,2024,Boss,LEAD_005,3.8
L360_0812,TL009,2024,Direct Report,LEAD_005,2.6
L360_0813,TL009,2024,Peer,LEAD_005,3.7
L360_0814,TL009,2024,Boss,LEAD_006,3.7
L360_0815,TL009,2024,Direct Report,LEAD_006,3.0
L360_0816,TL009,2024,Peer,LEAD_006,3.3
L360_0817,TL009,2024,Boss,LEAD_007,4.5
L360_0818,TL009,2024,Direct Report,LEAD_007,3.4
L360_0819,TL009,2024,Peer,LEAD_007,4.6
L360_0820,TL010,2022,Boss,LEAD_001,2.8
L360_0821,TL010,2022,Direct Report,LEAD_001,3.2
L360_0822,TL010,2022,Peer,LEAD_001,2.8
L360_0823,TL010,2022,Boss,LEAD_002,3.1
L360_0824,TL010,2022,Direct Report,LEAD_002,3.0
L360_0825,TL010,2022,Peer,LEAD_002,3.8
L360_0826,TL010,2022,Boss,LEAD_003,3.8
L360_0827,TL010,2022,Direct Report,LEAD_003,3.1
L360_0828,TL010,2022,Peer,LEAD_003,2.5
L360_0829,TL010,2022,Boss,LEAD_004,4.4
L360_0830,TL010,2022,Direct Report,LEAD_004,3.3
L360_0831,TL010,2022,Peer,LEAD_004,3.0
L360_0832,TL010,2022,Boss,LEAD_005,3.8
L360_0833,TL010,2022,Direct Report,LEAD_005,3.6
L360_0834,TL010,2022,Peer,LEAD_005,3.4
L360_0835,TL010,2022,Boss,LEAD_006,3.8
L360_0836,TL010,2022,Direct Report,LEAD_006,2.8
L360_0837,TL010,2022,Peer,LEAD_006,4.0
L360_0838,TL010,2022,Boss,LEAD_007,3.2
L360_0839,TL010,2022,Direct Report,LEAD_007,3.1
L360_0840,TL010,2022,Peer,LEAD_007,3.9
L360_0841,TL010,2023,Boss,LEAD_001,4.3
L360_0842,TL010,2023,Direct Report,LEAD_001,4.5
L360_0843,TL010,2023,Peer,LEAD_001,4.1
L360_0844,TL010,2023,Boss,LEAD_002,3.5
L360_0845,TL010,2023,Direct Report,LEAD_002,2.6
L360_0846,TL010,2023,Peer,LEAD_002,4.3
L360_0847,TL010,2023,Boss,LEAD_003,4.4
L360_0848,TL010,2023,Direct Report,LEAD_003,3.1
L360_0849,TL010,2023,Peer,LEAD_003,4.1
L360_0850,TL010,2023,Boss,LEAD_004,3.5
L360_0851,TL010,2023,Direct Report,LEAD_004,4.4
L360_0852,TL010,2023,Peer,LEAD_004,3.3
L360_0853,TL010,2023,Boss,LEAD_005,4.7
L360_0854,TL010,2023,Direct Report,LEAD_005,4.0
L360_0855,TL010,2023,Peer,LEAD_005,4.5
L360_0856,TL010,2023,Boss,LEAD_006,3.5
L360_0857,TL010,2023,Direct Report,LEAD_006,3.7
L360_0858,TL010,2023,Peer,LEAD_006,3.1
L360_0859,TL010,2023,Boss,LEAD_007,4.1
L360_0860,TL010,2023,Direct Report,LEAD_007,4.0
L360_0861,TL010,2023,Peer,LEAD_007,4.8
L360_0862,TL010,2024,Boss,LEAD_001,3.9
L360_0863,TL010,2024,Direct Report,LEAD_001,3.9
L360_0864,TL010,2024,Peer,LEAD_001,3.4
L360_0865,TL010,2024,Boss,LEAD_002,4.0
L360_0866,TL010,2024,Direct Report,LEAD_002,3.3
L360_0867,TL010,2024,Peer,LEAD_002,3.7
L360_0868,TL010,2024,Boss,LEAD_003,3.8
L360_0869,TL010,2024,Direct Report,LEAD_003,3.3
L360_0870,TL010,2024,Peer,LEAD_003,3.6
L360_0871,TL010,2024,Boss,LEAD_004,3.5
L360_0872,TL010,2024,Direct Report,LEAD_004,3.3
L360_0873,TL010,2024,Peer,LEAD_004,4.1
L360_0874,TL010,2024,Boss,LEAD_005,3.8
L360_0875,TL010,2024,Direct Report,LEAD_005,3.7
L360_0876,TL010,2024,Peer,LEAD_005,2.9
L360_0877,TL010,2024,Boss,LEAD_006,3.9
L360_0878,TL010,2024,Direct Report,LEAD_006,3.8
L360_0879,TL010,2024,Peer,LEAD_006,3.4
L360_0880,TL010,2024,Boss,LEAD_007,4.7
L360_0881,TL010,2024,Direct Report,LEAD_007,2.1
L360_0882,TL010,2024,Peer,LEAD_007,4.0
L360_0883,EMP041,2022,Boss,LEAD_001,4.1
L360_0884,EMP041,2022,Direct Report,LEAD_001,3.8
L360_0885,EMP041,2022,Peer,LEAD_001,3.7
L360_0886,EMP041,2022,Boss,LEAD_002,4.0
L360_0887,EMP041,2022,Direct Report,LEAD_002,4.0
L360_0888,EMP041,2022,Peer,LEAD_002,3.2
L360_0889,EMP041,2022,Boss,LEAD_003,3.8
L360_0890,EMP041,2022,Direct Report,LEAD_003,3.4
L360_0891,EMP041,2022,Peer,LEAD_003,3.1
L360_0892,EMP041,2022,Boss,LEAD_004,4.1
L360_0893,EMP041,2022,Direct Report,LEAD_004,3.2
L360_0894,EMP041,2022,Peer,LEAD_004,2.9
L360_0895,EMP041,2022,Boss,LEAD_005,3.4
L360_0896,EMP041,2022,Direct Report,LEAD_005,3.0
L360_0897,EMP041,2022,Peer,LEAD_005,4.1
L360_0898,EMP041,2022,Boss,LEAD_006,3.8
L360_0899,EMP041,2022,Direct Report,LEAD_006,4.3
L360_0900,EMP041,2022,Peer,LEAD_006,3.3
L360_0901,EMP041,2022,Boss,LEAD_007,4.1
L360_0902,EMP041,2022,Direct Report,LEAD_007,5.0
L360_0903,EMP041,2022,Peer,LEAD_007,3.8
L360_0904,EMP041,2023,Boss,LEAD_001,4.1
L360_0905,EMP041,2023,Direct Report,LEAD_001,3.9
L360_0906,EMP041,2023,Peer,LEAD_001,2.9
L360_0907,EMP041,2023,Boss,LEAD_002,4.0
L360_0908,EMP041,2023,Direct Report,LEAD_002,3.7
L360_0909,EMP041,2023,Peer,LEAD_002,3.5
L360_0910,EMP041,2023,Boss,LEAD_003,3.3
L360_0911,EMP041,2023,Direct Report,LEAD_003,3.9
L360_0912,EMP041,2023,Peer,LEAD_003,3.1
L360_0913,EMP041,2023,Boss,LEAD_004,4.8
L360_0914,EMP041,2023,Direct Report,LEAD_004,3.6
L360_0915,EMP041,2023,Peer,LEAD_004,3.0
L360_0916,EMP041,2023,Boss,LEAD_005,3.4
L360_0917,EMP041,2023,Direct Report,LEAD_005,3.3
L360_0918,EMP041,2023,Peer,LEAD_005,4.8
L360_0919,EMP041,2023,Boss,LEAD_006,3.3
L360_0920,EMP041,2023,Direct Report,LEAD_006,3.4
L360_0921,EMP041,2023,Peer,LEAD_006,3.3
L360_0922,EMP041,2023,Boss,LEAD_007,3.9
L360_0923,EMP041,2023,Direct Report,LEAD_007,3.2
L360_0924,EMP041,2023,Peer,LEAD_007,3.0
L360_0925,EMP041,2024,Boss,LEAD_001,3.6
L360_0926,EMP041,2024,Direct Report,LEAD_001,3.3
L360_0927,EMP041,2024,Peer,LEAD_001,3.3
L360_0928,EMP041,2024,Boss,LEAD_002,3.4
L360_0929,EMP041,2024,Direct Report,LEAD_002,4.2
L360_0930,EMP041,2024,Peer,LEAD_002,3.4
L360_0931,EMP041,2024,Boss,LEAD_003,3.1
L360_0932,EMP041,2024,Direct Report,LEAD_003,3.2
L360_0933,EMP041,2024,Peer,LEAD_003,3.6
L360_0934,EMP041,2024,Boss,LEAD_004,3.0
L360_0935,EMP041,2024,Direct Report,LEAD_004,4.5
L360_0936,EMP041,2024,Peer,LEAD_004,4.0
L360_0937,EMP041,2024,Boss,LEAD_005,4.4
L360_0938,EMP041,2024,Direct Report,LEAD_005,3.7
L360_0939,EMP041,2024,Peer,LEAD_005,2.6
L360_0940,EMP041,2024,Boss,LEAD_006,4.5
L360_0941,EMP041,2024,Direct Report,LEAD_006,3.0
L360_0942,EMP041,2024,Peer,LEAD_006,3.2
L360_0943,EMP041,2024,Boss,LEAD_007,3.8
L360_0944,EMP041,2024,Direct Report,LEAD_007,4.3
L360_0945,EMP041,2024,Peer,LEAD_007,4.1
L360_0946,EMP087,2022,Boss,LEAD_001,4.2
L360_0947,EMP087,2022,Direct Report,LEAD_001,3.3
L360_0948,EMP087,2022,Peer,LEAD_001,3.4
L360_0949,EMP087,2022,Boss,LEAD_002,3.9
L360_0950,EMP087,2022,Direct Report,LEAD_002,3.4
L360_0951,EMP087,2022,Peer,LEAD_002,4.0
L360_0952,EMP087,2022,Boss,LEAD_003,4.1
L360_0953,EMP087,2022,Direct Report,LEAD_003,3.9
L360_0954,EMP087,2022,Peer,LEAD_003,2.3
L360_0955,EMP087,2022,Boss,LEAD_004,3.8
L360_0956,EMP087,2022,Direct Report,LEAD_004,3.4
L360_0957,EMP087,2022,Peer,LEAD_004,3.7
L360_0958,EMP087,2022,Boss,LEAD_005,3.3
L360_0959,EMP087,2022,Direct Report,LEAD_005,2.7
L360_0960,EMP087,2022,Peer,LEAD_005,3.8
L360_0961,EMP087,2022,Boss,LEAD_006,3.5
L360_0962,EMP087,2022,Direct Report,LEAD_006,3.8
L360_0963,EMP087,2022,Peer,LEAD_006,3.3
L360_0964,EMP087,2022,Boss,LEAD_007,4.4
L360_0965,EMP087,2022,Direct Report,LEAD_007,4.1
L360_0966,EMP087,2022,Peer,LEAD_007,3.7
L360_0967,EMP087,2023,Boss,LEAD_001,3.6
L360_0968,EMP087,2023,Direct Report,LEAD_001,4.0
L360_0969,EMP087,2023,Peer,LEAD_001,3.8
L360_0970,EMP087,2023,Boss,LEAD_002,3.8
L360_0971,EMP087,2023,Direct Report,LEAD_002,4.1
L360_0972,EMP087,2023,Peer,LEAD_002,4.3
L360_0973,EMP087,2023,Boss,LEAD_003,3.1
L360_0974,EMP087,2023,Direct Report,LEAD_003,2.9
L360_0975,EMP087,2023,Peer,LEAD_003,3.2
L360_0976,EMP087,2023,Boss,LEAD_004,2.9
L360_0977,EMP087,2023,Direct Report,LEAD_004,3.5
L360_0978,EMP087,2023,Peer,LEAD_004,3.9
L360_0979,EMP087,2023,Boss,LEAD_005,3.7
L360_0980,EMP087,2023,Direct Report,LEAD_005,3.2
L360_0981,EMP087,2023,Peer,LEAD_005,4.2
L360_0982,EMP087,2023,Boss,LEAD_006,3.8
L360_0983,EMP087,2023,Direct Report,LEAD_006,3.7
L360_0984,EMP087,2023,Peer,LEAD_006,4.2
L360_0985,EMP087,2023,Boss,LEAD_007,3.6
L360_0986,EMP087,2023,Direct Report,LEAD_007,4.7
L360_0987,EMP087,2023,Peer,LEAD_007,3.4
L360_0988,EMP087,2024,Boss,LEAD_001,4.7
L360_0989,EMP087,2024,Direct Report,LEAD_001,2.9
L360_0990,EMP087,2024,Peer,LEAD_001,3.9
L360_0991,EMP087,2024,Boss,LEAD_002,3.4
L360_0992,EMP087,2024,Direct Report,LEAD_002,4.2
L360_0993,EMP087,2024,Peer,LEAD_002,3.4
L360_0994,EMP087,2024,Boss,LEAD_003,3.8
L360_0995,EMP087,2024,Direct Report,LEAD_003,3.1
L360_0996,EMP087,2024,Peer,LEAD_003,4.1
L360_0997,EMP087,2024,Boss,LEAD_004,3.4
L360_0998,EMP087,2024,Direct Report,LEAD_004,4.5
L360_0999,EMP087,2024,Peer,LEAD_004,3.1
L360_1000,EMP087,2024,Boss,LEAD_005,3.0
L360_1001,EMP087,2024,Direct Report,LEAD_005,4.1
L360_1002,EMP087,2024,Peer,LEAD_005,3.3
L360_1003,EMP087,2024,Boss,LEAD_006,3.7
L360_1004,EMP087,2024,Direct Report,LEAD_006,3.3
L360_1005,EMP087,2024,Peer,LEAD_006,2.9
L360_1006,EMP087,2024,Boss,LEAD_007,3.7
L360_1007,EMP087,2024,Direct Report,LEAD_007,4.3
L360_1008,EMP087,2024,Peer,LEAD_007,4.1
L360_1009,EMP106,2022,Boss,LEAD_001,3.8
L360_1010,EMP106,2022,Direct Report,LEAD_001,4.2
L360_1011,EMP106,2022,Peer,LEAD_001,3.1
L360_1012,EMP106,2022,Boss,LEAD_002,3.5
L360_1013,EMP106,2022,Direct Report,LEAD_002,3.7
L360_1014,EMP106,2022,Peer,LEAD_002,3.5
L360_1015,EMP106,2022,Boss,LEAD_003,3.6
L360_1016,EMP106,2022,Direct Report,LEAD_003,2.8
L360_1017,EMP106,2022,Peer,LEAD_003,2.6
L360_1018,EMP106,2022,Boss,LEAD_004,4.1
L360_1019,EMP106,2022,Direct Report,LEAD_004,3.6
L360_1020,EMP106,2022,Peer,LEAD_004,4.1
L360_1021,EMP106,2022,Boss,LEAD_005,3.5
L360_1022,EMP106,2022,Direct Report,LEAD_005,3.1
L360_1023,EMP106,2022,Peer,LEAD_005,3.6
L360_1024,EMP106,2022,Boss,LEAD_006,4.1
L360_1025,EMP106,2022,Direct Report,LEAD_006,3.4
L360_1026,EMP106,2022,Peer,LEAD_006,4.0
L360_1027,EMP106,2022,Boss,LEAD_007,3.2
L360_1028,EMP106,2022,Direct Report,LEAD_007,3.4
L360_1029,EMP106,2022,Peer,LEAD_007,3.6
L360_1030,EMP106,2023,Boss,LEAD_001,4.3
L360_1031,EMP106,2023,Direct Report,LEAD_001,3.6
L360_1032,EMP106,2023,Peer,LEAD_001,4.5
L360_1033,EMP106,2023,Boss,LEAD_002,3.0
L360_1034,EMP106,2023,Direct Report,LEAD_002,3.6
L360_1035,EMP106,2023,Peer,LEAD_002,3.7
L360_1036,EMP106,2023,Boss,LEAD_003,4.0
L360_1037,EMP106,2023,Direct Report,LEAD_003,3.0
L360_1038,EMP106,2023,Peer,LEAD_003,4.4
L360_1039,EMP106,2023,Boss,LEAD_004,3.7
L360_1040,EMP106,2023,Direct Report,LEAD_004,2.8
L360_1041,EMP106,2023,Peer,LEAD_004,3.6
L360_1042,EMP106,2023,Boss,LEAD_005,3.5
L360_1043,EMP106,2023,Direct Report,LEAD_005,5.0
L360_1044,EMP106,2023,Peer,LEAD_005,4.1
L360_1045,EMP106,2023,Boss,LEAD_006,3.7
L360_1046,EMP106,2023,Direct Report,LEAD_006,3.4
L360_1047,EMP106,2023,Peer,LEAD_006,4.1
L360_1048,EMP106,2023,Boss,LEAD_007,4.2
L360_1049,EMP106,2023,Direct Report,LEAD_007,1.8
L360_1050,EMP106,2023,Peer,LEAD_007,3.9
L360_1051,EMP106,2024,Boss,LEAD_001,3.7
L360_1052,EMP106,2024,Direct Report,LEAD_001,2.7
L360_1053,EMP106,2024,Peer,LEAD_001,4.0
L360_1054,EMP106,2024,Boss,LEAD_002,4.8
L360_1055,EMP106,2024,Direct Report,LEAD_002,3.8
L360_1056,EMP106,2024,Peer,LEAD_002,4.2
L360_1057,EMP106,2024,Boss,LEAD_003,4.6
L360_1058,EMP106,2024,Direct Report,LEAD_003,3.0
L360_1059,EMP106,2024,Peer,LEAD_003,2.7
L360_1060,EMP106,2024,Boss,LEAD_004,4.0
L360_1061,EMP106,2024,Direct Report,LEAD_004,3.4
L360_1062,EMP106,2024,Peer,LEAD_004,2.9
L360_1063,EMP106,2024,Boss,LEAD_005,3.7
L360_1064,EMP106,2024,Direct Report,LEAD_005,3.9
L360_1065,EMP106,2024,Peer,LEAD_005,3.5
L360_1066,EMP106,2024,Boss,LEAD_006,3.3
L360_1067,EMP106,2024,Direct Report,LEAD_006,3.4
L360_1068,EMP106,2024,Peer,LEAD_006,3.6
L360_1069,EMP106,2024,Boss,LEAD_007,2.7
L360_1070,EMP106,2024,Direct Report,LEAD_007,3.4
L360_1071,EMP106,2024,Peer,LEAD_007,2.9
L360_1072,EMP113,2022,Boss,LEAD_001,4.0
L360_1073,EMP113,2022,Direct Report,LEAD_001,2.6
L360_1074,EMP113,2022,Peer,LEAD_001,4.1
L360_1075,EMP113,2022,Boss,LEAD_002,3.5
L360_1076,EMP113,2022,Direct Report,LEAD_002,3.2
L360_1077,EMP113,2022,Peer,LEAD_002,3.7
L360_1078,EMP113,2022,Boss,LEAD_003,3.3
L360_1079,EMP113,2022,Direct Report,LEAD_003,3.7
L360_1080,EMP113,2022,Peer,LEAD_003,3.2
L360_1081,EMP113,2022,Boss,LEAD_004,3.4
L360_1082,EMP113,2022,Direct Report,LEAD_004,3.7
L360_1083,EMP113,2022,Peer,LEAD_004,3.0
L360_1084,EMP113,2022,Boss,LEAD_005,3.1
L360_1085,EMP113,2022,Direct Report,LEAD_005,3.6
L360_1086,EMP113,2022,Peer,LEAD_005,3.6
L360_1087,EMP113,2022,Boss,LEAD_006,3.8
L360_1088,EMP113,2022,Direct Report,LEAD_006,3.7
L360_1089,EMP113,2022,Peer,LEAD_006,3.6
L360_1090,EMP113,2022,Boss,LEAD_007,4.0
L360_1091,EMP113,2022,Direct Report,LEAD_007,3.6
L360_1092,EMP113,2022,Peer,LEAD_007,2.6
L360_1093,EMP113,2023,Boss,LEAD_001,2.8
L360_1094,EMP113,2023,Direct Report,LEAD_001,4.7
L360_1095,EMP113,2023,Peer,LEAD_001,3.6
L360_1096,EMP113,2023,Boss,LEAD_002,4.2
L360_1097,EMP113,2023,Direct Report,LEAD_002,3.3
L360_1098,EMP113,2023,Peer,LEAD_002,3.6
L360_1099,EMP113,2023,Boss,LEAD_003,3.5
L360_1100,EMP113,2023,Direct Report,LEAD_003,5.0
L360_1101,EMP113,2023,Peer,LEAD_003,3.7
L360_1102,EMP113,2023,Boss,LEAD_004,3.4
L360_1103,EMP113,2023,Direct Report,LEAD_004,2.5
L360_1104,EMP113,2023,Peer,LEAD_004,4.6
L360_1105,EMP113,2023,Boss,LEAD_005,3.6
L360_1106,EMP113,2023,Direct Report,LEAD_005,3.9
L360_1107,EMP113,2023,Peer,LEAD_005,4.0
L360_1108,EMP113,2023,Boss,LEAD_006,3.5
L360_1109,EMP113,2023,Direct Report,LEAD_006,3.9
L360_1110,EMP113,2023,Peer,LEAD_006,3.3
L360_1111,EMP113,2023,Boss,LEAD_007,3.2
L360_1112,EMP113,2023,Direct Report,LEAD_007,4.2
L360_1113,EMP113,2023,Peer,LEAD_007,3.5
L360_1114,EMP113,2024,Boss,LEAD_001,4.0
L360_1115,EMP113,2024,Direct Report,LEAD_001,3.7
L360_1116,EMP113,2024,Peer,LEAD_001,3.9
L360_1117,EMP113,2024,Boss,LEAD_002,2.9
L360_1118,EMP113,2024,Direct Report,LEAD_002,3.1
L360_1119,EMP113,2024,Peer,LEAD_002,3.4
L360_1120,EMP113,2024,Boss,LEAD_003,3.3
L360_1121,EMP113,2024,Direct Report,LEAD_003,3.8
L360_1122,EMP113,2024,Peer,LEAD_003,4.2
L360_1123,EMP113,2024,Boss,LEAD_004,4.4
L360_1124,EMP113,2024,Direct Report,LEAD_004,3.3
L360_1125,EMP113,2024,Peer,LEAD_004,3.7
L360_1126,EMP113,2024,Boss,LEAD_005,3.9
L360_1127,EMP113,2024,Direct Report,LEAD_005,3.9
L360_1128,EMP113,2024,Peer,LEAD_005,3.2
L360_1129,EMP113,2024,Boss,LEAD_006,4.6
L360_1130,EMP113,2024,Direct Report,LEAD_006,4.1
L360_1131,EMP113,2024,Peer,LEAD_006,4.1
L360_1132,EMP113,2024,Boss,LEAD_007,4.3
L360_1133,EMP113,2024,Direct Report,LEAD_007,3.8
L360_1134,EMP113,2024,Peer,LEAD_007,3.1
L360_1135,EMP114,2022,Boss,LEAD_001,3.6
L360_1136,EMP114,2022,Direct Report,LEAD_001,2.5
L360_1137,EMP114,2022,Peer,LEAD_001,3.8
L360_1138,EMP114,2022,Boss,LEAD_002,3.6
L360_1139,EMP114,2022,Direct Report,LEAD_002,3.5
L360_1140,EMP114,2022,Peer,LEAD_002,4.2
L360_1141,EMP114,2022,Boss,LEAD_003,3.5
L360_1142,EMP114,2022,Direct Report,LEAD_003,3.3
L360_1143,EMP114,2022,Peer,LEAD_003,3.6
L360_1144,EMP114,2022,Boss,LEAD_004,2.8
L360_1145,EMP114,2022,Direct Report,LEAD_004,3.3
L360_1146,EMP114,2022,Peer,LEAD_004,2.4
L360_1147,EMP114,2022,Boss,LEAD_005,3.4
L360_1148,EMP114,2022,Direct Report,LEAD_005,4.0
L360_1149,EMP114,2022,Peer,LEAD_005,3.8
L360_1150,EMP114,2022,Boss,LEAD_006,3.4
L360_1151,EMP114,2022,Direct Report,LEAD_006,3.5
L360_1152,EMP114,2022,Peer,LEAD_006,3.1
L360_1153,EMP114,2022,Boss,LEAD_007,3.7
L360_1154,EMP114,2022,Direct Report,LEAD_007,5.0
L360_1155,EMP114,2022,Peer,LEAD_007,4.5
L360_1156,EMP114,2023,Boss,LEAD_001,3.7
L360_1157,EMP114,2023,Direct Report,LEAD_001,3.6
L360_1158,EMP114,2023,Peer,LEAD_001,3.1
L360_1159,EMP114,2023,Boss,LEAD_002,3.3
L360_1160,EMP114,2023,Direct Report,LEAD_002,3.7
L360_1161,EMP114,2023,Peer,LEAD_002,3.3
L360_1162,EMP114,2023,Boss,LEAD_003,4.2
L360_1163,EMP114,2023,Direct Report,LEAD_003,4.4
L360_1164,EMP114,2023,Peer,LEAD_003,3.8
L360_1165,EMP114,2023,Boss,LEAD_004,3.8
L360_1166,EMP114,2023,Direct Report,LEAD_004,2.5
L360_1167,EMP114,2023,Peer,LEAD_004,4.0
L360_1168,EMP114,2023,Boss,LEAD_005,3.1
L360_1169,EMP114,2023,Direct Report,LEAD_005,3.2
L360_1170,EMP114,2023,Peer,LEAD_005,4.1
L360_1171,EMP114,2023,Boss,LEAD_006,4.2
L360_1172,EMP114,2023,Direct Report,LEAD_006,3.2
L360_1173,EMP114,2023,Peer,LEAD_006,3.4
L360_1174,EMP114,2023,Boss,LEAD_007,3.4
L360_1175,EMP114,2023,Direct Report,LEAD_007,2.8
L360_1176,EMP114,2023,Peer,LEAD_007,3.3
L360_1177,EMP114,2024,Boss,LEAD_001,2.9
L360_1178,EMP114,2024,Direct Report,LEAD_001,3.9
L360_1179,EMP114,2024,Peer,LEAD_001,3.8
L360_1180,EMP114,2024,Boss,LEAD_002,4.0
L360_1181,EMP114,2024,Direct Report,LEAD_002,2.9
L360_1182,EMP114,2024,Peer,LEAD_002,3.0
L360_1183,EMP114,2024,Boss,LEAD_003,3.7
L360_1184,EMP114,2024,Direct Report,LEAD_003,3.5
L360_1185,EMP114,2024,Peer,LEAD_003,3.5
L360_1186,EMP114,2024,Boss,LEAD_004,3.6
L360_1187,EMP114,2024,Direct Report,LEAD_004,4.5
L360_1188,EMP114,2024,Peer,LEAD_004,3.8
L360_1189,EMP114,2024,Boss,LEAD_005,4.7
L360_1190,EMP114,2024,Direct Report,LEAD_005,4.3
L360_1191,EMP114,2024,Peer,LEAD_005,4.5
L360_1192,EMP114,2024,Boss,LEAD_006,3.2
L360_1193,EMP114,2024,Direct Report,LEAD_006,3.9
L360_1194,EMP114,2024,Peer,LEAD_006,3.4
L360_1195,EMP114,2024,Boss,LEAD_007,2.9
L360_1196,EMP114,2024,Direct Report,LEAD_007,4.4
L360_1197,EMP114,2024,Peer,LEAD_007,3.5
L360_1198,EMP133,2022,Boss,LEAD_001,3.2
L360_1199,EMP133,2022,Direct Report,LEAD_001,3.3
L360_1200,EMP133,2022,Peer,LEAD_001,3.2
L360_1201,EMP133,2022,Boss,LEAD_002,3.4
L360_1202,EMP133,2022,Direct Report,LEAD_002,3.4
L360_1203,EMP133,2022,Peer,LEAD_002,4.5
L360_1204,EMP133,2022,Boss,LEAD_003,3.4
L360_1205,EMP133,2022,Direct Report,LEAD_003,4.5
L360_1206,EMP133,2022,Peer,LEAD_003,4.0
L360_1207,EMP133,2022,Boss,LEAD_004,3.9
L360_1208,EMP133,2022,Direct Report,LEAD_004,3.9
L360_1209,EMP133,2022,Peer,LEAD_004,3.6
L360_1210,EMP133,2022,Boss,LEAD_005,4.3
L360_1211,EMP133,2022,Direct Report,LEAD_005,3.8
L360_1212,EMP133,2022,Peer,LEAD_005,2.8
L360_1213,EMP133,2022,Boss,LEAD_006,3.8
L360_1214,EMP133,2022,Direct Report,LEAD_006,4.0
L360_1215,EMP133,2022,Peer,LEAD_006,3.5
L360_1216,EMP133,2022,Boss,LEAD_007,3.8
L360_1217,EMP133,2022,Direct Report,LEAD_007,3.1
L360_1218,EMP133,2022,Peer,LEAD_007,2.9
L360_1219,EMP133,2023,Boss,LEAD_001,2.9
L360_1220,EMP133,2023,Direct Report,LEAD_001,2.6
L360_1221,EMP133,2023,Peer,LEAD_001,3.9
L360_1222,EMP133,2023,Boss,LEAD_002,2.5
L360_1223,EMP133,2023,Direct Report,LEAD_002,3.1
L360_1224,EMP133,2023,Peer,LEAD_002,3.2
L360_1225,EMP133,2023,Boss,LEAD_003,3.6
L360_1226,EMP133,2023,Direct Report,LEAD_003,2.4
L360_1227,EMP133,2023,Peer,LEAD_003,3.8
L360_1228,EMP133,2023,Boss,LEAD_004,3.1
L360_1229,EMP133,2023,Direct Report,LEAD_004,4.2
L360_1230,EMP133,2023,Peer,LEAD_004,3.3
L360_1231,EMP133,2023,Boss,LEAD_005,3.7
L360_1232,EMP133,2023,Direct Report,LEAD_005,3.5
L360_1233,EMP133,2023,Peer,LEAD_005,3.7
L360_1234,EMP133,2023,Boss,LEAD_006,3.7
L360_1235,EMP133,2023,Direct Report,LEAD_006,3.2
L360_1236,EMP133,2023,Peer,LEAD_006,3.8
L360_1237,EMP133,2023,Boss,LEAD_007,3.9
L360_1238,EMP133,2023,Direct Report,LEAD_007,3.0
L360_1239,EMP133,2023,Peer,LEAD_007,3.8
L360_1240,EMP133,2024,Boss,LEAD_001,4.3
L360_1241,EMP133,2024,Direct Report,LEAD_001,3.9
L360_1242,EMP133,2024,Peer,LEAD_001,4.1
L360_1243,EMP133,2024,Boss,LEAD_002,3.8
L360_1244,EMP133,2024,Direct Report,LEAD_002,2.9
L360_1245,EMP133,2024,Peer,LEAD_002,3.2
L360_1246,EMP133,2024,Boss,LEAD_003,3.9
L360_1247,EMP133,2024,Direct Report,LEAD_003,4.1
L360_1248,EMP133,2024,Peer,LEAD_003,5.0
L360_1249,EMP133,2024,Boss,LEAD_004,4.2
L360_1250,EMP133,2024,Direct Report,LEAD_004,2.8
L360_1251,EMP133,2024,Peer,LEAD_004,3.2
L360_1252,EMP133,2024,Boss,LEAD_005,4.8
L360_1253,EMP133,2024,Direct Report,LEAD_005,3.4
L360_1254,EMP133,2024,Peer,LEAD_005,3.6
L360_1255,EMP133,2024,Boss,LEAD_006,3.2
L360_1256,EMP133,2024,Direct Report,LEAD_006,4.4
L360_1257,EMP133,2024,Peer,LEAD_006,3.9
L360_1258,EMP133,2024,Boss,LEAD_007,3.3
L360_1259,EMP133,2024,Direct Report,LEAD_007,2.9
L360_1260,EMP133,2024,Peer,LEAD_007,3.8
L360_1261,EMP154,2022,Boss,LEAD_001,3.7
L360_1262,EMP154,2022,Direct Report,LEAD_001,4.0
L360_1263,EMP154,2022,Peer,LEAD_001,3.9
L360_1264,EMP154,2022,Boss,LEAD_002,3.6
L360_1265,EMP154,2022,Direct Report,LEAD_002,3.2
L360_1266,EMP154,2022,Peer,LEAD_002,3.5
L360_1267,EMP154,2022,Boss,LEAD_003,3.4
L360_1268,EMP154,2022,Direct Report,LEAD_003,3.4
L360_1269,EMP154,2022,Peer,LEAD_003,3.6
L360_1270,EMP154,2022,Boss,LEAD_004,3.3
L360_1271,EMP154,2022,Direct Report,LEAD_004,3.9
L360_1272,EMP154,2022,Peer,LEAD_004,3.4
L360_1273,EMP154,2022,Boss,LEAD_005,3.3
L360_1274,EMP154,2022,Direct Report,LEAD_005,3.3
L360_1275,EMP154,2022,Peer,LEAD_005,3.7
L360_1276,EMP154,2022,Boss,LEAD_006,3.7
L360_1277,EMP154,2022,Direct Report,LEAD_006,3.8
L360_1278,EMP154,2022,Peer,LEAD_006,4.0
L360_1279,EMP154,2022,Boss,LEAD_007,4.4
L360_1280,EMP154,2022,Direct Report,LEAD_007,3.7
L360_1281,EMP154,2022,Peer,LEAD_007,3.1
L360_1282,EMP154,2023,Boss,LEAD_001,3.6
L360_1283,EMP154,2023,Direct Report,LEAD_001,2.9
L360_1284,EMP154,2023,Peer,LEAD_001,4.4
L360_1285,EMP154,2023,Boss,LEAD_002,4.7
L360_1286,EMP154,2023,Direct Report,LEAD_002,3.9
L360_1287,EMP154,2023,Peer,LEAD_002,4.0
L360_1288,EMP154,2023,Boss,LEAD_003,3.8
L360_1289,EMP154,2023,Direct Report,LEAD_003,3.7
L360_1290,EMP154,2023,Peer,LEAD_003,2.8
L360_1291,EMP154,2023,Boss,LEAD_004,3.7
L360_1292,EMP154,2023,Direct Report,LEAD_004,3.0
L360_1293,EMP154,2023,Peer,LEAD_004,3.7
L360_1294,EMP154,2023,Boss,LEAD_005,3.7
L360_1295,EMP154,2023,Direct Report,LEAD_005,4.7
L360_1296,EMP154,2023,Peer,LEAD_005,4.1
L360_1297,EMP154,2023,Boss,LEAD_006,3.8
L360_1298,EMP154,2023,Direct Report,LEAD_006,3.3
L360_1299,EMP154,2023,Peer,LEAD_006,4.4
L360_1300,EMP154,2023,Boss,LEAD_007,3.7
L360_1301,EMP154,2023,Direct Report,LEAD_007,3.7
L360_1302,EMP154,2023,Peer,LEAD_007,3.6
L360_1303,EMP154,2024,Boss,LEAD_001,3.5
L360_1304,EMP154,2024,Direct Report,LEAD_001,3.5
L360_1305,EMP154,2024,Peer,LEAD_001,2.6
L360_1306,EMP154,2024,Boss,LEAD_002,2.9
L360_1307,EMP154,2024,Direct Report,LEAD_002,3.7
L360_1308,EMP154,2024,Peer,LEAD_002,4.4
L360_1309,EMP154,2024,Boss,LEAD_003,3.9
L360_1310,EMP154,2024,Direct Report,LEAD_003,3.1
L360_1311,EMP154,2024,Peer,LEAD_003,2.9
L360_1312,EMP154,2024,Boss,LEAD_004,4.1
L360_1313,EMP154,2024,Direct Report,LEAD_004,3.2
L360_1314,EMP154,2024,Peer,LEAD_004,3.9
L360_1315,EMP154,2024,Boss,LEAD_005,3.9
L360_1316,EMP154,2024,Direct Report,LEAD_005,3.8
L360_1317,EMP154,2024,Peer,LEAD_005,3.6
L360_1318,EMP154,2024,Boss,LEAD_006,3.9
L360_1319,EMP154,2024,Direct Report,LEAD_006,3.4
L360_1320,EMP154,2024,Peer,LEAD_006,3.3
L360_1321,EMP154,2024,Boss,LEAD_007,3.2
L360_1322,EMP154,2024,Direct Report,LEAD_007,2.1
L360_1323,EMP154,2024,Peer,LEAD_007,3.5
L360_1324,EMP160,2022,Boss,LEAD_001,4.5
L360_1325,EMP160,2022,Direct Report,LEAD_001,3.9
L360_1326,EMP160,2022,Peer,LEAD_001,3.7
L360_1327,EMP160,2022,Boss,LEAD_002,3.3
L360_1328,EMP160,2022,Direct Report,LEAD_002,4.1
L360_1329,EMP160,2022,Peer,LEAD_002,3.5
L360_1330,EMP160,2022,Boss,LEAD_003,4.5
L360_1331,EMP160,2022,Direct Report,LEAD_003,2.9
L360_1332,EMP160,2022,Peer,LEAD_003,3.2
L360_1333,EMP160,2022,Boss,LEAD_004,3.3
L360_1334,EMP160,2022,Direct Report,LEAD_004,2.6
L360_1335,EMP160,2022,Peer,LEAD_004,3.1
L360_1336,EMP160,2022,Boss,LEAD_005,3.8
L360_1337,EMP160,2022,Direct Report,LEAD_005,3.1
L360_1338,EMP160,2022,Peer,LEAD_005,2.0
L360_1339,EMP160,2022,Boss,LEAD_006,4.2
L360_1340,EMP160,2022,Direct Report,LEAD_006,2.5
L360_1341,EMP160,2022,Peer,LEAD_006,3.9
L360_1342,EMP160,2022,Boss,LEAD_007,3.7
L360_1343,EMP160,2022,Direct Report,LEAD_007,4.8
L360_1344,EMP160,2022,Peer,LEAD_007,4.1
L360_1345,EMP160,2023,Boss,LEAD_001,3.4
L360_1346,EMP160,2023,Direct Report,LEAD_001,3.1
L360_1347,EMP160,2023,Peer,LEAD_001,4.4
L360_1348,EMP160,2023,Boss,LEAD_002,3.0
L360_1349,EMP160,2023,Direct Report,LEAD_002,3.6
L360_1350,EMP160,2023,Peer,LEAD_002,3.5
L360_1351,EMP160,2023,Boss,LEAD_003,3.5
L360_1352,EMP160,2023,Direct Report,LEAD_003,3.7
L360_1353,EMP160,2023,Peer,LEAD_003,3.7
L360_1354,EMP160,2023,Boss,LEAD_004,3.9
L360_1355,EMP160,2023,Direct Report,LEAD_004,3.6
L360_1356,EMP160,2023,Peer,LEAD_004,3.8
L360_1357,EMP160,2023,Boss,LEAD_005,3.7
L360_1358,EMP160,2023,Direct Report,LEAD_005,3.1
L360_1359,EMP160,2023,Peer,LEAD_005,3.6
L360_1360,EMP160,2023,Boss,LEAD_006,3.3
L360_1361,EMP160,2023,Direct Report,LEAD_006,3.0
L360_1362,EMP160,2023,Peer,LEAD_006,3.4
L360_1363,EMP160,2023,Boss,LEAD_007,3.6
L360_1364,EMP160,2023,Direct Report,LEAD_007,3.5
L360_1365,EMP160,2023,Peer,LEAD_007,4.1
L360_1366,EMP160,2024,Boss,LEAD_001,3.5
L360_1367,EMP160,2024,Direct Report,LEAD_001,3.6
L360_1368,EMP160,2024,Peer,LEAD_001,3.7
L360_1369,EMP160,2024,Boss,LEAD_002,3.4
L360_1370,EMP160,2024,Direct Report,LEAD_002,3.5
L360_1371,EMP160,2024,Peer,LEAD_002,4.1
L360_1372,EMP160,2024,Boss,LEAD_003,3.8
L360_1373,EMP160,2024,Direct Report,LEAD_003,3.6
L360_1374,EMP160,2024,Peer,LEAD_003,3.2
L360_1375,EMP160,2024,Boss,LEAD_004,4.7
L360_1376,EMP160,2024,Direct Report,LEAD_004,3.1
L360_1377,EMP160,2024,Peer,LEAD_004,2.8
L360_1378,EMP160,2024,Boss,LEAD_005,4.1
L360_1379,EMP160,2024,Direct Report,LEAD_005,3.4
L360_1380,EMP160,2024,Peer,LEAD_005,3.4
L360_1381,EMP160,2024,Boss,LEAD_006,3.4
L360_1382,EMP160,2024,Direct Report,LEAD_006,4.6
L360_1383,EMP160,2024,Peer,LEAD_006,3.8
L360_1384,EMP160,2024,Boss,LEAD_007,4.0
L360_1385,EMP160,2024,Direct Report,LEAD_007,3.6
L360_1386,EMP160,2024,Peer,LEAD_007,3.7
L360_1387,EMP185,2022,Boss,LEAD_001,4.4
L360_1388,EMP185,2022,Direct Report,LEAD_001,3.3
L360_1389,EMP185,2022,Peer,LEAD_001,2.9
L360_1390,EMP185,2022,Boss,LEAD_002,4.1
L360_1391,EMP185,2022,Direct Report,LEAD_002,3.8
L360_1392,EMP185,2022,Peer,LEAD_002,3.7
L360_1393,EMP185,2022,Boss,LEAD_003,3.9
L360_1394,EMP185,2022,Direct Report,LEAD_003,3.3
L360_1395,EMP185,2022,Peer,LEAD_003,3.6
L360_1396,EMP185,2022,Boss,LEAD_004,3.6
L360_1397,EMP185,2022,Direct Report,LEAD_004,3.1
L360_1398,EMP185,2022,Peer,LEAD_004,4.2
L360_1399,EMP185,2022,Boss,LEAD_005,3.0
L360_1400,EMP185,2022,Direct Report,LEAD_005,4.9
L360_1401,EMP185,2022,Peer,LEAD_005,4.0
L360_1402,EMP185,2022,Boss,LEAD_006,2.8
L360_1403,EMP185,2022,Direct Report,LEAD_006,3.4
L360_1404,EMP185,2022,Peer,LEAD_006,3.5
L360_1405,EMP185,2022,Boss,LEAD_007,3.9
L360_1406,EMP185,2022,Direct Report,LEAD_007,2.9
L360_1407,EMP185,2022,Peer,LEAD_007,3.6
L360_1408,EMP185,2023,Boss,LEAD_001,3.6
L360_1409,EMP185,2023,Direct Report,LEAD_001,3.1
L360_1410,EMP185,2023,Peer,LEAD_001,3.2
L360_1411,EMP185,2023,Boss,LEAD_002,4.2
L360_1412,EMP185,2023,Direct Report,LEAD_002,2.5
L360_1413,EMP185,2023,Peer,LEAD_002,3.8
L360_1414,EMP185,2023,Boss,LEAD_003,4.1
L360_1415,EMP185,2023,Direct Report,LEAD_003,3.4
L360_1416,EMP185,2023,Peer,LEAD_003,3.6
L360_1417,EMP185,2023,Boss,LEAD_004,4.3
L360_1418,EMP185,2023,Direct Report,LEAD_004,3.1
L360_1419,EMP185,2023,Peer,LEAD_004,3.3
L360_1420,EMP185,2023,Boss,LEAD_005,3.5
L360_1421,EMP185,2023,Direct Report,LEAD_005,4.2
L360_1422,EMP185,2023,Peer,LEAD_005,4.2
L360_1423,EMP185,2023,Boss,LEAD_006,3.0
L360_1424,EMP185,2023,Direct Report,LEAD_006,4.1
L360_1425,EMP185,2023,Peer,LEAD_006,4.0
L360_1426,EMP185,2023,Boss,LEAD_007,4.5
L360_1427,EMP185,2023,Direct Report,LEAD_007,3.7
L360_1428,EMP185,2023,Peer,LEAD_007,3.6
L360_1429,EMP185,2024,Boss,LEAD_001,4.3
L360_1430,EMP185,2024,Direct Report,LEAD_001,3.9
L360_1431,EMP185,2024,Peer,LEAD_001,4.7
L360_1432,EMP185,2024,Boss,LEAD_002,4.2
L360_1433,EMP185,2024,Direct Report,LEAD_002,3.6
L360_1434,EMP185,2024,Peer,LEAD_002,3.0
L360_1435,EMP185,2024,Boss,LEAD_003,3.4
L360_1436,EMP185,2024,Direct Report,LEAD_003,2.6
L360_1437,EMP185,2024,Peer,LEAD_003,3.5
L360_1438,EMP185,2024,Boss,LEAD_004,4.2
L360_1439,EMP185,2024,Direct Report,LEAD_004,3.5
L360_1440,EMP185,2024,Peer,LEAD_004,4.1
L360_1441,EMP185,2024,Boss,LEAD_005,3.9
L360_1442,EMP185,2024,Direct Report,LEAD_005,3.3
L360_1443,EMP185,2024,Peer,LEAD_005,3.6
L360_1444,EMP185,2024,Boss,LEAD_006,3.9
L360_1445,EMP185,2024,Direct Report,LEAD_006,3.6
L360_1446,EMP185,2024,Peer,LEAD_006,3.7
L360_1447,EMP185,2024,Boss,LEAD_007,3.3
L360_1448,EMP185,2024,Direct Report,LEAD_007,3.2
L360_1449,EMP185,2024,Peer,LEAD_007,4.7
