snapshot_id,employee_id,snapshot_date,division_name,org_name,job_title,performance_grade,total_compensation,key_skill_score_avg,project_count,employment_status
SNAP0001,EMP000,2022-12-31,대표이사,넥스트젠 테크놀로지스,대표이사,A,295689967,3.56,0,재직
SNAP0002,EMP000,2023-12-31,대표이사,넥스트젠 테크놀로지스,대표이사,B,229350952,3.56,1,재직
SNAP0003,EMP000,2024-12-31,대표이사,넥스트젠 테크놀로지스,대표이사,B,264973122,3.56,0,재직
SNAP0004,DIV001,2022-12-31,경영지원본부,경영지원본부,본부장,C,149617079,3.78,0,재직
SNAP0005,DIV001,2023-12-31,경영지원본부,경영지원본부,본부장,D,147000647,3.78,0,재직
SNAP0006,DIV001,2024-12-31,경영지원본부,경영지원본부,본부장,A,160851627,3.78,0,재직
SNAP0007,DIV002,2022-12-31,기술본부,기술본부,본부장,B,161573138,3.55,0,재직
SNAP0008,DIV002,2023-12-31,기술본부,기술본부,본부장,B,145031674,3.55,0,재직
SNAP0009,DIV002,2024-12-31,기술본부,기술본부,본부장,S,167421317,3.55,0,재직
SNAP0010,DIV003,2022-12-31,비즈니스본부,비즈니스본부,본부장,D,168283753,3.52,1,재직
SNAP0011,DIV003,2023-12-31,비즈니스본부,비즈니스본부,본부장,A,155896557,3.52,0,재직
SNAP0012,DIV003,2024-12-31,비즈니스본부,비즈니스본부,본부장,A,173796629,3.52,1,재직
SNAP0013,TL001,2022-12-31,경영지원본부,HR팀,팀장,B,125850700,3.55,1,재직
SNAP0014,TL001,2023-12-31,경영지원본부,HR팀,팀장,B,103667422,3.55,2,재직
SNAP0015,TL001,2024-12-31,경영지원본부,HR팀,팀장,B,121413657,3.55,0,재직
SNAP0016,TL002,2022-12-31,경영지원본부,재무팀,팀장,A,99473671,3.74,0,재직
SNAP0017,TL002,2023-12-31,경영지원본부,재무팀,팀장,A,130117726,3.74,2,재직
SNAP0018,TL002,2024-12-31,경영지원본부,재무팀,팀장,B,101101952,3.74,1,재직
SNAP0019,TL003,2022-12-31,기술본부,AI솔루션개발팀,팀장,D,109646470,3.79,0,재직
SNAP0020,TL003,2023-12-31,기술본부,AI솔루션개발팀,팀장,B,134061744,3.79,0,재직
SNAP0021,TL003,2024-12-31,기술본부,AI솔루션개발팀,팀장,A,110104923,3.79,0,재직
SNAP0022,TL004,2022-12-31,기술본부,플랫폼개발팀,팀장,A,115228743,3.75,0,재직
SNAP0023,TL004,2023-12-31,기술본부,플랫폼개발팀,팀장,C,114332480,3.75,0,재직
SNAP0024,TL004,2024-12-31,기술본부,플랫폼개발팀,팀장,S,125680301,3.75,0,재직
SNAP0025,TL005,2022-12-31,기술본부,데이터분석팀,팀장,B,125462243,3.81,0,재직
SNAP0026,TL005,2023-12-31,기술본부,데이터분석팀,팀장,A,112894507,3.81,0,재직
SNAP0027,TL005,2024-12-31,기술본부,데이터분석팀,팀장,C,105086604,3.81,1,재직
SNAP0028,TL006,2022-12-31,기술본부,IT기획팀,팀장,A,94467428,3.74,0,재직
SNAP0029,TL006,2023-12-31,기술본부,IT기획팀,팀장,C,143417644,3.74,0,재직
SNAP0030,TL006,2024-12-31,기술본부,IT기획팀,팀장,B,105780879,3.74,1,재직
SNAP0031,TL007,2022-12-31,기술본부,UI/UX디자인팀,팀장,B,112303301,3.44,1,재직
SNAP0032,TL007,2023-12-31,기술본부,UI/UX디자인팀,팀장,C,104974636,3.44,0,재직
SNAP0033,TL007,2024-12-31,기술본부,UI/UX디자인팀,팀장,C,115502087,3.44,0,재직
SNAP0034,TL008,2022-12-31,기술본부,QA팀,팀장,A,119924450,3.48,0,재직
SNAP0035,TL008,2023-12-31,기술본부,QA팀,팀장,C,114967933,3.48,1,재직
SNAP0036,TL008,2024-12-31,기술본부,QA팀,팀장,B,113034166,3.48,1,재직
SNAP0037,TL009,2022-12-31,비즈니스본부,마케팅팀,팀장,B,112115496,3.58,0,재직
SNAP0038,TL009,2023-12-31,비즈니스본부,마케팅팀,팀장,A,133216850,3.58,0,재직
SNAP0039,TL009,2024-12-31,비즈니스본부,마케팅팀,팀장,S,129921484,3.58,1,재직
SNAP0040,TL010,2022-12-31,비즈니스본부,영업팀,팀장,D,106345557,3.74,0,재직
SNAP0041,TL010,2023-12-31,비즈니스본부,영업팀,팀장,S,116972822,3.74,2,재직
SNAP0042,TL010,2024-12-31,비즈니스본부,영업팀,팀장,S,111724633,3.74,0,재직
SNAP0043,EMP001,2023-12-31,경영지원본부,HR팀,사원,D,44921397,3.66,0,재직
SNAP0044,EMP001,2024-12-31,경영지원본부,HR팀,사원,B,45519823,3.66,0,재직
SNAP0045,EMP002,2024-12-31,경영지원본부,HR팀,사원,B,37271003,3.61,0,재직
SNAP0046,EMP004,2022-12-31,경영지원본부,HR팀,주임,C,53754491,3.56,1,재직
SNAP0047,EMP004,2023-12-31,경영지원본부,HR팀,주임,C,51013706,3.56,1,재직
SNAP0048,EMP004,2024-12-31,경영지원본부,HR팀,주임,B,54321737,3.56,1,재직
SNAP0049,EMP005,2023-12-31,경영지원본부,HR팀,사원,C,43120894,3.5,0,재직
SNAP0050,EMP005,2024-12-31,경영지원본부,HR팀,사원,C,42923098,3.5,0,재직
SNAP0051,EMP006,2024-12-31,경영지원본부,HR팀,사원,S,38478186,3.45,0,재직
SNAP0052,EMP007,2022-12-31,경영지원본부,HR팀,대리,A,61775816,3.61,0,재직
SNAP0053,EMP007,2023-12-31,경영지원본부,HR팀,대리,A,69589706,3.61,0,재직
SNAP0054,EMP007,2024-12-31,경영지원본부,HR팀,대리,C,60802098,3.61,1,재직
SNAP0055,EMP008,2022-12-31,경영지원본부,HR팀,대리,A,56525786,3.74,0,재직
SNAP0056,EMP008,2023-12-31,경영지원본부,HR팀,대리,A,61329123,3.74,1,재직
SNAP0057,EMP008,2024-12-31,경영지원본부,HR팀,대리,B,59364132,3.74,1,재직
SNAP0058,EMP009,2022-12-31,경영지원본부,HR팀,차장,A,79936620,3.9,1,재직
SNAP0059,EMP009,2023-12-31,경영지원본부,HR팀,차장,C,90716090,3.9,0,재직
SNAP0060,EMP009,2024-12-31,경영지원본부,HR팀,차장,B,85528476,3.9,0,재직
SNAP0061,EMP010,2022-12-31,경영지원본부,HR팀,대리,S,65244188,3.6,0,재직
SNAP0062,EMP010,2023-12-31,경영지원본부,HR팀,대리,B,58592356,3.6,0,재직
SNAP0063,EMP010,2024-12-31,경영지원본부,HR팀,대리,B,57792921,3.6,0,재직
SNAP0064,EMP011,2022-12-31,경영지원본부,HR팀,과장,A,68620617,3.9,0,재직
SNAP0065,EMP011,2023-12-31,경영지원본부,HR팀,과장,C,65393493,3.9,2,재직
SNAP0066,EMP011,2024-12-31,경영지원본부,HR팀,과장,A,84918885,3.9,0,재직
SNAP0067,EMP012,2022-12-31,경영지원본부,재무팀,과장,A,60797771,3.98,0,재직
SNAP0068,EMP012,2023-12-31,경영지원본부,재무팀,과장,B,62378507,3.98,1,재직
SNAP0069,EMP012,2024-12-31,경영지원본부,재무팀,과장,C,84401112,3.98,0,재직
SNAP0070,EMP013,2022-12-31,경영지원본부,재무팀,사원,B,43041282,3.64,0,재직
SNAP0071,EMP013,2023-12-31,경영지원본부,재무팀,사원,S,42430874,3.64,0,재직
SNAP0072,EMP013,2024-12-31,경영지원본부,재무팀,사원,A,41252777,3.64,0,재직
SNAP0073,EMP014,2022-12-31,경영지원본부,재무팀,주임,C,43766519,3.69,0,재직
SNAP0074,EMP014,2023-12-31,경영지원본부,재무팀,주임,B,50648654,3.69,1,재직
SNAP0075,EMP014,2024-12-31,경영지원본부,재무팀,주임,A,53527214,3.69,0,재직
SNAP0076,EMP015,2022-12-31,경영지원본부,재무팀,과장,A,66411284,3.9,0,재직
SNAP0077,EMP015,2023-12-31,경영지원본부,재무팀,과장,B,69298525,3.9,0,재직
SNAP0078,EMP015,2024-12-31,경영지원본부,재무팀,과장,A,68937211,3.9,0,재직
SNAP0079,EMP016,2022-12-31,경영지원본부,재무팀,주임,A,43633365,3.55,0,재직
SNAP0080,EMP016,2023-12-31,경영지원본부,재무팀,주임,B,47263239,3.55,0,재직
SNAP0081,EMP016,2024-12-31,경영지원본부,재무팀,주임,A,52712794,3.55,0,재직
SNAP0082,EMP017,2023-12-31,경영지원본부,재무팀,사원,C,47152472,3.62,0,재직
SNAP0083,EMP017,2024-12-31,경영지원본부,재무팀,사원,C,43813596,3.62,0,재직
SNAP0084,EMP018,2022-12-31,경영지원본부,재무팀,대리,A,51684598,3.79,0,재직
SNAP0085,EMP018,2023-12-31,경영지원본부,재무팀,대리,B,55133985,3.79,1,재직
SNAP0086,EMP018,2024-12-31,경영지원본부,재무팀,대리,B,57411492,3.79,0,재직
SNAP0087,EMP019,2022-12-31,경영지원본부,재무팀,주임,D,45494452,3.62,0,재직
SNAP0088,EMP019,2023-12-31,경영지원본부,재무팀,주임,A,46659037,3.62,2,재직
SNAP0089,EMP019,2024-12-31,경영지원본부,재무팀,주임,B,46349477,3.62,0,재직
SNAP0090,EMP020,2022-12-31,경영지원본부,재무팀,과장,C,73155042,3.42,0,재직
SNAP0091,EMP020,2023-12-31,경영지원본부,재무팀,과장,A,80389502,3.42,0,재직
SNAP0092,EMP020,2024-12-31,경영지원본부,재무팀,과장,A,76956275,3.42,1,재직
SNAP0093,EMP021,2023-12-31,기술본부,AI솔루션개발팀,사원,B,37799766,3.56,0,재직
SNAP0094,EMP021,2024-12-31,기술본부,AI솔루션개발팀,사원,A,39304152,3.56,0,재직
SNAP0095,EMP022,2022-12-31,기술본부,AI솔루션개발팀,주임,B,52211952,3.66,0,재직
SNAP0096,EMP022,2023-12-31,기술본부,AI솔루션개발팀,주임,B,48166093,3.66,0,재직
SNAP0097,EMP022,2024-12-31,기술본부,AI솔루션개발팀,주임,D,51191040,3.66,0,재직
SNAP0098,EMP023,2022-12-31,기술본부,AI솔루션개발팀,대리,S,58093299,3.65,0,재직
SNAP0099,EMP023,2023-12-31,기술본부,AI솔루션개발팀,대리,C,66844669,3.65,0,재직
SNAP0100,EMP023,2024-12-31,기술본부,AI솔루션개발팀,대리,S,63061460,3.65,0,재직
SNAP0101,EMP024,2023-12-31,기술본부,AI솔루션개발팀,사원,D,38740227,3.66,0,재직
SNAP0102,EMP024,2024-12-31,기술본부,AI솔루션개발팀,사원,D,42557428,3.66,0,재직
SNAP0103,EMP025,2023-12-31,기술본부,AI솔루션개발팀,사원,B,44036213,3.51,0,재직
SNAP0104,EMP025,2024-12-31,기술본부,AI솔루션개발팀,사원,S,38738706,3.51,0,재직
SNAP0105,EMP026,2022-12-31,기술본부,AI솔루션개발팀,대리,C,62583780,3.64,1,재직
SNAP0106,EMP026,2023-12-31,기술본부,AI솔루션개발팀,대리,S,60963647,3.64,1,재직
SNAP0107,EMP026,2024-12-31,기술본부,AI솔루션개발팀,대리,B,63999667,3.64,1,재직
SNAP0108,EMP027,2022-12-31,기술본부,AI솔루션개발팀,차장,A,103924591,3.4,1,재직
SNAP0109,EMP027,2023-12-31,기술본부,AI솔루션개발팀,차장,A,75245046,3.4,0,재직
SNAP0110,EMP027,2024-12-31,기술본부,AI솔루션개발팀,차장,C,96922098,3.4,1,재직
SNAP0111,EMP028,2022-12-31,기술본부,AI솔루션개발팀,과장,C,72749012,3.79,1,재직
SNAP0112,EMP028,2023-12-31,기술본부,AI솔루션개발팀,과장,C,76400543,3.79,0,재직
SNAP0113,EMP028,2024-12-31,기술본부,AI솔루션개발팀,과장,B,71160483,3.79,0,재직
SNAP0114,EMP029,2022-12-31,기술본부,AI솔루션개발팀,주임,C,45518493,3.76,0,재직
SNAP0115,EMP029,2023-12-31,기술본부,AI솔루션개발팀,주임,S,50034090,3.76,1,재직
SNAP0116,EMP029,2024-12-31,기술본부,AI솔루션개발팀,주임,A,46655990,3.76,1,재직
SNAP0117,EMP030,2022-12-31,기술본부,AI솔루션개발팀,사원,S,43040750,3.8,0,재직
SNAP0118,EMP030,2023-12-31,기술본부,AI솔루션개발팀,사원,B,41597920,3.8,1,재직
SNAP0119,EMP030,2024-12-31,기술본부,AI솔루션개발팀,사원,B,38658510,3.8,1,재직
SNAP0120,EMP031,2022-12-31,기술본부,AI솔루션개발팀,대리,B,59201252,3.76,0,재직
SNAP0121,EMP031,2023-12-31,기술본부,AI솔루션개발팀,대리,D,63691837,3.76,1,재직
SNAP0122,EMP031,2024-12-31,기술본부,AI솔루션개발팀,대리,B,56693177,3.76,0,재직
SNAP0123,EMP032,2022-12-31,기술본부,AI솔루션개발팀,주임,D,51364839,3.42,0,재직
SNAP0124,EMP032,2023-12-31,기술본부,AI솔루션개발팀,주임,C,59193875,3.42,0,재직
SNAP0125,EMP032,2024-12-31,기술본부,AI솔루션개발팀,주임,A,52970197,3.42,0,재직
SNAP0126,EMP033,2022-12-31,기술본부,AI솔루션개발팀,대리,B,51953084,3.56,0,재직
SNAP0127,EMP033,2023-12-31,기술본부,AI솔루션개발팀,대리,C,49677005,3.56,0,재직
SNAP0128,EMP033,2024-12-31,기술본부,AI솔루션개발팀,대리,C,67131334,3.56,0,재직
SNAP0129,EMP034,2023-12-31,기술본부,AI솔루션개발팀,사원,A,38969514,3.55,1,재직
SNAP0130,EMP034,2024-12-31,기술본부,AI솔루션개발팀,사원,C,39451037,3.55,0,재직
SNAP0131,EMP035,2022-12-31,기술본부,AI솔루션개발팀,과장,C,76151694,3.31,0,재직
SNAP0132,EMP035,2023-12-31,기술본부,AI솔루션개발팀,과장,S,67774452,3.31,1,재직
SNAP0133,EMP035,2024-12-31,기술본부,AI솔루션개발팀,과장,B,68145684,3.31,1,재직
SNAP0134,EMP036,2022-12-31,기술본부,AI솔루션개발팀,과장,C,72485795,3.65,1,재직
SNAP0135,EMP036,2023-12-31,기술본부,AI솔루션개발팀,과장,B,61913318,3.65,0,재직
SNAP0136,EMP036,2024-12-31,기술본부,AI솔루션개발팀,과장,C,68501599,3.65,0,재직
SNAP0137,EMP037,2023-12-31,기술본부,AI솔루션개발팀,사원,B,44033724,3.5,0,재직
SNAP0138,EMP037,2024-12-31,기술본부,AI솔루션개발팀,사원,B,50505687,3.5,1,재직
SNAP0139,EMP038,2022-12-31,기술본부,AI솔루션개발팀,과장,A,72334388,3.71,0,재직
SNAP0140,EMP038,2023-12-31,기술본부,AI솔루션개발팀,과장,A,77601479,3.71,1,재직
SNAP0141,EMP038,2024-12-31,기술본부,AI솔루션개발팀,과장,B,76611363,3.71,0,재직
SNAP0142,EMP039,2022-12-31,기술본부,AI솔루션개발팀,대리,B,63537476,3.56,0,재직
SNAP0143,EMP039,2023-12-31,기술본부,AI솔루션개발팀,대리,B,59869085,3.56,0,재직
SNAP0144,EMP039,2024-12-31,기술본부,AI솔루션개발팀,대리,B,52994065,3.56,0,재직
SNAP0145,EMP040,2022-12-31,기술본부,AI솔루션개발팀,차장,A,91473431,3.5,0,재직
SNAP0146,EMP040,2023-12-31,기술본부,AI솔루션개발팀,차장,B,92990302,3.5,0,재직
SNAP0147,EMP040,2024-12-31,기술본부,AI솔루션개발팀,차장,D,80710634,3.5,0,재직
SNAP0148,EMP041,2022-12-31,기술본부,AI솔루션개발팀,부장,B,155632625,3.54,1,재직
SNAP0149,EMP041,2023-12-31,기술본부,AI솔루션개발팀,부장,B,152341033,3.54,0,재직
SNAP0150,EMP041,2024-12-31,기술본부,AI솔루션개발팀,부장,B,152701560,3.54,0,재직
SNAP0151,EMP042,2022-12-31,기술본부,AI솔루션개발팀,과장,C,74967901,3.68,1,재직
SNAP0152,EMP042,2023-12-31,기술본부,AI솔루션개발팀,과장,C,69065797,3.68,1,재직
SNAP0153,EMP042,2024-12-31,기술본부,AI솔루션개발팀,과장,B,75632960,3.68,0,재직
SNAP0154,EMP043,2022-12-31,기술본부,AI솔루션개발팀,주임,B,55441457,3.71,0,재직
SNAP0155,EMP043,2023-12-31,기술본부,AI솔루션개발팀,주임,C,51104751,3.71,0,재직
SNAP0156,EMP043,2024-12-31,기술본부,AI솔루션개발팀,주임,A,44674735,3.71,0,재직
SNAP0157,EMP045,2022-12-31,기술본부,AI솔루션개발팀,대리,B,50864629,3.82,0,재직
SNAP0158,EMP045,2023-12-31,기술본부,AI솔루션개발팀,대리,A,62465367,3.82,0,재직
SNAP0159,EMP045,2024-12-31,기술본부,AI솔루션개발팀,대리,S,59214707,3.82,0,재직
SNAP0160,EMP046,2023-12-31,기술본부,AI솔루션개발팀,사원,D,39852902,3.66,1,재직
SNAP0161,EMP046,2024-12-31,기술본부,AI솔루션개발팀,사원,C,44471278,3.66,0,재직
SNAP0162,EMP047,2022-12-31,기술본부,AI솔루션개발팀,과장,C,79196076,3.68,0,재직
SNAP0163,EMP047,2023-12-31,기술본부,AI솔루션개발팀,과장,C,71869755,3.68,1,재직
SNAP0164,EMP047,2024-12-31,기술본부,AI솔루션개발팀,과장,D,70076401,3.68,1,재직
SNAP0165,EMP048,2024-12-31,기술본부,플랫폼개발팀,사원,A,40585864,3.3,0,재직
SNAP0166,EMP049,2022-12-31,기술본부,플랫폼개발팀,과장,B,75780799,3.6,1,재직
SNAP0167,EMP049,2023-12-31,기술본부,플랫폼개발팀,과장,B,74599904,3.6,2,재직
SNAP0168,EMP049,2024-12-31,기술본부,플랫폼개발팀,과장,B,66678570,3.6,0,재직
SNAP0169,EMP050,2022-12-31,기술본부,플랫폼개발팀,대리,D,62211368,3.56,0,재직
SNAP0170,EMP050,2023-12-31,기술본부,플랫폼개발팀,대리,A,60174277,3.56,0,재직
SNAP0171,EMP050,2024-12-31,기술본부,플랫폼개발팀,대리,A,59857447,3.56,0,재직
SNAP0172,EMP051,2022-12-31,기술본부,플랫폼개발팀,사원,B,41740530,3.48,0,재직
SNAP0173,EMP051,2023-12-31,기술본부,플랫폼개발팀,사원,A,41442311,3.48,1,재직
SNAP0174,EMP051,2024-12-31,기술본부,플랫폼개발팀,사원,B,47355804,3.48,0,재직
SNAP0175,EMP052,2022-12-31,기술본부,플랫폼개발팀,주임,B,46659104,3.89,0,재직
SNAP0176,EMP052,2023-12-31,기술본부,플랫폼개발팀,주임,A,49159445,3.89,0,재직
SNAP0177,EMP052,2024-12-31,기술본부,플랫폼개발팀,주임,C,49039025,3.89,1,재직
SNAP0178,EMP053,2022-12-31,기술본부,플랫폼개발팀,차장,A,83565617,3.84,0,재직
SNAP0179,EMP053,2023-12-31,기술본부,플랫폼개발팀,차장,B,90830782,3.84,1,재직
SNAP0180,EMP053,2024-12-31,기술본부,플랫폼개발팀,차장,C,90160690,3.84,0,재직
SNAP0181,EMP055,2022-12-31,기술본부,플랫폼개발팀,대리,C,55786972,3.65,0,재직
SNAP0182,EMP055,2023-12-31,기술본부,플랫폼개발팀,대리,S,55607176,3.65,0,재직
SNAP0183,EMP055,2024-12-31,기술본부,플랫폼개발팀,대리,C,62599685,3.65,0,재직
SNAP0184,EMP056,2022-12-31,기술본부,플랫폼개발팀,대리,C,65615072,3.64,0,재직
SNAP0185,EMP056,2023-12-31,기술본부,플랫폼개발팀,대리,A,60716602,3.64,0,재직
SNAP0186,EMP056,2024-12-31,기술본부,플랫폼개발팀,대리,C,57733626,3.64,1,재직
SNAP0187,EMP057,2022-12-31,기술본부,플랫폼개발팀,과장,B,77363875,3.71,0,재직
SNAP0188,EMP057,2023-12-31,기술본부,플랫폼개발팀,과장,B,73586719,3.71,0,재직
SNAP0189,EMP057,2024-12-31,기술본부,플랫폼개발팀,과장,A,65515463,3.71,0,재직
SNAP0190,EMP058,2022-12-31,기술본부,플랫폼개발팀,사원,D,38557958,3.41,1,재직
SNAP0191,EMP058,2023-12-31,기술본부,플랫폼개발팀,사원,D,38307079,3.41,1,재직
SNAP0192,EMP058,2024-12-31,기술본부,플랫폼개발팀,사원,B,43849278,3.41,0,재직
SNAP0193,EMP059,2022-12-31,기술본부,플랫폼개발팀,대리,B,64018315,3.12,0,재직
SNAP0194,EMP059,2023-12-31,기술본부,플랫폼개발팀,대리,S,55081009,3.12,1,재직
SNAP0195,EMP059,2024-12-31,기술본부,플랫폼개발팀,대리,C,60760289,3.12,0,재직
SNAP0196,EMP060,2023-12-31,기술본부,플랫폼개발팀,사원,D,40535336,3.46,0,재직
SNAP0197,EMP060,2024-12-31,기술본부,플랫폼개발팀,사원,A,36127778,3.46,1,재직
SNAP0198,EMP061,2022-12-31,기술본부,플랫폼개발팀,과장,B,76884709,3.86,0,재직
SNAP0199,EMP061,2023-12-31,기술본부,플랫폼개발팀,과장,A,80721896,3.86,0,재직
SNAP0200,EMP061,2024-12-31,기술본부,플랫폼개발팀,과장,C,68652008,3.86,0,재직
SNAP0201,EMP062,2023-12-31,기술본부,플랫폼개발팀,사원,B,40187376,3.56,0,재직
SNAP0202,EMP062,2024-12-31,기술본부,플랫폼개발팀,사원,C,43179931,3.56,0,재직
SNAP0203,EMP063,2022-12-31,기술본부,플랫폼개발팀,대리,B,57797774,3.62,0,재직
SNAP0204,EMP063,2023-12-31,기술본부,플랫폼개발팀,대리,S,66736741,3.62,0,재직
SNAP0205,EMP063,2024-12-31,기술본부,플랫폼개발팀,대리,C,65236083,3.62,1,재직
SNAP0206,EMP064,2022-12-31,기술본부,플랫폼개발팀,차장,S,80552637,3.55,0,재직
SNAP0207,EMP064,2023-12-31,기술본부,플랫폼개발팀,차장,C,92153796,3.55,0,재직
SNAP0208,EMP064,2024-12-31,기술본부,플랫폼개발팀,차장,A,91512364,3.55,1,재직
SNAP0209,EMP065,2022-12-31,기술본부,플랫폼개발팀,과장,A,63298574,3.65,0,재직
SNAP0210,EMP065,2023-12-31,기술본부,플랫폼개발팀,과장,A,78498480,3.65,1,재직
SNAP0211,EMP065,2024-12-31,기술본부,플랫폼개발팀,과장,B,69878957,3.65,1,재직
SNAP0212,EMP066,2023-12-31,기술본부,플랫폼개발팀,사원,C,42871752,3.6,1,재직
SNAP0213,EMP066,2024-12-31,기술본부,플랫폼개발팀,사원,B,46822623,3.6,1,재직
SNAP0214,EMP067,2022-12-31,기술본부,플랫폼개발팀,과장,B,65636124,3.42,0,재직
SNAP0215,EMP067,2023-12-31,기술본부,플랫폼개발팀,과장,C,60666592,3.42,1,재직
SNAP0216,EMP067,2024-12-31,기술본부,플랫폼개발팀,과장,A,66843497,3.42,0,재직
SNAP0217,EMP068,2022-12-31,기술본부,플랫폼개발팀,차장,B,86137650,3.24,0,재직
SNAP0218,EMP068,2023-12-31,기술본부,플랫폼개발팀,차장,C,92528688,3.24,0,재직
SNAP0219,EMP068,2024-12-31,기술본부,플랫폼개발팀,차장,A,95611613,3.24,0,재직
SNAP0220,EMP069,2022-12-31,기술본부,플랫폼개발팀,대리,A,53781280,3.42,1,재직
SNAP0221,EMP069,2023-12-31,기술본부,플랫폼개발팀,대리,B,59266828,3.42,0,재직
SNAP0222,EMP069,2024-12-31,기술본부,플랫폼개발팀,대리,B,57001582,3.42,0,재직
SNAP0223,EMP070,2022-12-31,기술본부,플랫폼개발팀,과장,B,66776772,3.44,1,재직
SNAP0224,EMP070,2023-12-31,기술본부,플랫폼개발팀,과장,B,74093083,3.44,0,재직
SNAP0225,EMP070,2024-12-31,기술본부,플랫폼개발팀,과장,B,70072571,3.44,0,재직
SNAP0226,EMP071,2022-12-31,기술본부,플랫폼개발팀,대리,B,58353228,3.85,0,재직
SNAP0227,EMP071,2023-12-31,기술본부,플랫폼개발팀,대리,A,62115707,3.85,0,재직
SNAP0228,EMP071,2024-12-31,기술본부,플랫폼개발팀,대리,C,57942529,3.85,0,재직
SNAP0229,EMP072,2022-12-31,기술본부,플랫폼개발팀,대리,A,63875560,3.58,2,재직
SNAP0230,EMP072,2023-12-31,기술본부,플랫폼개발팀,대리,C,65820396,3.58,1,재직
SNAP0231,EMP072,2024-12-31,기술본부,플랫폼개발팀,대리,C,57375766,3.58,0,재직
SNAP0232,EMP073,2022-12-31,기술본부,플랫폼개발팀,사원,D,45399297,3.71,1,재직
SNAP0233,EMP073,2023-12-31,기술본부,플랫폼개발팀,사원,D,44703149,3.71,2,재직
SNAP0234,EMP073,2024-12-31,기술본부,플랫폼개발팀,사원,C,45214153,3.71,1,재직
SNAP0235,EMP074,2022-12-31,기술본부,플랫폼개발팀,차장,S,82388452,3.71,0,재직
SNAP0236,EMP074,2023-12-31,기술본부,플랫폼개발팀,차장,B,87873335,3.71,0,재직
SNAP0237,EMP074,2024-12-31,기술본부,플랫폼개발팀,차장,A,91964663,3.71,0,재직
SNAP0238,EMP075,2022-12-31,기술본부,플랫폼개발팀,대리,S,59685672,3.59,0,재직
SNAP0239,EMP075,2023-12-31,기술본부,플랫폼개발팀,대리,B,59410913,3.59,0,재직
SNAP0240,EMP075,2024-12-31,기술본부,플랫폼개발팀,대리,B,59871313,3.59,0,재직
SNAP0241,EMP076,2022-12-31,기술본부,플랫폼개발팀,대리,A,65131136,3.72,0,재직
SNAP0242,EMP076,2023-12-31,기술본부,플랫폼개발팀,대리,A,56605852,3.72,1,재직
SNAP0243,EMP076,2024-12-31,기술본부,플랫폼개발팀,대리,A,62630840,3.72,0,재직
SNAP0244,EMP077,2023-12-31,기술본부,플랫폼개발팀,사원,S,47302515,3.91,0,재직
SNAP0245,EMP077,2024-12-31,기술본부,플랫폼개발팀,사원,A,40612037,3.91,0,재직
SNAP0246,EMP078,2022-12-31,기술본부,플랫폼개발팀,차장,A,112052323,3.28,1,재직
SNAP0247,EMP078,2023-12-31,기술본부,플랫폼개발팀,차장,B,90782017,3.28,1,재직
SNAP0248,EMP078,2024-12-31,기술본부,플랫폼개발팀,차장,A,94440400,3.28,0,재직
SNAP0249,EMP079,2022-12-31,기술본부,데이터분석팀,차장,B,99137496,3.45,0,재직
SNAP0250,EMP079,2023-12-31,기술본부,데이터분석팀,차장,A,95388638,3.45,0,재직
SNAP0251,EMP079,2024-12-31,기술본부,데이터분석팀,차장,C,91314050,3.45,0,재직
SNAP0252,EMP080,2022-12-31,기술본부,데이터분석팀,차장,A,101942720,3.92,0,재직
SNAP0253,EMP080,2023-12-31,기술본부,데이터분석팀,차장,B,86708397,3.92,0,재직
SNAP0254,EMP080,2024-12-31,기술본부,데이터분석팀,차장,B,83277952,3.92,1,재직
SNAP0255,EMP081,2022-12-31,기술본부,데이터분석팀,차장,B,96762348,4.0,0,재직
SNAP0256,EMP081,2023-12-31,기술본부,데이터분석팀,차장,S,79457639,4.0,0,재직
SNAP0257,EMP081,2024-12-31,기술본부,데이터분석팀,차장,C,86931572,4.0,0,재직
SNAP0258,EMP083,2024-12-31,기술본부,데이터분석팀,사원,B,44538850,3.62,1,재직
SNAP0259,EMP084,2022-12-31,기술본부,데이터분석팀,대리,C,57524467,3.59,0,재직
SNAP0260,EMP084,2023-12-31,기술본부,데이터분석팀,대리,A,63547745,3.59,0,재직
SNAP0261,EMP084,2024-12-31,기술본부,데이터분석팀,대리,D,60419076,3.59,0,재직
SNAP0262,EMP085,2022-12-31,기술본부,데이터분석팀,주임,C,48304586,3.52,0,재직
SNAP0263,EMP085,2023-12-31,기술본부,데이터분석팀,주임,B,45843259,3.52,0,재직
SNAP0264,EMP085,2024-12-31,기술본부,데이터분석팀,주임,A,51284816,3.52,0,재직
SNAP0265,EMP086,2022-12-31,기술본부,데이터분석팀,대리,B,60378410,3.41,1,재직
SNAP0266,EMP086,2023-12-31,기술본부,데이터분석팀,대리,A,59213586,3.41,0,재직
SNAP0267,EMP086,2024-12-31,기술본부,데이터분석팀,대리,A,51084482,3.41,0,재직
SNAP0268,EMP087,2022-12-31,기술본부,데이터분석팀,부장,B,141621232,3.49,0,재직
SNAP0269,EMP087,2023-12-31,기술본부,데이터분석팀,부장,C,133298599,3.49,3,재직
SNAP0270,EMP087,2024-12-31,기술본부,데이터분석팀,부장,C,139070901,3.49,0,재직
SNAP0271,EMP088,2022-12-31,기술본부,데이터분석팀,주임,B,47617160,3.56,0,재직
SNAP0272,EMP088,2023-12-31,기술본부,데이터분석팀,주임,S,49339177,3.56,1,재직
SNAP0273,EMP088,2024-12-31,기술본부,데이터분석팀,주임,B,49660765,3.56,1,재직
SNAP0274,EMP089,2022-12-31,기술본부,데이터분석팀,주임,D,44585181,3.74,0,재직
SNAP0275,EMP089,2023-12-31,기술본부,데이터분석팀,주임,C,42220885,3.74,1,재직
SNAP0276,EMP089,2024-12-31,기술본부,데이터분석팀,주임,B,48988787,3.74,2,재직
SNAP0277,EMP090,2023-12-31,기술본부,데이터분석팀,사원,B,46316791,3.65,2,재직
SNAP0278,EMP090,2024-12-31,기술본부,데이터분석팀,사원,B,42283518,3.65,0,재직
SNAP0279,EMP091,2022-12-31,기술본부,데이터분석팀,차장,C,95141484,3.42,0,재직
SNAP0280,EMP091,2023-12-31,기술본부,데이터분석팀,차장,D,89192106,3.42,1,재직
SNAP0281,EMP091,2024-12-31,기술본부,데이터분석팀,차장,B,91907493,3.42,1,재직
SNAP0282,EMP094,2022-12-31,기술본부,데이터분석팀,차장,B,88343848,3.51,0,재직
SNAP0283,EMP094,2023-12-31,기술본부,데이터분석팀,차장,C,91804177,3.51,0,재직
SNAP0284,EMP094,2024-12-31,기술본부,데이터분석팀,차장,B,93685365,3.51,0,재직
SNAP0285,EMP095,2022-12-31,기술본부,데이터분석팀,사원,C,39062956,3.75,0,재직
SNAP0286,EMP095,2023-12-31,기술본부,데이터분석팀,사원,A,47734017,3.75,0,재직
SNAP0287,EMP095,2024-12-31,기술본부,데이터분석팀,사원,B,44339601,3.75,0,재직
SNAP0288,EMP096,2022-12-31,기술본부,데이터분석팀,주임,A,48787662,3.38,2,재직
SNAP0289,EMP096,2023-12-31,기술본부,데이터분석팀,주임,B,48597434,3.38,0,재직
SNAP0290,EMP096,2024-12-31,기술본부,데이터분석팀,주임,A,51169651,3.38,0,재직
SNAP0291,EMP097,2022-12-31,기술본부,데이터분석팀,사원,A,41588443,3.29,0,재직
SNAP0292,EMP097,2023-12-31,기술본부,데이터분석팀,사원,B,41949236,3.29,0,재직
SNAP0293,EMP097,2024-12-31,기술본부,데이터분석팀,사원,B,44194352,3.29,0,재직
SNAP0294,EMP100,2023-12-31,기술본부,데이터분석팀,사원,B,43782587,3.68,1,재직
SNAP0295,EMP100,2024-12-31,기술본부,데이터분석팀,사원,C,39973909,3.68,0,재직
SNAP0296,EMP101,2022-12-31,기술본부,데이터분석팀,과장,B,76316642,3.94,2,재직
SNAP0297,EMP101,2023-12-31,기술본부,데이터분석팀,과장,B,69584283,3.94,0,재직
SNAP0298,EMP101,2024-12-31,기술본부,데이터분석팀,과장,C,79383479,3.94,0,재직
SNAP0299,EMP102,2022-12-31,기술본부,IT기획팀,주임,B,45288791,3.59,0,재직
SNAP0300,EMP102,2023-12-31,기술본부,IT기획팀,주임,C,55821317,3.59,0,재직
SNAP0301,EMP102,2024-12-31,기술본부,IT기획팀,주임,A,53958082,3.59,0,재직
SNAP0302,EMP103,2022-12-31,기술본부,IT기획팀,대리,B,58422369,3.22,1,재직
SNAP0303,EMP103,2023-12-31,기술본부,IT기획팀,대리,C,57969130,3.22,0,재직
SNAP0304,EMP103,2024-12-31,기술본부,IT기획팀,대리,B,56422262,3.22,0,재직
SNAP0305,EMP104,2023-12-31,기술본부,IT기획팀,사원,C,41199542,3.61,0,재직
SNAP0306,EMP104,2024-12-31,기술본부,IT기획팀,사원,B,43187212,3.61,1,재직
SNAP0307,EMP105,2022-12-31,기술본부,IT기획팀,차장,B,89963306,3.7,0,재직
SNAP0308,EMP105,2023-12-31,기술본부,IT기획팀,차장,B,87638436,3.7,1,재직
SNAP0309,EMP105,2024-12-31,기술본부,IT기획팀,차장,A,97899577,3.7,1,재직
SNAP0310,EMP106,2022-12-31,기술본부,IT기획팀,부장,B,154785808,3.5,0,재직
SNAP0311,EMP106,2023-12-31,기술본부,IT기획팀,부장,C,124428191,3.5,1,재직
SNAP0312,EMP106,2024-12-31,기술본부,IT기획팀,부장,B,146710640,3.5,1,재직
SNAP0313,EMP107,2022-12-31,기술본부,IT기획팀,과장,D,74826714,3.29,0,재직
SNAP0314,EMP107,2023-12-31,기술본부,IT기획팀,과장,B,71681208,3.29,0,재직
SNAP0315,EMP107,2024-12-31,기술본부,IT기획팀,과장,B,68194239,3.29,0,재직
SNAP0316,EMP108,2022-12-31,기술본부,IT기획팀,주임,S,50675624,3.59,1,재직
SNAP0317,EMP108,2023-12-31,기술본부,IT기획팀,주임,C,54312180,3.59,0,재직
SNAP0318,EMP108,2024-12-31,기술본부,IT기획팀,주임,C,48172345,3.59,0,재직
SNAP0319,EMP109,2023-12-31,기술본부,IT기획팀,사원,B,37992145,3.6,0,재직
SNAP0320,EMP109,2024-12-31,기술본부,IT기획팀,사원,S,43763553,3.6,0,재직
SNAP0321,EMP110,2024-12-31,기술본부,IT기획팀,사원,B,40582154,3.19,0,재직
SNAP0322,EMP111,2022-12-31,기술본부,IT기획팀,주임,A,49905886,3.8,2,재직
SNAP0323,EMP111,2023-12-31,기술본부,IT기획팀,주임,B,50104505,3.8,0,재직
SNAP0324,EMP111,2024-12-31,기술본부,IT기획팀,주임,B,41815701,3.8,0,재직
SNAP0325,EMP112,2022-12-31,기술본부,IT기획팀,차장,C,93276190,3.91,1,재직
SNAP0326,EMP112,2023-12-31,기술본부,IT기획팀,차장,D,96571416,3.91,1,재직
SNAP0327,EMP112,2024-12-31,기술본부,IT기획팀,차장,A,84832969,3.91,0,재직
SNAP0328,EMP113,2022-12-31,기술본부,IT기획팀,부장,S,150353888,3.62,1,재직
SNAP0329,EMP113,2023-12-31,기술본부,IT기획팀,부장,B,136795861,3.62,0,재직
SNAP0330,EMP113,2024-12-31,기술본부,IT기획팀,부장,D,161307243,3.62,0,재직
SNAP0331,EMP114,2022-12-31,기술본부,IT기획팀,부장,C,133817958,3.78,0,재직
SNAP0332,EMP114,2023-12-31,기술본부,IT기획팀,부장,B,141733818,3.78,0,재직
SNAP0333,EMP114,2024-12-31,기술본부,IT기획팀,부장,D,126029763,3.78,0,재직
SNAP0334,EMP115,2022-12-31,기술본부,IT기획팀,과장,A,72854598,3.61,0,재직
SNAP0335,EMP115,2023-12-31,기술본부,IT기획팀,과장,B,70208348,3.61,1,재직
SNAP0336,EMP115,2024-12-31,기술본부,IT기획팀,과장,B,86069425,3.61,1,재직
SNAP0337,EMP116,2022-12-31,기술본부,IT기획팀,과장,S,75206085,3.76,0,재직
SNAP0338,EMP116,2023-12-31,기술본부,IT기획팀,과장,B,65561917,3.76,0,재직
SNAP0339,EMP116,2024-12-31,기술본부,IT기획팀,과장,D,81527892,3.76,0,재직
SNAP0340,EMP117,2022-12-31,기술본부,IT기획팀,주임,B,49707581,3.26,0,재직
SNAP0341,EMP117,2023-12-31,기술본부,IT기획팀,주임,B,49454529,3.26,1,재직
SNAP0342,EMP117,2024-12-31,기술본부,IT기획팀,주임,A,49851516,3.26,0,재직
SNAP0343,EMP119,2022-12-31,기술본부,IT기획팀,과장,S,71199815,3.74,1,재직
SNAP0344,EMP119,2023-12-31,기술본부,IT기획팀,과장,B,71953722,3.74,1,재직
SNAP0345,EMP119,2024-12-31,기술본부,IT기획팀,과장,B,82690579,3.74,0,재직
SNAP0346,EMP120,2023-12-31,기술본부,IT기획팀,사원,D,41977297,3.52,1,재직
SNAP0347,EMP120,2024-12-31,기술본부,IT기획팀,사원,A,41239826,3.52,0,재직
SNAP0348,EMP121,2022-12-31,기술본부,UI/UX디자인팀,사원,S,45066667,3.65,1,재직
SNAP0349,EMP121,2023-12-31,기술본부,UI/UX디자인팀,사원,B,45914360,3.65,2,재직
SNAP0350,EMP121,2024-12-31,기술본부,UI/UX디자인팀,사원,C,50860954,3.65,1,재직
SNAP0351,EMP123,2023-12-31,기술본부,UI/UX디자인팀,사원,B,46503805,3.47,0,재직
SNAP0352,EMP123,2024-12-31,기술본부,UI/UX디자인팀,사원,C,44690718,3.47,1,재직
SNAP0353,EMP124,2022-12-31,기술본부,UI/UX디자인팀,차장,B,83885899,3.51,0,재직
SNAP0354,EMP124,2023-12-31,기술본부,UI/UX디자인팀,차장,B,98262144,3.51,2,재직
SNAP0355,EMP124,2024-12-31,기술본부,UI/UX디자인팀,차장,C,96741788,3.51,1,재직
SNAP0356,EMP125,2022-12-31,기술본부,UI/UX디자인팀,대리,A,52067142,3.62,1,재직
SNAP0357,EMP125,2023-12-31,기술본부,UI/UX디자인팀,대리,C,56406998,3.62,0,재직
SNAP0358,EMP125,2024-12-31,기술본부,UI/UX디자인팀,대리,B,50035831,3.62,0,재직
SNAP0359,EMP126,2022-12-31,기술본부,UI/UX디자인팀,대리,D,63604641,3.53,0,재직
SNAP0360,EMP126,2023-12-31,기술본부,UI/UX디자인팀,대리,A,56609935,3.53,0,재직
SNAP0361,EMP126,2024-12-31,기술본부,UI/UX디자인팀,대리,A,48448196,3.53,1,재직
SNAP0362,EMP127,2024-12-31,기술본부,UI/UX디자인팀,사원,B,45651134,3.81,0,재직
SNAP0363,EMP128,2022-12-31,기술본부,UI/UX디자인팀,주임,B,58769274,3.54,0,재직
SNAP0364,EMP128,2023-12-31,기술본부,UI/UX디자인팀,주임,B,48732907,3.54,0,재직
SNAP0365,EMP128,2024-12-31,기술본부,UI/UX디자인팀,주임,D,49681824,3.54,0,재직
SNAP0366,EMP129,2022-12-31,기술본부,UI/UX디자인팀,차장,C,90026139,3.68,1,재직
SNAP0367,EMP129,2023-12-31,기술본부,UI/UX디자인팀,차장,B,93203281,3.68,1,재직
SNAP0368,EMP129,2024-12-31,기술본부,UI/UX디자인팀,차장,A,93078352,3.68,1,재직
SNAP0369,EMP130,2022-12-31,기술본부,UI/UX디자인팀,대리,B,61497251,3.66,1,재직
SNAP0370,EMP130,2023-12-31,기술본부,UI/UX디자인팀,대리,D,60017606,3.66,0,재직
SNAP0371,EMP130,2024-12-31,기술본부,UI/UX디자인팀,대리,C,57928504,3.66,0,재직
SNAP0372,EMP131,2022-12-31,기술본부,UI/UX디자인팀,주임,A,44946551,3.68,0,재직
SNAP0373,EMP131,2023-12-31,기술본부,UI/UX디자인팀,주임,S,51130547,3.68,0,재직
SNAP0374,EMP131,2024-12-31,기술본부,UI/UX디자인팀,주임,B,54135505,3.68,0,재직
SNAP0375,EMP133,2022-12-31,기술본부,UI/UX디자인팀,부장,C,132223545,3.86,0,재직
SNAP0376,EMP133,2023-12-31,기술본부,UI/UX디자인팀,부장,C,163290789,3.86,0,재직
SNAP0377,EMP133,2024-12-31,기술본부,UI/UX디자인팀,부장,B,129737943,3.86,1,재직
SNAP0378,EMP134,2024-12-31,기술본부,UI/UX디자인팀,사원,B,47552683,3.54,1,재직
SNAP0379,EMP135,2023-12-31,기술본부,UI/UX디자인팀,사원,B,44749854,3.74,1,재직
SNAP0380,EMP135,2024-12-31,기술본부,UI/UX디자인팀,사원,A,37633813,3.74,1,재직
SNAP0381,EMP136,2024-12-31,기술본부,QA팀,사원,B,47361847,3.29,1,재직
SNAP0382,EMP137,2022-12-31,기술본부,QA팀,과장,S,62737595,3.51,0,재직
SNAP0383,EMP137,2023-12-31,기술본부,QA팀,과장,S,61088500,3.51,0,재직
SNAP0384,EMP137,2024-12-31,기술본부,QA팀,과장,A,60752361,3.51,0,재직
SNAP0385,EMP138,2022-12-31,기술본부,QA팀,과장,D,63090394,3.6,1,재직
SNAP0386,EMP138,2023-12-31,기술본부,QA팀,과장,S,66484471,3.6,0,재직
SNAP0387,EMP138,2024-12-31,기술본부,QA팀,과장,B,71330526,3.6,0,재직
SNAP0388,EMP139,2022-12-31,기술본부,QA팀,주임,D,51226513,3.88,1,재직
SNAP0389,EMP139,2023-12-31,기술본부,QA팀,주임,C,50389206,3.88,1,재직
SNAP0390,EMP139,2024-12-31,기술본부,QA팀,주임,A,47840923,3.88,0,재직
SNAP0391,EMP140,2024-12-31,기술본부,QA팀,사원,B,38049581,3.81,0,재직
SNAP0392,EMP141,2022-12-31,기술본부,QA팀,대리,A,60033956,3.65,0,재직
SNAP0393,EMP141,2023-12-31,기술본부,QA팀,대리,A,66374558,3.65,0,재직
SNAP0394,EMP141,2024-12-31,기술본부,QA팀,대리,C,63768421,3.65,0,재직
SNAP0395,EMP142,2022-12-31,기술본부,QA팀,과장,B,77473951,3.4,0,재직
SNAP0396,EMP142,2023-12-31,기술본부,QA팀,과장,C,70647961,3.4,1,재직
SNAP0397,EMP142,2024-12-31,기술본부,QA팀,과장,B,78847581,3.4,0,재직
SNAP0398,EMP143,2022-12-31,기술본부,QA팀,대리,B,63536228,3.89,1,재직
SNAP0399,EMP143,2023-12-31,기술본부,QA팀,대리,D,53102795,3.89,1,재직
SNAP0400,EMP143,2024-12-31,기술본부,QA팀,대리,B,61847267,3.89,0,재직
SNAP0401,EMP144,2022-12-31,기술본부,QA팀,주임,D,53528267,3.7,1,재직
SNAP0402,EMP144,2023-12-31,기술본부,QA팀,주임,A,50817363,3.7,2,재직
SNAP0403,EMP144,2024-12-31,기술본부,QA팀,주임,A,50593538,3.7,3,재직
SNAP0404,EMP145,2022-12-31,기술본부,QA팀,대리,C,54531912,3.49,1,재직
SNAP0405,EMP145,2023-12-31,기술본부,QA팀,대리,C,61090560,3.49,0,재직
SNAP0406,EMP145,2024-12-31,기술본부,QA팀,대리,B,51942523,3.49,1,재직
SNAP0407,EMP146,2022-12-31,기술본부,QA팀,대리,A,59100131,3.8,0,재직
SNAP0408,EMP146,2023-12-31,기술본부,QA팀,대리,B,55217082,3.8,1,재직
SNAP0409,EMP146,2024-12-31,기술본부,QA팀,대리,D,58332668,3.8,0,재직
SNAP0410,EMP147,2022-12-31,기술본부,QA팀,주임,C,49587586,3.42,1,재직
SNAP0411,EMP147,2023-12-31,기술본부,QA팀,주임,A,54973087,3.42,0,재직
SNAP0412,EMP147,2024-12-31,기술본부,QA팀,주임,A,47341570,3.42,0,재직
SNAP0413,EMP148,2022-12-31,기술본부,QA팀,과장,A,76175218,3.69,1,재직
SNAP0414,EMP148,2023-12-31,기술본부,QA팀,과장,A,68274922,3.69,1,재직
SNAP0415,EMP148,2024-12-31,기술본부,QA팀,과장,C,65310953,3.69,0,재직
SNAP0416,EMP149,2022-12-31,기술본부,QA팀,과장,B,85651936,3.41,0,재직
SNAP0417,EMP149,2023-12-31,기술본부,QA팀,과장,C,76569665,3.41,0,재직
SNAP0418,EMP149,2024-12-31,기술본부,QA팀,과장,C,75077391,3.41,0,재직
SNAP0419,EMP150,2022-12-31,기술본부,QA팀,대리,B,60546659,3.62,0,재직
SNAP0420,EMP150,2023-12-31,기술본부,QA팀,대리,A,62219706,3.62,0,재직
SNAP0421,EMP150,2024-12-31,기술본부,QA팀,대리,B,54731132,3.62,1,재직
SNAP0422,EMP151,2022-12-31,기술본부,QA팀,과장,A,70561732,3.35,1,재직
SNAP0423,EMP151,2023-12-31,기술본부,QA팀,과장,A,65197561,3.35,2,재직
SNAP0424,EMP151,2024-12-31,기술본부,QA팀,과장,B,71932467,3.35,0,재직
SNAP0425,EMP152,2022-12-31,기술본부,QA팀,과장,A,79364141,3.78,0,재직
SNAP0426,EMP152,2023-12-31,기술본부,QA팀,과장,B,83687956,3.78,2,재직
SNAP0427,EMP152,2024-12-31,기술본부,QA팀,과장,B,71392432,3.78,0,재직
SNAP0428,EMP153,2022-12-31,비즈니스본부,마케팅팀,차장,D,89557159,3.8,0,재직
SNAP0429,EMP153,2023-12-31,비즈니스본부,마케팅팀,차장,B,88384886,3.8,0,재직
SNAP0430,EMP153,2024-12-31,비즈니스본부,마케팅팀,차장,A,81222010,3.8,1,재직
SNAP0431,EMP154,2022-12-31,비즈니스본부,마케팅팀,부장,B,133624829,3.36,0,재직
SNAP0432,EMP154,2023-12-31,비즈니스본부,마케팅팀,부장,B,138368705,3.36,1,재직
SNAP0433,EMP154,2024-12-31,비즈니스본부,마케팅팀,부장,A,133910031,3.36,0,재직
SNAP0434,EMP155,2024-12-31,비즈니스본부,마케팅팀,사원,B,44733840,3.86,0,재직
SNAP0435,EMP156,2022-12-31,비즈니스본부,마케팅팀,차장,C,86547083,3.34,0,재직
SNAP0436,EMP156,2023-12-31,비즈니스본부,마케팅팀,차장,B,94110284,3.34,0,재직
SNAP0437,EMP156,2024-12-31,비즈니스본부,마케팅팀,차장,A,91881914,3.34,0,재직
SNAP0438,EMP157,2022-12-31,비즈니스본부,마케팅팀,과장,A,64483375,3.66,1,재직
SNAP0439,EMP157,2023-12-31,비즈니스본부,마케팅팀,과장,B,71016633,3.66,2,재직
SNAP0440,EMP157,2024-12-31,비즈니스본부,마케팅팀,과장,S,75410945,3.66,1,재직
SNAP0441,EMP158,2022-12-31,비즈니스본부,마케팅팀,사원,B,41414315,3.91,1,재직
SNAP0442,EMP158,2023-12-31,비즈니스본부,마케팅팀,사원,B,50725277,3.91,0,재직
SNAP0443,EMP158,2024-12-31,비즈니스본부,마케팅팀,사원,B,40166224,3.91,0,재직
SNAP0444,EMP159,2022-12-31,비즈니스본부,마케팅팀,과장,B,79715579,3.59,0,재직
SNAP0445,EMP159,2023-12-31,비즈니스본부,마케팅팀,과장,C,75250103,3.59,1,재직
SNAP0446,EMP159,2024-12-31,비즈니스본부,마케팅팀,과장,C,70996056,3.59,0,재직
SNAP0447,EMP160,2022-12-31,비즈니스본부,마케팅팀,부장,B,131939786,3.6,0,재직
SNAP0448,EMP160,2023-12-31,비즈니스본부,마케팅팀,부장,D,141340494,3.6,0,재직
SNAP0449,EMP160,2024-12-31,비즈니스본부,마케팅팀,부장,C,127087444,3.6,0,재직
SNAP0450,EMP161,2022-12-31,비즈니스본부,마케팅팀,과장,B,73533618,3.76,0,재직
SNAP0451,EMP161,2023-12-31,비즈니스본부,마케팅팀,과장,A,63178588,3.76,0,재직
SNAP0452,EMP161,2024-12-31,비즈니스본부,마케팅팀,과장,B,72554170,3.76,1,재직
SNAP0453,EMP162,2022-12-31,비즈니스본부,마케팅팀,차장,B,107997554,3.34,0,재직
SNAP0454,EMP162,2023-12-31,비즈니스본부,마케팅팀,차장,A,103700279,3.34,1,재직
SNAP0455,EMP162,2024-12-31,비즈니스본부,마케팅팀,차장,A,82520641,3.34,0,재직
SNAP0456,EMP163,2022-12-31,비즈니스본부,마케팅팀,차장,B,101626835,4.06,0,재직
SNAP0457,EMP163,2023-12-31,비즈니스본부,마케팅팀,차장,C,88117893,4.06,0,재직
SNAP0458,EMP163,2024-12-31,비즈니스본부,마케팅팀,차장,B,88843694,4.06,0,재직
SNAP0459,EMP164,2022-12-31,비즈니스본부,마케팅팀,사원,B,40826532,3.64,0,재직
SNAP0460,EMP164,2023-12-31,비즈니스본부,마케팅팀,사원,B,44528081,3.64,1,재직
SNAP0461,EMP164,2024-12-31,비즈니스본부,마케팅팀,사원,C,46126455,3.64,0,재직
SNAP0462,EMP166,2022-12-31,비즈니스본부,마케팅팀,주임,B,44282711,3.62,1,재직
SNAP0463,EMP166,2023-12-31,비즈니스본부,마케팅팀,주임,B,50847749,3.62,0,재직
SNAP0464,EMP166,2024-12-31,비즈니스본부,마케팅팀,주임,B,51020184,3.62,0,재직
SNAP0465,EMP167,2022-12-31,비즈니스본부,마케팅팀,사원,C,43222773,3.82,2,재직
SNAP0466,EMP167,2023-12-31,비즈니스본부,마케팅팀,사원,C,51946731,3.82,1,재직
SNAP0467,EMP167,2024-12-31,비즈니스본부,마케팅팀,사원,B,40703702,3.82,0,재직
SNAP0468,EMP168,2022-12-31,비즈니스본부,마케팅팀,차장,A,88060048,3.86,0,재직
SNAP0469,EMP168,2023-12-31,비즈니스본부,마케팅팀,차장,B,82381213,3.86,2,재직
SNAP0470,EMP168,2024-12-31,비즈니스본부,마케팅팀,차장,A,90886747,3.86,0,재직
SNAP0471,EMP169,2022-12-31,비즈니스본부,마케팅팀,차장,B,97299116,3.4,1,재직
SNAP0472,EMP169,2023-12-31,비즈니스본부,마케팅팀,차장,B,90231684,3.4,0,재직
SNAP0473,EMP169,2024-12-31,비즈니스본부,마케팅팀,차장,C,88956276,3.4,0,재직
SNAP0474,EMP170,2022-12-31,비즈니스본부,마케팅팀,차장,A,92261840,3.59,2,재직
SNAP0475,EMP170,2023-12-31,비즈니스본부,마케팅팀,차장,B,106790767,3.59,0,재직
SNAP0476,EMP170,2024-12-31,비즈니스본부,마케팅팀,차장,D,105203198,3.59,0,재직
SNAP0477,EMP171,2022-12-31,비즈니스본부,마케팅팀,과장,B,81368746,3.38,2,재직
SNAP0478,EMP171,2023-12-31,비즈니스본부,마케팅팀,과장,A,70748935,3.38,0,재직
SNAP0479,EMP171,2024-12-31,비즈니스본부,마케팅팀,과장,C,70653864,3.38,0,재직
SNAP0480,EMP172,2022-12-31,비즈니스본부,영업팀,과장,A,79034661,3.52,0,재직
SNAP0481,EMP172,2023-12-31,비즈니스본부,영업팀,과장,A,69045445,3.52,0,재직
SNAP0482,EMP172,2024-12-31,비즈니스본부,영업팀,과장,C,79314543,3.52,0,재직
SNAP0483,EMP173,2022-12-31,비즈니스본부,영업팀,대리,C,56435337,3.24,1,재직
SNAP0484,EMP173,2023-12-31,비즈니스본부,영업팀,대리,C,51157615,3.24,0,재직
SNAP0485,EMP173,2024-12-31,비즈니스본부,영업팀,대리,A,64502554,3.24,0,재직
SNAP0486,EMP174,2022-12-31,비즈니스본부,영업팀,대리,C,57022269,3.39,1,재직
SNAP0487,EMP174,2023-12-31,비즈니스본부,영업팀,대리,C,54734558,3.39,0,재직
SNAP0488,EMP174,2024-12-31,비즈니스본부,영업팀,대리,C,57970217,3.39,0,재직
SNAP0489,EMP175,2022-12-31,비즈니스본부,영업팀,대리,C,58712692,3.68,0,재직
SNAP0490,EMP175,2023-12-31,비즈니스본부,영업팀,대리,B,61792190,3.68,1,재직
SNAP0491,EMP175,2024-12-31,비즈니스본부,영업팀,대리,C,58929211,3.68,0,재직
SNAP0492,EMP176,2022-12-31,비즈니스본부,영업팀,대리,C,70862179,3.85,0,재직
SNAP0493,EMP176,2023-12-31,비즈니스본부,영업팀,대리,A,54515586,3.85,1,재직
SNAP0494,EMP176,2024-12-31,비즈니스본부,영업팀,대리,A,62500426,3.85,0,재직
SNAP0495,EMP177,2024-12-31,비즈니스본부,영업팀,사원,A,41194875,3.8,0,재직
SNAP0496,EMP178,2024-12-31,비즈니스본부,영업팀,사원,S,43289178,3.87,1,재직
SNAP0497,EMP179,2022-12-31,비즈니스본부,영업팀,대리,B,57638834,3.75,0,재직
SNAP0498,EMP179,2023-12-31,비즈니스본부,영업팀,대리,B,65299644,3.75,0,재직
SNAP0499,EMP179,2024-12-31,비즈니스본부,영업팀,대리,C,60050335,3.75,0,재직
SNAP0500,EMP180,2022-12-31,비즈니스본부,영업팀,과장,A,76017367,3.81,0,재직
SNAP0501,EMP180,2023-12-31,비즈니스본부,영업팀,과장,B,74964993,3.81,0,재직
SNAP0502,EMP180,2024-12-31,비즈니스본부,영업팀,과장,D,73558827,3.81,0,재직
SNAP0503,EMP181,2022-12-31,비즈니스본부,영업팀,차장,D,89760613,3.22,0,재직
SNAP0504,EMP181,2023-12-31,비즈니스본부,영업팀,차장,C,86240820,3.22,1,재직
SNAP0505,EMP181,2024-12-31,비즈니스본부,영업팀,차장,B,76190863,3.22,0,재직
SNAP0506,EMP182,2022-12-31,비즈니스본부,영업팀,과장,B,60470392,3.68,0,재직
SNAP0507,EMP182,2023-12-31,비즈니스본부,영업팀,과장,A,67872445,3.68,1,재직
SNAP0508,EMP182,2024-12-31,비즈니스본부,영업팀,과장,C,64592369,3.68,1,재직
SNAP0509,EMP183,2022-12-31,비즈니스본부,영업팀,차장,D,87296679,3.46,0,재직
SNAP0510,EMP183,2023-12-31,비즈니스본부,영업팀,차장,B,82387917,3.46,1,재직
SNAP0511,EMP183,2024-12-31,비즈니스본부,영업팀,차장,D,94868216,3.46,1,재직
SNAP0512,EMP184,2022-12-31,비즈니스본부,영업팀,차장,A,82706213,3.88,0,재직
SNAP0513,EMP184,2023-12-31,비즈니스본부,영업팀,차장,B,79197578,3.88,1,재직
SNAP0514,EMP184,2024-12-31,비즈니스본부,영업팀,차장,A,90075359,3.88,0,재직
SNAP0515,EMP185,2022-12-31,비즈니스본부,영업팀,부장,A,146204432,3.82,0,재직
SNAP0516,EMP185,2023-12-31,비즈니스본부,영업팀,부장,C,134464092,3.82,0,재직
SNAP0517,EMP185,2024-12-31,비즈니스본부,영업팀,부장,A,120776281,3.82,0,재직
SNAP0518,EMP186,2022-12-31,비즈니스본부,영업팀,주임,D,47284405,3.71,0,재직
SNAP0519,EMP186,2023-12-31,비즈니스본부,영업팀,주임,D,53245564,3.71,0,재직
SNAP0520,EMP186,2024-12-31,비즈니스본부,영업팀,주임,B,47472724,3.71,0,재직
SNAP0521,EMP187,2024-12-31,비즈니스본부,영업팀,사원,B,40458372,3.68,0,재직
SNAP0522,EMP188,2024-12-31,비즈니스본부,영업팀,사원,B,40465336,3.35,0,재직
SNAP0523,EMP189,2022-12-31,비즈니스본부,영업팀,차장,D,103167989,3.84,0,재직
SNAP0524,EMP189,2023-12-31,비즈니스본부,영업팀,차장,B,103410817,3.84,0,재직
SNAP0525,EMP189,2024-12-31,비즈니스본부,영업팀,차장,B,86950994,3.84,0,재직
SNAP0526,EMP190,2022-12-31,비즈니스본부,영업팀,대리,S,55512122,3.56,1,재직
SNAP0527,EMP190,2023-12-31,비즈니스본부,영업팀,대리,B,54129630,3.56,1,재직
SNAP0528,EMP190,2024-12-31,비즈니스본부,영업팀,대리,B,58370042,3.56,1,재직
SNAP0529,EMP192,2022-12-31,비즈니스본부,영업팀,과장,B,79693685,3.44,0,재직
SNAP0530,EMP192,2023-12-31,비즈니스본부,영업팀,과장,C,65462698,3.44,1,재직
SNAP0531,EMP192,2024-12-31,비즈니스본부,영업팀,과장,B,68525870,3.44,1,재직
SNAP0532,EMP195,2022-12-31,비즈니스본부,영업팀,차장,B,88855286,3.7,0,재직
SNAP0533,EMP195,2023-12-31,비즈니스본부,영업팀,차장,A,97068542,3.7,1,재직
SNAP0534,EMP195,2024-12-31,비즈니스본부,영업팀,차장,A,95486814,3.7,0,재직
SNAP0535,EMP196,2022-12-31,비즈니스본부,영업팀,사원,B,45985857,3.46,0,재직
SNAP0536,EMP196,2023-12-31,비즈니스본부,영업팀,사원,D,39136843,3.46,1,재직
SNAP0537,EMP196,2024-12-31,비즈니스본부,영업팀,사원,A,37179977,3.46,0,재직
